{"type":"FeatureCollection","name":"waternav-ddm-denmark-coarse-contours","features":[{"type":"Feature","properties":{"depth":1.0,"source":"DDM 2024 coarse contour","resolution":"0.005 degree sampled grid"},"geometry":{"type":"LineString","coordinates":[[7.4,55.199892],[7.41,55.199892],[7.415,55.194891],[7.435,55.19489],[7.44,55.189889],[7.46,55.189886],[7.465,55.184888],[7.485,55.184882],[7.49,55.179886],[7.51,55.17989],[7.515,55.174892],[7.535,55.174894],[7.54,55.169895],[7.565,55.169895],[7.57,55.164896],[7.6,55.164898],[7.605,55.159899],[7.635,55.1599],[7.64,55.154899],[7.675,55.154899],[7.68,55.149898],[7.71,55.149895],[7.715,55.144898],[7.745,55.144901],[7.75,55.139902],[7.78,55.139904],[7.785,55.134905],[7.815,55.134907],[7.82,55.129908],[7.855,55.129909],[7.86,55.124909],[7.89,55.124909],[7.895,55.119909],[7.925,55.119909],[7.93,55.11491],[7.965,55.114911],[7.97,55.109911],[8.0,55.109912],[8.005,55.104912],[8.035,55.104914],[8.04,55.099917],[8.07,55.099917],[8.075,55.094919],[8.11,55.094921],[8.115,55.089923],[8.14,55.089925],[8.145,55.084925],[8.18,55.084928],[8.185,55.079928],[8.215,55.079932],[8.22,55.074932],[8.25,55.074937],[8.255,55.069938],[8.285,55.069976],[8.29,55.064958],[8.355,55.064935],[8.36,55.069977],[8.415,55.06992],[8.42,55.064895],[8.44,55.064866],[8.445,55.059898],[8.465,55.059844],[8.47,55.054909],[8.475,55.054855],[8.479866,55.05],[8.479979,55.04],[8.474969,55.035],[8.474981,55.025],[8.49,55.009946],[8.499608,55.01],[8.494659,55.015],[8.498,55.025],[8.518333,55.045],[8.5,55.052],[8.499872,55.06],[8.495,55.065002],[8.482,55.065],[8.49,55.065278],[8.490008,55.07],[8.46,55.09418],[8.445,55.095],[8.46,55.098333],[8.465003,55.12],[8.470004,55.125],[8.473056,55.17],[8.464,55.175],[8.475,55.177381],[8.475,55.183056],[8.467,55.185],[8.475,55.19],[8.48,55.189444],[8.494,55.205],[8.49,55.21],[8.505,55.210298],[8.51,55.214956],[8.53,55.214972],[8.535,55.21],[8.55,55.209971],[8.559167,55.205],[8.58,55.205714],[8.585,55.21],[8.578333,55.2],[8.595,55.195102],[8.6,55.190181],[8.61,55.199375],[8.617222,55.2],[8.615,55.205],[8.61,55.20125],[8.595,55.204615],[8.575,55.214643],[8.530714,55.22],[8.528125,55.225],[8.535,55.230347],[8.545,55.23],[8.55,55.235],[8.555,55.23],[8.565,55.235],[8.56,55.23625],[8.56,55.240273],[8.57,55.238333],[8.585,55.2425],[8.595,55.25],[8.6025,55.25],[8.59,55.251],[8.58,55.257],[8.5785,55.265],[8.588864,55.27],[8.585,55.273864],[8.575,55.27275],[8.565833,55.265],[8.57,55.26],[8.560735,55.25],[8.545,55.244583],[8.54,55.239821],[8.525,55.238333],[8.523,55.235],[8.51625,55.235],[8.5175,55.24],[8.505,55.25],[8.495,55.2525],[8.475,55.25],[8.47,55.245],[8.466667,55.23],[8.486875,55.22],[8.4675,55.22],[8.46,55.2295],[8.4475,55.235],[8.453214,55.24],[8.455,55.25],[8.47,55.251667],[8.475,55.255],[8.469,55.26],[8.481111,55.275],[8.487188,55.305],[8.497083,55.305],[8.494167,55.295],[8.505,55.28625],[8.53,55.288182],[8.54,55.2925],[8.547222,55.3],[8.545625,55.31],[8.548,55.315],[8.542143,55.32],[8.555,55.3325],[8.595,55.335],[8.59,55.3375],[8.565,55.33625],[8.556786,55.35],[8.559286,55.355],[8.572,55.36],[8.575,55.365],[8.5825,55.365],[8.575,55.365],[8.5725,55.37],[8.58,55.37375],[8.5775,55.38],[8.58,55.384167],[8.585,55.3825],[8.588333,55.385],[8.593333,55.395],[8.59,55.39625],[8.58,55.385714],[8.57,55.395],[8.565278,55.385],[8.56875,55.38],[8.565,55.3755],[8.555,55.3695],[8.5445,55.37],[8.548,55.365],[8.542812,55.355],[8.543462,55.345],[8.537105,55.33],[8.53,55.324333],[8.505,55.318636],[8.485,55.318261],[8.475,55.313824],[8.459545,55.315],[8.455,55.322857],[8.445,55.326875],[8.42,55.322857],[8.416667,55.325],[8.42,55.33125],[8.408571,55.335],[8.423333,55.34],[8.42,55.343333],[8.40875,55.345],[8.42,55.35],[8.40875,55.355],[8.415,55.36],[8.403333,55.37],[8.404062,55.375],[8.394545,55.38],[8.399333,55.385],[8.39,55.3925],[8.385,55.3925],[8.385001,55.4],[8.374545,55.405],[8.375,55.410001],[8.3585,55.42],[8.348958,55.43],[8.325,55.44],[8.325003,55.445],[8.318333,55.45],[8.32,55.452647],[8.355,55.474963],[8.39,55.478571],[8.4,55.474091],[8.405,55.475],[8.410833,55.46],[8.41,55.441667],[8.415,55.435],[8.445,55.442273],[8.4625,55.44],[8.475,55.430345],[8.48,55.435161],[8.4875,55.43],[8.48,55.4345],[8.475909,55.43],[8.48,55.4125],[8.505,55.425357],[8.535,55.42],[8.5375,55.425],[8.528333,55.43],[8.5325,55.445],[8.49,55.449167],[8.485,55.445007],[8.48,55.45],[8.45,55.450022],[8.44,55.460006],[8.435,55.455047],[8.425016,55.465],[8.43,55.470004],[8.42,55.47005],[8.415,55.475049],[8.405,55.475],[8.405,55.4875],[8.402143,55.49],[8.385,55.497222],[8.38,55.495],[8.377222,55.505],[8.371875,55.51],[8.36,55.515004],[8.35,55.525002],[8.345,55.525009],[8.335,55.535009],[8.33,55.535007],[8.29,55.564375],[8.285,55.557727],[8.275,55.559474],[8.24,55.5545],[8.25,55.542778],[8.26,55.54],[8.265,55.542273],[8.274444,55.535],[8.258333,55.525],[8.279,55.515],[8.285,55.514999],[8.292273,55.505],[8.298,55.505],[8.296667,55.51],[8.3,55.513333],[8.305,55.5125],[8.305,55.518],[8.301667,55.52],[8.305,55.525],[8.31,55.525],[8.335,55.505],[8.33,55.5],[8.31,55.494265],[8.31,55.485],[8.304984,55.485],[8.31,55.485],[8.309991,55.48],[8.305,55.475001],[8.285,55.475007],[8.273939,55.485],[8.22,55.510004],[8.215,55.515002],[8.185,55.525008],[8.179167,55.53],[8.162941,55.535],[8.145,55.535015],[8.137222,55.54],[8.125,55.54001],[8.119286,55.545],[8.11,55.545004],[8.1025,55.55],[8.08,55.552],[8.06,55.548125],[8.04,55.530625],[8.03,55.527],[8.0285,55.53],[8.04,55.549995],[8.065,55.558333],[8.095005,55.595],[8.100005,55.61],[8.110007,55.62],[8.115003,55.635],[8.125006,55.645],[8.124545,55.65],[8.160004,55.715],[8.160009,55.725],[8.165,55.730357],[8.16501,55.74],[8.17,55.746458],[8.170018,55.76],[8.174677,55.77],[8.174318,55.785],[8.170016,55.79],[8.17,55.815],[8.165005,55.82],[8.165003,55.83],[8.160014,55.835],[8.155004,55.875],[8.150011,55.88],[8.15,55.91],[8.145016,55.915],[8.145,55.929333],[8.14001,55.935],[8.14,55.948889],[8.135013,55.955],[8.133929,55.965],[8.125012,55.98],[8.125003,55.985],[8.115006,55.995],[8.12,56.0],[8.115,56.000024],[8.11,55.995017],[8.105011,56.0],[8.110001,56.005],[8.105009,56.01],[8.1,56.033667],[8.095016,56.04],[8.095015,56.075],[8.1,56.082],[8.100011,56.105],[8.105,56.113214],[8.105021,56.13],[8.11,56.135851],[8.110015,56.15],[8.114861,56.155],[8.115027,56.175],[8.12,56.180278],[8.120023,56.195],[8.124643,56.2],[8.125016,56.235],[8.13,56.243214],[8.125015,56.25],[8.125,56.282308],[8.120012,56.29],[8.120001,56.32],[8.115016,56.325],[8.120002,56.33],[8.11875,56.345],[8.115011,56.35],[8.118636,56.355],[8.115015,56.36],[8.115001,56.375],[8.115014,56.42],[8.12,56.426667],[8.120003,56.49],[8.115017,56.495],[8.115022,56.52],[8.110029,56.525],[8.115013,56.53],[8.115014,56.545],[8.120007,56.55],[8.120019,56.56],[8.130007,56.575],[8.130013,56.585],[8.145007,56.61],[8.145027,56.62],[8.165002,56.655],[8.165014,56.66],[8.18,56.675147],[8.180016,56.68],[8.21,56.709978],[8.22,56.709972],[8.234954,56.685],[8.219996,56.67],[8.225,56.655],[8.23,56.650104],[8.235278,56.65],[8.235,56.645],[8.223333,56.64],[8.226429,56.63],[8.24375,56.625],[8.236111,56.615],[8.255,56.6],[8.3,56.59999],[8.309993,56.59],[8.305,56.585015],[8.285667,56.585],[8.286111,56.58],[8.299991,56.565],[8.3,56.554992],[8.305013,56.555],[8.300007,56.56],[8.305,56.565],[8.305003,56.57],[8.32,56.579987],[8.405,56.579985],[8.41,56.574996],[8.425,56.574988],[8.43,56.569997],[8.44,56.569992],[8.445,56.564998],[8.455,56.564995],[8.46,56.560968],[8.49,56.554995],[8.502143,56.545],[8.525,56.544989],[8.555,56.564992],[8.560001,56.57],[8.560094,56.58],[8.565,56.584953],[8.569977,56.58],[8.57,56.561042],[8.579978,56.555],[8.579985,56.55],[8.574994,56.545],[8.58,56.544982],[8.59,56.535638],[8.595,56.52625],[8.609,56.52],[8.585,56.500009],[8.575,56.50407],[8.55,56.50001],[8.54,56.485012],[8.53,56.484999],[8.545,56.484985],[8.545002,56.49],[8.555,56.49999],[8.565,56.499983],[8.571842,56.495],[8.59,56.494995],[8.595,56.499988],[8.604808,56.5],[8.61,56.504991],[8.614993,56.5],[8.615326,56.485],[8.625,56.476034],[8.635,56.474988],[8.64,56.470946],[8.67,56.47],[8.68,56.474986],[8.7025,56.475],[8.724429,56.485],[8.729,56.49],[8.736,56.51],[8.730002,56.53],[8.757895,56.555],[8.748824,56.565],[8.74,56.565009],[8.735,56.570004],[8.725,56.570015],[8.72,56.575002],[8.71,56.575019],[8.695003,56.59],[8.69,56.605008],[8.68,56.605023],[8.675002,56.61],[8.675004,56.62],[8.678571,56.625],[8.685,56.629995],[8.69,56.629997],[8.725,56.624999],[8.73,56.629988],[8.755,56.640543],[8.775,56.66],[8.780008,56.675],[8.785,56.679998],[8.797188,56.685],[8.815,56.699979],[8.82,56.699975],[8.83575,56.69],[8.844048,56.69],[8.85,56.695481],[8.865,56.694996],[8.872857,56.705],[8.865,56.710001],[8.86,56.710006],[8.855,56.705023],[8.83,56.705005],[8.825002,56.71],[8.850004,56.74],[8.865,56.75497],[8.870006,56.755],[8.865014,56.76],[8.87,56.764996],[8.88,56.765353],[8.885,56.769957],[8.91,56.775909],[8.93,56.794987],[8.94,56.795],[8.945,56.799992],[8.955,56.800357],[8.96,56.804971],[8.965,56.80499],[8.97,56.800633],[8.99,56.79995],[8.995,56.794994],[9.005,56.794982],[9.01,56.789989],[9.023333,56.79],[9.023864,56.795],[9.02,56.800044],[9.01,56.800005],[9.005,56.795018],[9.0,56.795014],[8.99,56.805004],[8.975,56.810037],[8.965,56.825008],[8.950003,56.835],[8.955,56.839996],[8.98,56.840305],[8.985,56.844977],[9.015,56.845862],[9.02,56.849989],[9.05,56.849995],[9.064989,56.84],[9.059988,56.835],[9.065,56.830238],[9.076053,56.83],[9.075952,56.825],[9.06,56.815038],[9.045,56.820002],[9.04,56.815037],[9.03,56.815003],[9.024991,56.81],[9.025,56.804993],[9.07,56.804979],[9.075,56.800662],[9.085,56.799993],[9.1,56.791406],[9.11,56.789976],[9.114959,56.785],[9.109998,56.78],[9.110333,56.775],[9.130139,56.745],[9.16,56.724994],[9.175189,56.71],[9.16,56.700046],[9.15,56.699602],[9.14,56.690035],[9.135203,56.69],[9.120149,56.675],[9.119987,56.67],[9.115,56.665015],[9.096667,56.665],[9.10027,56.66],[9.1,56.65],[9.104993,56.645],[9.1,56.640022],[9.095,56.645003],[9.09,56.644565],[9.055,56.625],[9.054993,56.62],[9.045882,56.61],[9.045,56.59],[9.0508,56.58],[9.059988,56.575],[9.055,56.568636],[9.06,56.565],[9.060714,56.56],[9.075,56.56],[9.079211,56.57],[9.089444,56.58],[9.085006,56.59],[9.088125,56.6],[9.105,56.610139],[9.115,56.6104],[9.119792,56.615],[9.106364,56.62],[9.128158,56.63],[9.14,56.6515],[9.15,56.659091],[9.15999,56.65],[9.155,56.645],[9.156346,56.63],[9.165,56.625488],[9.195,56.625875],[9.21,56.634981],[9.216296,56.63],[9.275,56.63],[9.280143,56.625],[9.285,56.624983],[9.3,56.609996],[9.30825,56.62],[9.315714,56.655],[9.308437,56.675],[9.285,56.694423],[9.265,56.694048],[9.25,56.68501],[9.230208,56.685],[9.215,56.675019],[9.2,56.675004],[9.185,56.665022],[9.17,56.665013],[9.159474,56.675],[9.158571,56.68],[9.17,56.689962],[9.175,56.689989],[9.185,56.699937],[9.2,56.704999],[9.21,56.714977],[9.224024,56.72],[9.225013,56.725],[9.233393,56.73],[9.2395,56.745],[9.239048,56.75],[9.23,56.76],[9.22,56.760031],[9.215,56.764398],[9.185,56.765],[9.180009,56.77],[9.1846,56.775],[9.185006,56.785],[9.165021,56.81],[9.19,56.825469],[9.199062,56.835],[9.207857,56.855],[9.204091,56.865],[9.195,56.87325],[9.185,56.875006],[9.165,56.887826],[9.170014,56.91],[9.18,56.924988],[9.188269,56.925],[9.195012,56.93],[9.195016,56.935],[9.2,56.939998],[9.207692,56.94],[9.213571,56.945],[9.212812,56.955],[9.208,56.96],[9.215,56.967857],[9.2225,56.97],[9.211667,56.975],[9.195,56.997],[9.173889,57.0],[9.16,57.01],[9.11,57.026],[9.1,57.02],[9.085,57.023],[9.04,57.005002],[9.035,57.005005],[9.03,57.014],[9.02,57.009762],[9.0225,57.015],[9.005,57.0188],[8.984375,57.015],[8.965,57.000008],[8.96,57.000012],[8.955,57.005003],[8.94,57.004322],[8.935,57.000019],[8.925,56.999079],[8.915541,56.985],[8.915,56.978611],[8.9,56.970009],[8.895,56.970008],[8.885002,56.98],[8.883214,56.99],[8.87,56.990008],[8.865,56.99473],[8.855,56.988889],[8.85,56.993235],[8.826607,56.99],[8.8365,56.985],[8.845,56.984986],[8.850714,56.975],[8.845,56.970012],[8.835,56.9695],[8.83,56.965008],[8.81,56.964231],[8.805,56.960016],[8.795417,56.96],[8.775,56.945033],[8.735,56.945041],[8.73,56.950003],[8.725,56.949951],[8.72,56.945045],[8.715,56.950006],[8.67,56.950031],[8.65998,56.94],[8.66,56.93],[8.664989,56.925],[8.66,56.92001],[8.644996,56.915],[8.640283,56.91],[8.640101,56.9],[8.629994,56.89],[8.629988,56.875],[8.624999,56.87],[8.63,56.869976],[8.634938,56.865],[8.625,56.855039],[8.620511,56.855],[8.575,56.815011],[8.535,56.815009],[8.535769,56.805],[8.52,56.805005],[8.515,56.800026],[8.4868,56.795],[8.469999,56.78],[8.5,56.755],[8.490217,56.745],[8.484999,56.73],[8.476111,56.72],[8.505,56.719972],[8.53,56.706053],[8.545,56.70225],[8.545,56.694839],[8.535,56.695007],[8.53,56.698437],[8.515,56.69],[8.515,56.6825],[8.52,56.675],[8.535,56.685577],[8.575,56.6905],[8.58,56.694992],[8.59,56.681667],[8.595577,56.68],[8.59,56.679808],[8.579999,56.67],[8.57999,56.66],[8.572667,56.655],[8.585,56.644996],[8.595,56.640714],[8.599286,56.645],[8.585004,56.655],[8.595,56.664997],[8.62,56.664991],[8.625,56.660937],[8.635,56.659999],[8.64,56.664967],[8.644996,56.66],[8.631167,56.645],[8.639993,56.64],[8.635,56.634667],[8.634999,56.625],[8.63,56.62001],[8.62,56.630003],[8.615,56.630007],[8.61,56.635],[8.6,56.635006],[8.599987,56.62],[8.594997,56.615],[8.594995,56.605],[8.59,56.60001],[8.549444,56.6],[8.530208,56.59],[8.55,56.584985],[8.555152,56.58],[8.55,56.575028],[8.535,56.575015],[8.52,56.585005],[8.515,56.585011],[8.51002,56.59],[8.51,56.6],[8.505,56.600002],[8.500008,56.605],[8.495006,56.62],[8.485,56.630007],[8.47,56.635005],[8.46,56.645003],[8.435,56.655014],[8.4242,56.665],[8.41,56.665013],[8.405,56.670002],[8.385,56.670011],[8.377333,56.675],[8.355,56.675013],[8.350013,56.68],[8.35,56.689459],[8.345,56.690017],[8.325,56.710008],[8.32,56.710017],[8.305008,56.725],[8.305,56.730011],[8.29,56.726667],[8.2875,56.73],[8.29,56.731667],[8.3,56.7325],[8.300002,56.755],[8.2745,56.77],[8.265,56.770008],[8.26,56.775001],[8.254993,56.775],[8.255,56.771316],[8.2625,56.765],[8.259167,56.76],[8.2625,56.755],[8.26,56.75],[8.265714,56.745],[8.26,56.735],[8.262,56.725],[8.251,56.72],[8.255833,56.715],[8.255,56.708333],[8.25,56.712632],[8.249994,56.705],[8.245,56.700004],[8.24,56.70001],[8.230037,56.715],[8.230015,56.72],[8.225,56.720031],[8.220004,56.725],[8.220017,56.75],[8.225,56.755],[8.22502,56.785],[8.230011,56.79],[8.235017,56.805],[8.245002,56.815],[8.255019,56.84],[8.265005,56.85],[8.265021,56.855],[8.285017,56.875],[8.285021,56.88],[8.325,56.920341],[8.32502,56.925],[8.365,56.964981],[8.37,56.960976],[8.385,56.96998],[8.39,56.969999],[8.4,56.979985],[8.404167,56.98],[8.41,56.989975],[8.41463,56.99],[8.445,57.01998],[8.455,57.024995],[8.45502,57.03],[8.475,57.049972],[8.48,57.044994],[8.495,57.044997],[8.51,57.054987],[8.515,57.054989],[8.53,57.069977],[8.535,57.069992],[8.56,57.094977],[8.565,57.094994],[8.570022,57.105],[8.575,57.109979],[8.58001,57.11],[8.580018,57.115],[8.59,57.124999],[8.6,57.124989],[8.605,57.129974],[8.61,57.124998],[8.615,57.129974],[8.62,57.129971],[8.625,57.125364],[8.645,57.124977],[8.65,57.12],[8.675,57.119975],[8.68,57.115273],[8.69,57.114986],[8.695,57.109999],[8.71,57.109984],[8.717143,57.105],[8.735,57.104986],[8.74,57.1],[8.761111,57.1],[8.77,57.104981],[8.8,57.104995],[8.805,57.10998],[8.825,57.109992],[8.83,57.11498],[8.85,57.11499],[8.855,57.119979],[8.87,57.119995],[8.875,57.124979],[8.885,57.124984],[8.89,57.129981],[8.915,57.134998],[8.93,57.144981],[8.94,57.144994],[8.965,57.159983],[9.05,57.159982],[9.055,57.154998],[9.07,57.154981],[9.075,57.149992],[9.09,57.149985],[9.097143,57.145],[9.135,57.144985],[9.14375,57.14],[9.20625,57.14],[9.215,57.144984],[9.273333,57.145],[9.28,57.149985],[9.295,57.149992],[9.3,57.154983],[9.325,57.155882],[9.33,57.159987],[9.37625,57.16],[9.385,57.164986],[9.399412,57.165],[9.415,57.174988],[9.425,57.174997],[9.46,57.194987],[9.468333,57.195],[9.495,57.209988],[9.50425,57.21],[9.51,57.21499],[9.515,57.214996],[9.52,57.219991],[9.535,57.225],[9.545,57.234986],[9.55,57.234996],[9.565,57.249982],[9.569744,57.25],[9.625,57.299998],[9.634667,57.305],[9.71,57.379992],[9.72,57.385],[9.720014,57.39],[9.745,57.415],[9.745006,57.42],[9.759605,57.435],[9.760008,57.44],[9.8,57.484989],[9.805,57.48499],[9.81,57.489983],[9.815,57.489987],[9.82,57.494994],[9.825,57.494991],[9.83,57.499983],[9.854048,57.51],[9.875,57.529987],[9.88,57.530294],[9.94,57.589989],[9.945,57.589999],[9.96,57.599954],[9.965,57.594972],[9.99,57.599986],[9.995,57.594994],[10.005,57.591875],[10.025,57.590909],[10.03,57.594986],[10.08,57.594985],[10.085,57.591216],[10.09,57.594985],[10.115,57.594985],[10.12,57.590741],[10.13,57.594987],[10.167,57.595],[10.175,57.599987],[10.19,57.600488],[10.195,57.604987],[10.21,57.605532],[10.215,57.609987],[10.23,57.61],[10.24,57.614986],[10.255,57.615441],[10.26,57.619982],[10.27,57.619994],[10.275,57.624987],[10.285,57.624999],[10.29,57.629981],[10.3,57.629996],[10.305,57.634978],[10.315,57.634996],[10.32,57.639986],[10.329423,57.64],[10.375,57.664985],[10.38,57.664993],[10.385,57.669982],[10.39,57.669989],[10.395,57.674986],[10.4,57.674987],[10.405,57.679989],[10.414844,57.68],[10.425,57.689982],[10.435,57.690185],[10.47,57.709982],[10.479783,57.71],[10.535,57.739977],[10.545,57.739995],[10.55,57.744977],[10.563889,57.745],[10.57,57.749986],[10.585,57.750213],[10.59,57.754989],[10.635,57.754977],[10.65,57.745],[10.645,57.740017],[10.61,57.725005],[10.609961,57.72],[10.595,57.710042],[10.565,57.710004],[10.56,57.705017],[10.545,57.699884],[10.535,57.690015],[10.53,57.690004],[10.505,57.670014],[10.5,57.670001],[10.440185,57.615],[10.43499,57.6],[10.429998,57.595],[10.43,57.568333],[10.446739,57.54],[10.461071,57.525],[10.465,57.524995],[10.495,57.5002],[10.505,57.495968],[10.51,57.4865],[10.535294,57.47],[10.55,57.4525],[10.555,57.454991],[10.569985,57.445],[10.56,57.430064],[10.555,57.435022],[10.55,57.435041],[10.54,57.425025],[10.535,57.430002],[10.529998,57.43],[10.529998,57.415],[10.525714,57.41],[10.524999,57.4],[10.52,57.394615],[10.516429,57.38],[10.52,57.375],[10.52,57.355],[10.524996,57.35],[10.525,57.34],[10.53,57.339999],[10.534991,57.335],[10.531154,57.325],[10.535,57.308],[10.549997,57.27],[10.551111,57.22],[10.545,57.214615],[10.495,57.199298],[10.475,57.188235],[10.455,57.174423],[10.43,57.149302],[10.429982,57.145],[10.42375,57.14],[10.396944,57.09],[10.390208,57.07],[10.375,57.045],[10.374994,57.04],[10.347812,57.0],[10.346333,56.98],[10.35,56.975],[10.345,56.976667],[10.3355,56.965],[10.33,56.965],[10.323,56.96],[10.325,56.943333],[10.32,56.951923],[10.313889,56.945],[10.3175,56.94],[10.3,56.938548],[10.29,56.942778],[10.277667,56.935],[10.286471,56.93],[10.280313,56.925],[10.2825,56.92],[10.277222,56.915],[10.271094,56.895],[10.276176,56.88],[10.275,56.82625],[10.27875,56.81],[10.28499,56.805],[10.281724,56.795],[10.295,56.779375],[10.302857,56.76],[10.319,56.75],[10.319,56.745],[10.335833,56.74],[10.3325,56.735],[10.335,56.733182],[10.345,56.731],[10.355,56.719167],[10.365556,56.715],[10.3675,56.705],[10.362,56.7],[10.365,56.695],[10.375,56.695],[10.375,56.69],[10.37,56.686667],[10.365,56.69],[10.363333,56.685],[10.375909,56.67],[10.368214,56.66],[10.375,56.656667],[10.375,56.65],[10.380556,56.64],[10.364444,56.63],[10.352692,56.615],[10.352917,56.61],[10.357059,56.575],[10.385,56.551304],[10.405,56.541125],[10.415,56.539992],[10.435,56.526333],[10.47,56.524986],[10.475,56.520667],[10.49,56.519989],[10.5,56.515],[10.555,56.515429],[10.565,56.519986],[10.6,56.520761],[10.605,56.524983],[10.625,56.526212],[10.65,56.535],[10.705,56.534997],[10.71,56.539977],[10.717273,56.535],[10.74,56.535581],[10.775,56.5445],[10.8,56.539996],[10.806154,56.535],[10.835,56.534985],[10.85,56.524997],[10.855,56.524986],[10.869992,56.51],[10.869995,56.5],[10.874976,56.495],[10.875,56.489982],[10.9,56.484971],[10.910761,56.475],[10.925,56.474969],[10.94,56.460424],[10.95,56.459983],[10.954992,56.455],[10.959973,56.44],[10.955,56.435015],[10.940769,56.435],[10.929999,56.425],[10.934976,56.42],[10.929968,56.415],[10.929988,56.41],[10.925,56.40371],[10.924993,56.395],[10.916,56.38],[10.915,56.344419],[10.86,56.295012],[10.85,56.295012],[10.845,56.290034],[10.84,56.290017],[10.805,56.250033],[10.8,56.250007],[10.79,56.240032],[10.77,56.240016],[10.765,56.235014],[10.75,56.230002],[10.740789,56.22],[10.735,56.200833],[10.739987,56.19],[10.739986,56.175],[10.725612,56.155],[10.724991,56.15],[10.715,56.140016],[10.685,56.140009],[10.675,56.151923],[10.67,56.150008],[10.66,56.159342],[10.645,56.165017],[10.63,56.1825],[10.62,56.189038],[10.62,56.193125],[10.625,56.195385],[10.645,56.195222],[10.66,56.185641],[10.665,56.19],[10.674655,56.2],[10.674559,56.21],[10.665,56.219909],[10.66,56.220018],[10.655,56.225001],[10.6,56.225],[10.595,56.220021],[10.59,56.220008],[10.575,56.200021],[10.560469,56.195],[10.555,56.185022],[10.55,56.185009],[10.545,56.180012],[10.535523,56.17],[10.534992,56.165],[10.554995,56.145],[10.554997,56.135],[10.559999,56.13],[10.55999,56.115],[10.545,56.100021],[10.53,56.100001],[10.525,56.095014],[10.51,56.095092],[10.505042,56.1],[10.505001,56.105],[10.480011,56.135],[10.480001,56.14],[10.49,56.149925],[10.505,56.149945],[10.51,56.145265],[10.515,56.149966],[10.519929,56.15],[10.520015,56.155],[10.525003,56.16],[10.525,56.170012],[10.510638,56.17],[10.51,56.16487],[10.5,56.164676],[10.485,56.170009],[10.48,56.175001],[10.47,56.175044],[10.465,56.179773],[10.445,56.180015],[10.43,56.165017],[10.425,56.165008],[10.42,56.160016],[10.385,56.160022],[10.375005,56.17],[10.37,56.184712],[10.345,56.193125],[10.348421,56.21],[10.365,56.205978],[10.38,56.2105],[10.394342,56.21],[10.41,56.220946],[10.435,56.224957],[10.44,56.220536],[10.445,56.225],[10.443214,56.22],[10.430202,56.21],[10.435,56.204995],[10.45,56.204972],[10.455,56.20037],[10.462727,56.2],[10.465,56.205484],[10.475,56.206458],[10.475,56.214048],[10.46962,56.225],[10.445,56.225],[10.445017,56.23],[10.465,56.244992],[10.48,56.251071],[10.480008,56.26],[10.485,56.264988],[10.495,56.265769],[10.499857,56.275],[10.48,56.279038],[10.471286,56.27],[10.475,56.264355],[10.45001,56.285],[10.45,56.290009],[10.44,56.290028],[10.435,56.294512],[10.43,56.294932],[10.425,56.290042],[10.39,56.29],[10.384999,56.285],[10.389996,56.28],[10.38,56.270015],[10.36,56.269468],[10.35,56.260011],[10.34629,56.26],[10.354977,56.25],[10.35,56.245038],[10.345,56.245004],[10.335,56.230028],[10.305,56.223448],[10.275,56.195015],[10.260426,56.195],[10.245,56.185026],[10.240351,56.185],[10.225,56.17],[10.23,56.16997],[10.234954,56.165],[10.235,56.154954],[10.24,56.15494],[10.245,56.159933],[10.254953,56.15],[10.24,56.140047],[10.23,56.14003],[10.225,56.135053],[10.211143,56.135],[10.22,56.124999],[10.225,56.124975],[10.22999,56.12],[10.23,56.114993],[10.235,56.114986],[10.239983,56.11],[10.239994,56.105],[10.249987,56.095],[10.250976,56.085],[10.259987,56.07],[10.259996,56.06],[10.274996,56.045],[10.27,56.026667],[10.28,56.024996],[10.284999,56.02],[10.27,56.010009],[10.26,55.995021],[10.255426,55.995],[10.255614,55.975],[10.269994,55.96],[10.265,55.953056],[10.264989,55.945],[10.26,55.933929],[10.26,55.914643],[10.255,55.908889],[10.245,55.907353],[10.236667,55.9],[10.235952,55.895],[10.2458,55.89],[10.2475,55.88],[10.235,55.875006],[10.225,55.8834],[10.21,55.883636],[10.2,55.875],[10.208462,55.86],[10.209999,55.85],[10.2025,55.845],[10.206176,55.84],[10.195,55.835002],[10.185,55.83501],[10.176364,55.84],[10.165,55.840009],[10.145,55.853333],[10.135,55.853929],[10.13,55.852857],[10.125,55.845003],[10.115,55.845011],[10.1,55.854444],[10.09,55.852667],[10.08,55.845012],[10.059375,55.845],[10.045,55.840001],[10.04,55.840005],[10.034219,55.845],[10.0315,55.85],[10.04,55.86],[10.0344,55.865],[10.04,55.86],[10.06,55.874988],[10.065,55.871429],[10.095,55.873125],[10.1,55.87],[10.105,55.873636],[10.115,55.867857],[10.117727,55.87],[10.11,55.87],[10.11,55.87625],[10.095,55.876667],[10.092,55.88],[10.025,55.873676],[9.995,55.860006],[9.98,55.865],[9.979844,55.87],[9.975,55.874559],[9.970571,55.87],[9.97375,55.865],[9.971346,55.86],[9.965,55.855027],[9.95,55.855028],[9.945,55.859297],[9.93,55.860006],[9.915,55.855024],[9.9,55.863929],[9.895,55.860004],[9.88,55.859861],[9.88,55.851111],[9.89,55.845],[9.91,55.844974],[9.915,55.839999],[9.935,55.839972],[9.94,55.835672],[9.97,55.834971],[9.975,55.830652],[10.005,55.82998],[10.013542,55.835],[10.015,55.84],[10.01,55.845],[9.999205,55.845],[10.02,55.84375],[10.02375,55.84],[10.025,55.83],[10.035,55.8268],[10.045,55.829975],[10.055273,55.82],[10.056522,55.815],[10.065865,55.81],[10.045,55.790015],[10.02,55.780001],[10.019989,55.765],[10.025,55.759998],[10.05,55.759971],[10.055,55.755556],[10.075,55.754992],[10.08119,55.75],[10.080556,55.745],[10.055,55.745012],[10.035,55.730023],[10.005,55.730008],[9.999992,55.725],[9.999999,55.72],[10.015,55.719959],[10.024993,55.71],[10.024996,55.705],[10.029998,55.7],[10.025,55.695023],[10.018333,55.7],[10.0005,55.7],[9.995,55.695018],[9.96,55.695002],[9.955,55.690034],[9.905,55.690003],[9.9,55.685031],[9.875,55.685002],[9.87,55.680044],[9.86,55.680004],[9.845,55.670052],[9.83,55.669932],[9.825,55.665067],[9.82,55.665067],[9.81,55.675025],[9.795,55.675039],[9.79,55.680003],[9.745,55.679946],[9.73,55.690018],[9.725,55.690031],[9.714792,55.7],[9.7,55.700033],[9.695,55.705018],[9.685,55.705034],[9.68,55.710024],[9.655,55.710003],[9.65,55.705029],[9.585,55.705],[9.58,55.700011],[9.57,55.705],[9.565769,55.7],[9.571364,55.695],[9.67,55.69537],[9.68,55.689982],[9.7,55.669989],[9.715,55.66994],[9.72,55.665],[9.73,55.664947],[9.737692,55.66],[9.744987,55.65],[9.75,55.63],[9.755,55.625882],[9.785,55.625357],[9.79,55.629965],[9.84,55.629971],[9.845,55.625533],[9.85,55.629958],[9.855,55.629949],[9.859998,55.625],[9.85,55.615008],[9.845,55.615004],[9.84,55.610016],[9.8308,55.61],[9.82,55.600032],[9.795,55.595],[9.794992,55.585],[9.785,55.575028],[9.78,55.575015],[9.765,55.555149],[9.755,55.55518],[9.75,55.560039],[9.745,55.555103],[9.735,55.555059],[9.729997,55.55],[9.730169,55.545],[9.73496,55.54],[9.734994,55.535],[9.74486,55.525],[9.744933,55.52],[9.74,55.515046],[9.715,55.515134],[9.71,55.520109],[9.7,55.520174],[9.695,55.525026],[9.67,55.525049],[9.64,55.505066],[9.635,55.510006],[9.62,55.510049],[9.601538,55.51],[9.595,55.505014],[9.59,55.512727],[9.585,55.512308],[9.585385,55.505],[9.589987,55.5],[9.585,55.495024],[9.52,55.495008],[9.515,55.498077],[9.501667,55.495],[9.515,55.486667],[9.52,55.489995],[9.54,55.489998],[9.545,55.494971],[9.57,55.494973],[9.575,55.489974],[9.593889,55.49],[9.6,55.499974],[9.625,55.499993],[9.63,55.495341],[9.64,55.49497],[9.655,55.484957],[9.66,55.48474],[9.670085,55.475],[9.685,55.469814],[9.695574,55.46],[9.686579,55.45],[9.67,55.442955],[9.66,55.435],[9.65,55.434143],[9.64,55.429063],[9.63,55.429437],[9.625,55.425031],[9.62,55.429683],[9.615,55.429375],[9.61,55.425025],[9.601053,55.425],[9.595556,55.42],[9.59625,55.415],[9.627857,55.385],[9.62619,55.375],[9.62,55.374273],[9.600556,55.36],[9.625,55.359981],[9.650312,55.345],[9.653636,55.34],[9.65,55.339167],[9.65,55.330652],[9.655238,55.33],[9.64625,55.32],[9.675,55.290761],[9.682222,55.29],[9.680682,55.285],[9.67,55.283542],[9.666458,55.28],[9.71,55.264995],[9.719954,55.255],[9.719999,55.25],[9.714998,55.235],[9.71,55.230011],[9.694999,55.225],[9.695714,55.205],[9.699995,55.2],[9.69,55.19002],[9.675,55.189767],[9.67,55.185017],[9.6614,55.185],[9.645,55.175004],[9.635,55.17475],[9.63,55.170088],[9.620018,55.18],[9.62,55.190011],[9.580125,55.19],[9.56,55.175011],[9.55,55.175004],[9.525,55.16002],[9.51,55.159622],[9.505,55.155036],[9.5,55.155023],[9.504991,55.15],[9.504998,55.14],[9.520278,55.13],[9.515,55.125019],[9.495,55.125088],[9.49,55.129971],[9.485,55.125079],[9.48,55.130015],[9.475,55.130016],[9.47,55.125045],[9.465213,55.125],[9.47,55.119997],[9.5,55.119925],[9.505,55.114965],[9.515,55.11492],[9.52,55.109978],[9.525,55.109972],[9.54,55.094986],[9.55,55.094959],[9.554991,55.09],[9.554993,55.08],[9.54,55.065044],[9.535,55.064931],[9.525,55.055054],[9.520217,55.055],[9.505,55.045023],[9.465,55.045042],[9.46,55.040036],[9.43,55.040034],[9.424997,55.035],[9.429994,55.025],[9.435,55.025179],[9.44,55.029942],[9.45,55.019994],[9.51,55.019997],[9.52,55.029894],[9.534871,55.03],[9.54,55.034897],[9.57,55.034988],[9.577647,55.045],[9.595,55.044913],[9.609983,55.035],[9.610378,55.03],[9.62,55.019989],[9.625,55.019945],[9.64,55.010344],[9.65,55.009954],[9.655,55.005086],[9.68,54.999934],[9.690968,54.99],[9.71,54.990327],[9.715,54.994928],[9.72,54.99026],[9.735,54.989986],[9.74,54.98625],[9.741163,54.975],[9.745,54.974984],[9.754942,54.965],[9.750409,54.96],[9.754947,54.955],[9.754998,54.945],[9.759946,54.94],[9.756786,54.93],[9.76495,54.925],[9.765,54.919941],[9.765053,54.93],[9.760058,54.935],[9.760008,54.95],[9.755053,54.955],[9.759951,54.96],[9.755058,54.965],[9.754038,54.98],[9.76,54.984958],[9.77049,54.975],[9.785,54.974957],[9.795,54.96999],[9.82,54.945694],[9.825,54.944996],[9.835,54.9358],[9.84,54.939994],[9.855,54.939997],[9.845,54.94001],[9.832,54.95],[9.835,54.969818],[9.83,54.970833],[9.828958,54.975],[9.82,54.975014],[9.815,54.979429],[9.785,54.980048],[9.780007,54.985],[9.77501,55.0],[9.78,55.004947],[9.79,55.004972],[9.79,55.010016],[9.76,55.010001],[9.755,55.005072],[9.695,55.005088],[9.68955,55.01],[9.68,55.010085],[9.675,55.015014],[9.67,55.015058],[9.65503,55.025],[9.67,55.034948],[9.686,55.035],[9.645,55.035093],[9.635056,55.045],[9.635027,55.05],[9.64,55.054988],[9.65,55.055033],[9.66,55.06499],[9.675,55.069999],[9.68,55.074976],[9.69,55.074997],[9.695,55.079981],[9.725,55.081042],[9.73,55.084979],[9.755,55.088077],[9.77,55.084991],[9.775,55.08045],[9.8,55.071351],[9.815,55.069977],[9.83,55.055303],[9.84,55.054979],[9.845,55.049994],[9.85,55.049997],[9.885,55.025349],[9.895,55.024971],[9.900417,55.02],[9.94,55.019983],[9.945,55.01575],[9.955,55.014997],[9.965,55.009997],[9.98,54.995294],[9.985,54.999949],[9.989979,54.995],[9.99,54.990116],[9.995,54.989989],[10.004985,54.98],[10.010333,54.97],[10.044991,54.935],[10.045789,54.92],[10.050392,54.91],[10.06,54.899997],[10.065,54.899985],[10.069989,54.895],[10.070273,54.885],[10.074984,54.88],[10.065,54.870017],[10.045,54.870013],[10.035,54.874643],[10.03,54.870023],[10.015,54.870001],[10.005,54.860017],[9.995,54.859138],[9.99,54.850014],[9.935,54.85],[9.93,54.855001],[9.92,54.855033],[9.915,54.860008],[9.905,54.860025],[9.9,54.864167],[9.895,54.860016],[9.89,54.865],[9.875,54.870057],[9.865022,54.88],[9.885,54.894907],[9.9,54.89994],[9.92,54.885203],[9.93,54.884977],[9.936111,54.88],[9.95,54.879968],[9.954983,54.875],[9.955,54.870526],[9.97,54.869991],[9.984,54.86],[9.9875,54.86],[9.989318,54.87],[9.964531,54.885],[9.94,54.89006],[9.935,54.895026],[9.925,54.895068],[9.91,54.905008],[9.88544,54.905],[9.88,54.895107],[9.875,54.899811],[9.87,54.899844],[9.865,54.89507],[9.855,54.894842],[9.85,54.890042],[9.84,54.890003],[9.835,54.885103],[9.83,54.885126],[9.825,54.890007],[9.805,54.890095],[9.8,54.895006],[9.795,54.895011],[9.78502,54.905],[9.785,54.910069],[9.78498,54.905],[9.78,54.900013],[9.77,54.900004],[9.765,54.895045],[9.745,54.895109],[9.738571,54.9],[9.705,54.900003],[9.705,54.890714],[9.73,54.889923],[9.735,54.885068],[9.74,54.884989],[9.744989,54.88],[9.744991,54.87],[9.75,54.86508],[9.755263,54.865],[9.764982,54.85],[9.76,54.845023],[9.755,54.845001],[9.754985,54.84],[9.75,54.835048],[9.725,54.835017],[9.72,54.840037],[9.71,54.840069],[9.705006,54.845],[9.705,54.850014],[9.695,54.850031],[9.69,54.855006],[9.645,54.85501],[9.635003,54.865],[9.645,54.874978],[9.65,54.875],[9.649605,54.88],[9.645,54.880017],[9.637273,54.89],[9.63,54.890015],[9.615,54.900025],[9.6,54.900032],[9.595,54.905005],[9.585,54.90501],[9.585,54.9],[9.577857,54.9],[9.579998,54.89],[9.575,54.884987],[9.58,54.884945],[9.585,54.889998],[9.6,54.889979],[9.605,54.884947],[9.625,54.884962],[9.629931,54.88],[9.605,54.854924],[9.625,54.854942],[9.63,54.849931],[9.645,54.849968],[9.65,54.844919],[9.665,54.844881],[9.67,54.839921],[9.685,54.839913],[9.69,54.834907],[9.71,54.834914],[9.715,54.829903],[9.73,54.829942],[9.735,54.82488],[9.75,54.824894],[9.755,54.829893],[9.79,54.829893],[9.795,54.834889],[9.83,54.83486],[9.835,54.839876],[9.875,54.83986],[9.88,54.844862],[9.895,54.844862],[9.94,54.819874],[9.945,54.819876],[9.95,54.814871],[9.955,54.814874],[9.96,54.809865],[9.97,54.809877],[9.975,54.804875],[9.98,54.804898],[9.985,54.799877],[9.99,54.799892],[9.995,54.794879],[10.02,54.784886],[10.045,54.769866],[10.07,54.769933],[10.075,54.764876],[10.185,54.764885],[10.19,54.759888],[10.215,54.759888],[10.225,54.749879],[10.23,54.749885],[10.26,54.719889],[10.265,54.719894],[10.335,54.649903],[10.34,54.649903],[10.36,54.629906],[10.365,54.629906],[10.375,54.61991],[10.39,54.619911],[10.395,54.614912],[10.41,54.614916],[10.415,54.609913],[10.425,54.60991],[10.43,54.60491],[10.445,54.604917],[10.45,54.599918],[10.465,54.599914],[10.47,54.594914],[10.48,54.594913],[10.485,54.589913],[10.5,54.589918],[10.505,54.584918],[10.515,54.584917],[10.52,54.579917],[10.535,54.579917],[10.54,54.57492],[10.55,54.57492],[10.555,54.56992],[10.565,54.569919],[10.57,54.564918],[10.595,54.559923],[10.6,54.55492],[10.62,54.554915],[10.625,54.549914],[10.65,54.549909],[10.655,54.54491],[10.685,54.544897],[10.69,54.549897],[10.735,54.549895],[10.74,54.554893],[10.745,54.554893],[10.75,54.559891],[10.755,54.559891],[10.76,54.564889],[10.765,54.564889],[10.77,54.569888],[10.805,54.584899],[10.81,54.589901],[10.815,54.589902],[10.82,54.594904],[10.825,54.594904],[10.83,54.599907],[10.845,54.604903],[10.855,54.6149],[10.89,54.629886],[10.9,54.639897],[10.985,54.639908],[10.99,54.644912],[11.02,54.644916],[11.025,54.639913],[11.085,54.6399],[11.09,54.634893],[11.11,54.634891],[11.115,54.629888],[11.135,54.629888],[11.14,54.624885],[11.16,54.624885],[11.165,54.619882],[11.18,54.619885],[11.185,54.614881],[11.2,54.61488],[11.205,54.609878],[11.215,54.609877],[11.23,54.59987],[11.235,54.599871],[11.24,54.59487],[11.25,54.594873],[11.265,54.584869],[11.28,54.584871],[11.285,54.579868],[11.295,54.57987],[11.3,54.574869],[11.315,54.574873],[11.32,54.56987],[11.335,54.564869],[11.345,54.554868],[11.36,54.549866],[11.37,54.539863],[11.395,54.529863],[11.405,54.519868],[11.42,54.514869],[11.43,54.504869],[11.435,54.504869],[11.48,54.479876],[11.485,54.479877],[11.49,54.474877],[11.5,54.474878],[11.545,54.449881],[11.56,54.444882],[11.57,54.434882],[11.585,54.429883],[11.61,54.409883],[11.615,54.409885],[11.625,54.399883],[11.63,54.399884],[11.64,54.389884],[11.645,54.389884],[11.665,54.369883],[11.67,54.369883],[11.675,54.364883],[11.715,54.364885],[11.72,54.369885],[11.725,54.364885],[11.735,54.364885],[11.74,54.369887],[11.755,54.369889],[11.76,54.364887],[11.765,54.36989],[11.95,54.369919],[11.955,54.37492],[11.97,54.374921],[11.975,54.379922],[11.99,54.379921],[11.995,54.384922],[12.01,54.384916],[12.015,54.389916],[12.025,54.389914],[12.03,54.394915],[12.05,54.394911],[12.055,54.399911],[12.065,54.399909],[12.07,54.40491],[12.085,54.404906],[12.09,54.409911],[12.105,54.409902],[12.11,54.414903],[12.115,54.414901],[12.14,54.439911],[12.145,54.439909],[12.17,54.464945],[12.175,54.464941],[12.2,54.489908],[12.205,54.489905],[12.23,54.514905],[12.235,54.514906],[12.26,54.539887],[12.265,54.539879],[12.295,54.569889],[12.3,54.56989],[12.325,54.594906],[12.33,54.594908],[12.385,54.644918],[12.39,54.644918],[12.41,54.664917],[12.415,54.664917],[12.44,54.689916],[12.45,54.689916],[12.455,54.694916],[12.47,54.694916],[12.475,54.699915],[12.49,54.699916],[12.495,54.704916],[12.51,54.704917],[12.515,54.709917],[12.53,54.709918],[12.535,54.714918],[12.55,54.714919],[12.555,54.719919],[12.57,54.719919],[12.575,54.724919],[12.59,54.724918],[12.595,54.729917],[12.61,54.729915],[12.615,54.734914],[12.63,54.734912],[12.635,54.739915],[12.65,54.739914],[12.655,54.744919],[12.67,54.744918],[12.675,54.749919],[12.69,54.749918],[12.695,54.754917],[12.71,54.754916],[12.715,54.759916],[12.73,54.759916],[12.735,54.764916],[12.75,54.764914],[12.755,54.769914],[12.765,54.769913],[12.78,54.779913],[12.79,54.779913],[12.805,54.789912],[12.815,54.789911],[12.82,54.79491],[12.83,54.794909],[12.845,54.804907],[12.87,54.809904],[12.885,54.819901],[12.91,54.824899],[12.915,54.829897],[12.93,54.834892],[12.94,54.844886],[12.945,54.844885],[12.96,54.859867],[12.965,54.859864],[12.99,54.88482],[12.995,54.884818],[13.045,54.929806],[13.05,54.929806],[13.075,54.954806],[13.08,54.954805],[13.1,54.974841],[13.105,54.974842],[13.125,54.99488],[13.13,54.994879],[13.140108,55.005],[13.140107,55.01],[13.135,55.015107],[13.12,55.020097],[13.11,55.030094],[13.095,55.035088],[13.085,55.045084],[13.07,55.050087],[13.06,55.060085],[13.055,55.060088],[13.05,55.065086],[13.04,55.065088],[13.025,55.075088],[13.015,55.075087],[13.0,55.085112],[12.99,55.085109],[12.975,55.095128],[12.965,55.095129],[12.95,55.105156],[12.925,55.110154],[12.91,55.120162],[12.9,55.120161],[12.885,55.130164],[12.875,55.130164],[12.86,55.14016],[12.85,55.14016],[12.835,55.150157],[12.825,55.150157],[12.81,55.160154],[12.8,55.160154],[12.795,55.165153],[12.79,55.165153],[12.78,55.175152],[12.775,55.175151],[12.765,55.185147],[12.76,55.185147],[12.745,55.200141],[12.74,55.200142],[12.73,55.210133],[12.725,55.210133],[12.71,55.22511],[12.705,55.225115],[12.695,55.235102],[12.69,55.235111],[12.6651,55.26],[12.665098,55.265],[12.655096,55.275],[12.655097,55.28],[12.635092,55.305],[12.635078,55.35],[12.630078,55.355],[12.630074,55.365],[12.625074,55.37],[12.625071,55.38],[12.620072,55.385],[12.615069,55.41],[12.610067,55.415],[12.610062,55.425],[12.605065,55.43],[12.62,55.439941],[12.625,55.439941],[12.635,55.449946],[12.67,55.464949],[12.68,55.474946],[12.705,55.484945],[12.715052,55.495],[12.715051,55.51],[12.720052,55.515],[12.720049,55.53],[12.73,55.544957],[12.735,55.544953],[12.76,55.559968],[12.775,55.564957],[12.8,55.579981],[12.81,55.579954],[12.825,55.589978],[12.83,55.589967],[12.865,55.609967],[12.88,55.614963],[12.88004,55.62],[12.885043,55.625],[12.885026,55.635],[12.89003,55.64],[12.890041,55.645],[12.87005,55.665],[12.870057,55.67],[12.79,55.750056],[12.785,55.750064],[12.725,55.810096],[12.72,55.810094],[12.695082,55.835],[12.695065,55.845],[12.690065,55.85],[12.690062,55.865],[12.680062,55.88],[12.675071,55.895],[12.665,55.905081],[12.66,55.90508],[12.655072,55.91],[12.655064,55.915],[12.645139,55.925],[12.645078,55.96],[12.650076,55.965],[12.650071,56.02],[12.655085,56.025],[12.655178,56.04],[12.645176,56.05],[12.645175,56.055],[12.62,56.065093],[12.61,56.07512],[12.595,56.080119],[12.585,56.090141],[12.57,56.095132],[12.56,56.105138],[12.555,56.105133],[12.53,56.12012],[12.52,56.120119],[12.465,56.150116],[12.455,56.150116],[12.425,56.175113],[12.42,56.175113],[12.41,56.185112],[12.405,56.185113],[12.395,56.195112],[12.39,56.195112],[12.375,56.210113],[12.35,56.215114],[12.345,56.220115],[12.335,56.220115],[12.33,56.225116],[12.32,56.225116],[12.315,56.230117],[12.305,56.230118],[12.3,56.235118],[12.29,56.235119],[12.285,56.24012],[12.275,56.240121],[12.27,56.245122],[12.26,56.245123],[12.255,56.250124],[12.24,56.250125],[12.235,56.255127],[12.225,56.255128],[12.22,56.260131],[12.21,56.260131],[12.205,56.265133],[12.195,56.265133],[12.19,56.270135],[12.18,56.270136],[12.175,56.275138],[12.165,56.275139],[12.16,56.28014],[12.145,56.28014],[12.14,56.285143],[12.13,56.285143],[12.125,56.290145],[12.1,56.295152],[12.08515,56.305],[12.08515,56.315],[12.090151,56.32],[12.09015,56.335],[12.095146,56.34],[12.095144,56.35],[12.100147,56.355],[12.100151,56.365],[12.10515,56.37],[12.105144,56.385],[12.110141,56.39],[12.115136,56.415],[12.12014,56.42],[12.120148,56.435],[12.125151,56.44],[12.125151,56.45],[12.130151,56.455],[12.130141,56.47],[12.135138,56.475],[12.13514,56.485],[12.140144,56.49],[12.140153,56.5],[12.145165,56.505],[12.140161,56.51],[12.140164,56.515],[12.125129,56.53],[12.125121,56.535],[12.110079,56.55],[12.110057,56.555],[12.070116,56.6],[12.070123,56.605],[12.055112,56.62],[12.055116,56.625],[12.040129,56.64],[12.040135,56.645],[12.020146,56.665],[12.020157,56.67],[12.005157,56.685],[12.005157,56.69],[11.965158,56.735],[11.965156,56.74],[11.950202,56.755],[11.950199,56.76],[11.930131,56.78],[11.930147,56.785],[11.91513,56.8],[11.915122,56.805],[11.875149,56.85],[11.875151,56.855],[11.855172,56.875],[11.855126,56.88],[11.840099,56.895],[11.840108,56.9],[11.820138,56.92],[11.820139,56.925],[11.800208,56.945],[11.800225,56.95],[11.780201,56.97],[11.780201,56.975],[11.735207,57.025],[11.735259,57.03],[11.700157,57.07],[11.700153,57.075],[11.680174,57.095],[11.680169,57.1],[11.660189,57.12],[11.660174,57.125],[11.635225,57.15],[11.635258,57.155],[11.620351,57.17],[11.620203,57.175],[11.60013,57.195],[11.600177,57.2],[11.575287,57.225],[11.575291,57.23],[11.53533,57.275],[11.535336,57.28],[11.51533,57.3],[11.515324,57.305],[11.495237,57.325],[11.495278,57.33],[11.470336,57.355],[11.470344,57.36],[11.450283,57.38],[11.450392,57.385],[11.425262,57.41],[11.425257,57.415],[11.405239,57.435],[11.405234,57.44],[11.260232,57.59],[11.260229,57.595],[11.150182,57.705],[11.150183,57.71],[11.130185,57.725],[11.130187,57.73],[11.04,57.820224],[11.035,57.820225],[11.025,57.830237],[11.01,57.835252],[10.985,57.855311],[10.98,57.855319],[10.97,57.865367],[10.955,57.870414],[10.93,57.890495],[10.915,57.895523],[10.89,57.91562],[10.875,57.920642],[10.85,57.94072],[10.835,57.945742],[10.825,57.955772],[10.82,57.955774],[10.795,57.975816],[10.78,57.980818],[10.77,57.990825],[10.765,57.99082],[10.75081,58.0]]}},{"type":"Feature","properties":{"depth":1.0,"source":"DDM 2024 coarse contour","resolution":"0.005 degree sampled grid"},"geometry":{"type":"LineString","coordinates":[[16.2,55.425354],[16.185,55.425357],[16.18,55.430357],[16.165,55.43036],[16.16,55.43536],[16.14,55.435364],[16.135,55.440363],[16.12,55.440366],[16.115,55.445367],[16.1,55.44537],[16.095,55.45037],[16.075,55.450373],[16.07,55.455373],[16.055,55.455374],[16.05,55.460373],[16.03,55.460375],[16.025,55.465374],[16.01,55.465377],[16.005,55.470376],[15.99,55.470379],[15.985,55.475377],[15.965,55.47538],[15.96,55.480379],[15.945,55.480381],[15.94,55.48538],[15.92,55.485384],[15.915,55.490382],[15.9,55.490385],[15.895,55.495384],[15.875,55.495387],[15.87,55.500385],[15.855,55.500387],[15.85,55.505382],[15.835,55.505382],[15.83,55.510376],[15.81,55.510382],[15.805,55.515378],[15.79,55.515377],[15.785,55.520372],[15.77,55.520368],[15.765,55.525363],[15.745,55.525358],[15.74,55.530354],[15.725,55.530351],[15.72,55.535347],[15.705,55.535345],[15.7,55.540341],[15.685,55.540341],[15.68,55.545338],[15.66,55.545338],[15.655,55.550335],[15.64,55.550337],[15.635,55.555334],[15.62,55.555336],[15.615,55.560332],[15.595,55.560335],[15.59,55.56533],[15.575,55.565331],[15.57,55.570327],[15.555,55.570326],[15.55,55.575324],[15.53,55.575324],[15.525,55.580324],[15.51,55.580322],[15.505,55.585322],[15.485,55.585321],[15.48,55.590319],[15.465,55.590319],[15.46,55.595317],[15.445,55.595318],[15.44,55.600314],[15.425,55.600321],[15.42,55.605322],[15.4,55.605321],[15.395,55.610321],[15.38,55.610323],[15.375,55.615322],[15.355,55.615327],[15.35,55.620328],[15.335,55.620326],[15.33,55.625326],[15.315,55.625328],[15.31,55.630327],[15.29,55.63033],[15.285,55.635328],[15.27,55.635329],[15.265,55.640328],[15.245,55.64033],[15.24,55.645328],[15.225,55.645329],[15.22,55.650324],[15.205,55.650324],[15.2,55.655319],[15.185,55.655321],[15.18,55.66032],[15.16,55.660321],[15.155,55.665318],[15.14,55.665317],[15.135,55.670312],[15.115,55.670314],[15.11,55.675311],[15.095,55.675308],[15.09,55.680305],[15.07,55.680295],[15.065,55.685297],[15.05,55.685287],[15.045,55.690286],[15.04,55.690279],[15.03,55.680276],[15.025,55.68026],[15.015,55.670284],[15.01,55.670299],[14.985,55.650321],[14.98,55.650324],[14.97,55.640327],[14.955,55.635342],[14.93,55.615352],[14.925,55.615353],[14.915,55.605355],[14.9,55.600356],[14.875,55.580353],[14.87,55.580352],[14.86,55.570348],[14.855,55.570348],[14.845,55.560343],[14.84,55.560342],[14.83,55.550339],[14.815,55.545335],[14.805,55.535336],[14.8,55.535336],[14.79,55.525304],[14.785,55.525326],[14.775,55.515305],[14.77,55.515308],[14.76,55.505299],[14.755,55.505302],[14.73,55.485311],[14.715,55.480318],[14.705,55.470326],[14.7,55.470328],[14.69,55.460316],[14.685,55.460315],[14.66,55.440321],[14.655,55.440321],[14.645,55.430323],[14.64,55.430324],[14.63,55.420326],[14.625,55.42033],[14.615,55.410334],[14.61,55.410342],[14.585,55.390349],[14.57,55.385321],[14.545,55.365297],[14.54,55.365305],[14.53,55.355297],[14.525,55.355295],[14.515,55.345279],[14.51,55.345294],[14.5,55.335251],[14.495,55.335252],[14.485,55.325226],[14.48,55.325229],[14.47,55.315208],[14.465,55.315211],[14.455,55.305207],[14.45,55.305228],[14.435,55.290203],[14.43,55.290206],[14.415,55.275204],[14.41,55.275208],[14.395,55.260202],[14.39,55.260203],[14.355,55.230204],[14.35,55.230202],[14.34,55.220204],[14.335,55.220204],[14.3,55.190216],[14.295,55.190217],[14.28,55.175217],[14.275,55.175217],[14.26,55.160218],[14.255,55.160218],[14.24,55.145218],[14.235,55.145218],[14.22,55.130219],[14.215,55.130218],[14.2,55.11522],[14.195,55.115219],[14.18,55.100222],[14.175,55.100221],[14.16,55.085222],[14.155,55.085222],[14.14,55.070223],[14.135,55.070223],[14.12,55.055223],[14.115,55.055224],[14.1,55.040223],[14.095,55.040224],[14.08,55.025223],[14.075,55.025223],[14.06,55.010223],[14.055,55.010224],[14.04,54.995222],[14.035,54.995222],[13.994781,54.96],[14.0,54.954782],[14.005,54.954782],[14.025,54.934787],[14.03,54.934788],[14.06,54.904798],[14.065,54.904798],[14.085,54.884807],[14.09,54.884806],[14.12,54.854823],[14.125,54.854824],[14.145,54.834844],[14.15,54.834844],[14.17,54.814861],[14.41,54.814927],[14.41493,54.81],[14.414853,54.66],[14.42,54.654855],[14.445,54.644863],[14.455,54.634859],[14.46,54.63486],[14.465,54.629861],[14.5,54.614872],[14.51,54.604873],[14.515,54.604874],[14.52,54.599878],[14.555,54.584882],[14.565,54.574889],[14.6,54.559894],[14.61,54.549897],[14.625,54.544896],[14.63,54.539897],[14.635,54.539897],[14.64511,54.55],[14.645112,54.555],[14.675184,54.595],[14.67519,54.6],[14.69,54.614792],[14.71,54.61479],[14.715,54.609793],[14.735,54.609791],[14.74,54.604794],[14.76,54.604792],[14.765,54.599795],[14.785,54.599793],[14.79,54.594796],[14.815,54.594793],[14.82,54.589796],[14.85,54.589792],[14.855,54.584794],[14.885,54.584791],[14.89,54.579792],[14.93,54.579787],[14.935,54.574789],[14.985,54.574783],[14.99,54.569786],[15.155,54.569774],[15.16,54.574771],[15.225,54.57477],[15.23,54.579768],[15.255,54.579762],[15.26,54.584758],[15.285,54.584757],[15.29,54.589753],[15.305,54.589753],[15.31,54.594748],[15.32,54.594748],[15.325,54.599744],[15.335,54.599744],[15.34,54.604739],[15.355,54.604739],[15.36,54.609735],[15.37,54.609735],[15.375,54.61473],[15.39,54.61473],[15.395,54.619726],[15.42,54.624721],[15.425,54.629718],[15.435,54.629717],[15.44,54.634715],[15.46,54.634715],[15.465,54.639713],[15.48,54.639713],[15.485,54.644711],[15.505,54.644712],[15.51,54.649709],[15.525,54.64971],[15.53,54.654707],[15.545,54.654708],[15.55,54.659705],[15.57,54.659706],[15.575,54.664704],[15.59,54.664705],[15.595,54.669702],[15.615,54.669703],[15.62,54.6747],[15.635,54.674701],[15.64,54.679698],[15.65,54.679699],[15.655,54.684697],[15.665,54.684698],[15.69,54.704696],[15.695,54.704697],[15.71,54.719695],[15.715,54.719696],[15.725,54.729694],[15.73,54.729696],[15.74,54.739694],[15.745,54.739695],[15.755,54.749694],[15.76,54.749695],[15.79,54.779687],[15.795,54.77969],[15.815,54.799685],[15.820314,54.8],[15.820315,54.805],[15.830319,54.815],[15.83032,54.82],[15.840323,54.83],[15.840325,54.835],[15.870336,54.87],[15.870337,54.875],[15.915344,54.925],[15.915345,54.93],[15.940348,54.955],[15.94035,54.96],[15.970353,54.99],[15.960334,55.005],[15.960318,55.02],[15.955325,55.025],[15.955339,55.045],[15.950347,55.05],[15.950362,55.075],[15.94537,55.08],[15.945381,55.1],[15.940388,55.105],[15.940404,55.135],[15.965407,55.165],[15.965407,55.17],[15.980408,55.185],[15.980408,55.19],[15.995409,55.205],[15.995409,55.21],[16.010411,55.225],[16.010411,55.23],[16.020412,55.24],[16.020414,55.25],[16.025,55.254585],[16.035,55.254592],[16.04,55.259597],[16.06,55.259602],[16.065,55.264609],[16.085,55.26461],[16.09,55.269619],[16.11,55.269619],[16.115,55.274627],[16.13,55.274627],[16.135,55.279636],[16.155,55.279635],[16.16,55.284643],[16.18,55.284642],[16.185,55.289649],[16.2,55.289649]]}},{"type":"Feature","properties":{"depth":1.0,"source":"DDM 2024 coarse contour","resolution":"0.005 degree sampled grid"},"geometry":{"type":"LineString","coordinates":[[11.825114,54.975],[11.845,54.960263],[11.855,54.959988],[11.875,54.949993],[11.88125,54.945],[11.880714,54.94],[11.8925,54.935],[11.890833,54.925],[11.903182,54.92],[11.915002,54.92],[11.912222,54.925],[11.919583,54.935],[11.92,54.944],[11.925,54.945],[11.935,54.940238],[11.95,54.94075],[11.96,54.944959],[11.965,54.939998],[11.975,54.939903],[11.984927,54.93],[11.980195,54.925],[11.980606,54.92],[11.996875,54.9],[12.01,54.899994],[12.02,54.895104],[12.05,54.89496],[12.055,54.890488],[12.06,54.894969],[12.09,54.894922],[12.095,54.890229],[12.12,54.88992],[12.124964,54.885],[12.124993,54.875],[12.13,54.866739],[12.145,54.854998],[12.15,54.854993],[12.164992,54.84],[12.164988,54.83],[12.16,54.825026],[12.145294,54.825],[12.14,54.820015],[12.135,54.820007],[12.13,54.814737],[12.129991,54.81],[12.115,54.795017],[12.105,54.795004],[12.1,54.790015],[12.085,54.79],[12.075,54.780009],[12.07,54.78],[12.05,54.760011],[12.045,54.760002],[12.039998,54.755],[12.03499,54.74],[12.015,54.720008],[11.99,54.705008],[11.985,54.705002],[11.974999,54.695],[11.969992,54.68],[11.964999,54.675],[11.965,54.622778],[11.969982,54.615],[11.97,54.5964],[11.974988,54.59],[11.974989,54.565],[11.97,54.558875],[11.955,54.560013],[11.95,54.565006],[11.94,54.565017],[11.935,54.570013],[11.920897,54.57],[11.92,54.567308],[11.9,54.560006],[11.865,54.563077],[11.86,54.560011],[11.855,54.566818],[11.845,54.5682],[11.832647,54.575],[11.84,54.575755],[11.85,54.570851],[11.87,54.570732],[11.905,54.576923],[11.91,54.576563],[11.915,54.5708],[11.919265,54.58],[11.92,54.594524],[11.915,54.6036],[11.91,54.605012],[11.890012,54.625],[11.890002,54.63],[11.885,54.635007],[11.88,54.635011],[11.870007,54.645],[11.870004,54.65],[11.865003,54.655],[11.865005,54.665],[11.875001,54.68],[11.875005,54.69],[11.88,54.694992],[11.884722,54.695],[11.9,54.709444],[11.902143,54.715],[11.895,54.718],[11.89,54.7085],[11.885,54.7125],[11.885,54.7175],[11.893,54.72],[11.855,54.720001],[11.85,54.725],[11.835,54.72],[11.839091,54.715],[11.835,54.7125],[11.827857,54.715],[11.825,54.721667],[11.82,54.715001],[11.816667,54.715],[11.83,54.701538],[11.845,54.697273],[11.85,54.699993],[11.86,54.697188],[11.863182,54.695],[11.86,54.687917],[11.865,54.685],[11.856364,54.68],[11.854999,54.675],[11.848333,54.67],[11.8525,54.665],[11.83,54.66],[11.83625,54.655],[11.835,54.64875],[11.8275,54.645],[11.831667,54.64],[11.83,54.638125],[11.79,54.64],[11.791667,54.645],[11.77,54.645017],[11.765,54.65],[11.74,54.64925],[11.725,54.653],[11.721786,54.65],[11.726667,54.645],[11.725,54.635],[11.73,54.634375],[11.7175,54.635],[11.715,54.642],[11.69,54.635],[11.6885,54.64],[11.698333,54.645],[11.698333,54.65],[11.705001,54.655],[11.7,54.660003],[11.678333,54.66],[11.66,54.642857],[11.648125,54.64],[11.65,54.635],[11.643571,54.635],[11.655,54.6325],[11.655,54.623],[11.643889,54.625],[11.637917,54.635],[11.638333,54.645],[11.633333,54.65],[11.637333,54.655],[11.63,54.6588],[11.625,54.655002],[11.6,54.652941],[11.596875,54.65],[11.612143,54.645],[11.6,54.639091],[11.595,54.648],[11.575,54.648571],[11.57,54.6525],[11.565,54.650909],[11.555,54.647083],[11.549375,54.64],[11.555,54.6375],[11.555,54.633889],[11.531,54.635],[11.52,54.632083],[11.515,54.63],[11.51625,54.625],[11.51,54.620004],[11.5,54.617857],[11.495,54.610714],[11.49,54.612727],[11.4875,54.61],[11.51,54.603889],[11.515,54.607188],[11.52,54.6025],[11.55,54.605556],[11.58,54.596724],[11.63,54.59625],[11.68,54.600357],[11.7,54.59725],[11.715,54.601034],[11.726786,54.6],[11.715,54.593571],[11.65,54.592778],[11.62,54.58875],[11.565,54.59431],[11.525,54.594259],[11.52,54.590013],[11.515,54.593485],[11.505,54.590016],[11.495,54.597778],[11.49,54.598485],[11.485,54.595014],[11.48,54.602188],[11.465,54.60875],[11.46,54.605014],[11.433714,54.62],[11.425,54.620019],[11.413542,54.63],[11.405,54.630016],[11.4,54.635007],[11.39,54.635016],[11.385,54.640007],[11.375,54.640016],[11.368889,54.645],[11.36,54.645013],[11.35,54.655003],[11.345,54.650009],[11.335,54.660005],[11.32,54.665013],[11.30381,54.68],[11.253,54.705],[11.225,54.705016],[11.208333,54.715],[11.19,54.715014],[11.185,54.72],[11.17,54.720017],[11.165,54.72501],[11.15,54.725018],[11.145,54.730006],[11.13,54.730015],[11.125,54.735],[11.105,54.735016],[11.1,54.74],[11.07,54.740013],[11.065,54.745003],[11.05,54.74502],[11.045,54.750005],[11.035,54.75001],[11.029762,54.755],[11.015,54.755015],[11.01,54.760006],[11.005,54.760009],[10.955006,54.81],[10.953846,54.82],[10.9565,54.825],[10.950014,54.83],[10.96,54.839989],[10.97,54.83998],[10.974995,54.835],[10.970676,54.83],[10.970714,54.825],[10.961,54.825],[10.96175,54.82],[10.97,54.811458],[10.9825,54.815],[10.978182,54.81],[10.985,54.801739],[10.993654,54.805],[10.988333,54.81],[10.996538,54.815],[10.99,54.815002],[10.985003,54.82],[10.985,54.8275],[10.986667,54.825],[11.000833,54.825],[11.005,54.829167],[11.011,54.825],[11.008462,54.82],[11.02,54.819997],[11.027647,54.815],[11.033636,54.815],[11.035,54.81875],[11.041579,54.815],[11.047273,54.805],[11.055,54.801111],[11.0575,54.805],[11.051111,54.81],[11.053889,54.815],[11.049375,54.825],[11.053684,54.835],[11.050005,54.84],[11.055,54.84499],[11.06,54.844993],[11.06625,54.84],[11.050455,54.825],[11.065,54.817059],[11.07,54.826667],[11.08,54.83],[11.075714,54.835],[11.075,54.845],[11.07,54.845002],[11.065,54.849643],[11.05,54.84501],[11.045002,54.85],[11.047308,54.855],[11.045,54.859286],[11.038182,54.86],[11.0375,54.87],[11.028333,54.87],[11.025,54.878],[11.02,54.875012],[11.0115,54.88],[11.015,54.886154],[11.01,54.89],[11.017308,54.9],[11.019062,54.91],[11.03,54.919991],[11.036538,54.92],[11.032857,54.925],[11.045,54.94],[11.055,54.941154],[11.06,54.936667],[11.075,54.945303],[11.095,54.945],[11.095,54.95],[11.10125,54.945],[11.107143,54.945],[11.109211,54.955],[11.115,54.9585],[11.125,54.9575],[11.15,54.962],[11.155,54.965556],[11.195,54.966667],[11.21625,54.96],[11.23,54.9625],[11.27,54.959989],[11.285,54.951552],[11.295,54.949995],[11.32,54.928846],[11.355,54.922647],[11.364999,54.91],[11.366053,54.9],[11.38,54.887368],[11.43,54.874992],[11.435,54.867222],[11.45,54.869993],[11.465,54.865833],[11.471667,54.86],[11.472143,54.85],[11.48,54.850357],[11.479,54.845],[11.49,54.843],[11.495,54.8385],[11.515,54.84],[11.52,54.836818],[11.535,54.836852],[11.555,54.831944],[11.56,54.8355],[11.565,54.827647],[11.5875,54.83],[11.575,54.830004],[11.57,54.838696],[11.5475,54.85],[11.544,54.86],[11.55,54.858333],[11.575,54.8625],[11.579286,54.865],[11.575,54.87],[11.585,54.863],[11.615,54.852222],[11.6225,54.855],[11.635909,54.865],[11.635556,54.895],[11.627692,54.905],[11.63,54.91],[11.64,54.914998],[11.645,54.9116],[11.65,54.9125],[11.655,54.9075],[11.66,54.911111],[11.675,54.911818],[11.682188,54.895],[11.7,54.881739],[11.719,54.875],[11.745,54.876],[11.747222,54.87],[11.740403,54.865],[11.739999,54.86],[11.75,54.842812],[11.755714,54.84],[11.765,54.844167],[11.7875,54.84],[11.790556,54.835],[11.789972,54.825],[11.784969,54.82],[11.78498,54.81],[11.79,54.804996],[11.799625,54.805],[11.795,54.805018],[11.790001,54.81],[11.803571,54.82],[11.807083,54.83],[11.8,54.830002],[11.795004,54.835],[11.799138,54.84],[11.7975,54.845],[11.79,54.845011],[11.784333,54.85],[11.77,54.85001],[11.755,54.85875],[11.750002,54.87],[11.750057,54.875],[11.755001,54.88],[11.740001,54.89],[11.74,54.90375],[11.749643,54.915],[11.747222,54.92],[11.73,54.927353],[11.725,54.925006],[11.72,54.928939],[11.703437,54.93],[11.689583,54.945],[11.705,54.951154],[11.725,54.950217],[11.745,54.965],[11.77,54.965],[11.787222,54.955],[11.8,54.942778],[11.81,54.939999],[11.8175,54.945],[11.822955,54.96],[11.817,54.965],[11.818235,54.97],[11.812,54.975],[11.825114,54.975]]}},{"type":"Feature","properties":{"depth":1.0,"source":"DDM 2024 coarse contour","resolution":"0.005 degree sampled grid"},"geometry":{"type":"LineString","coordinates":[[11.581667,54.615],[11.592308,54.61],[11.575,54.605556],[11.565,54.612],[11.55,54.615],[11.565,54.618333],[11.581667,54.615]]}},{"type":"Feature","properties":{"depth":1.0,"source":"DDM 2024 coarse contour","resolution":"0.005 degree sampled grid"},"geometry":{"type":"LineString","coordinates":[[11.485,54.6225],[11.478125,54.62],[11.476364,54.615],[11.485,54.612143],[11.488077,54.615],[11.485,54.6225]]}},{"type":"Feature","properties":{"depth":1.0,"source":"DDM 2024 coarse contour","resolution":"0.005 degree sampled grid"},"geometry":{"type":"LineString","coordinates":[[11.611,54.625],[11.615,54.62],[11.620588,54.62],[11.603333,54.625],[11.611,54.625]]}},{"type":"Feature","properties":{"depth":1.0,"source":"DDM 2024 coarse contour","resolution":"0.005 degree sampled grid"},"geometry":{"type":"LineString","coordinates":[[11.505,54.633437],[11.4905,54.625],[11.495,54.620909],[11.5,54.621071],[11.51,54.63],[11.505,54.633437]]}},{"type":"Feature","properties":{"depth":1.0,"source":"DDM 2024 coarse contour","resolution":"0.005 degree sampled grid"},"geometry":{"type":"LineString","coordinates":[[11.670625,54.63],[11.684286,54.625],[11.675,54.622812],[11.665,54.625],[11.670625,54.63]]}},{"type":"Feature","properties":{"depth":1.0,"source":"DDM 2024 coarse contour","resolution":"0.005 degree sampled grid"},"geometry":{"type":"LineString","coordinates":[[11.74125,54.635],[11.75,54.63],[11.745,54.629412],[11.7375,54.635],[11.74125,54.635]]}},{"type":"Feature","properties":{"depth":1.0,"source":"DDM 2024 coarse contour","resolution":"0.005 degree sampled grid"},"geometry":{"type":"LineString","coordinates":[[10.948182,55.165],[10.954997,55.16],[10.956875,55.15],[10.954988,55.14],[10.95,55.133913],[10.949987,55.125],[10.945,55.118095],[10.94498,55.105],[10.939995,55.1],[10.939981,55.085],[10.929995,55.075],[10.929987,55.065],[10.924992,55.06],[10.919988,55.045],[10.905,55.025],[10.904982,55.015],[10.899991,55.01],[10.895,54.995],[10.88,54.980019],[10.875,54.980002],[10.865,54.970015],[10.860833,54.97],[10.859989,54.965],[10.84,54.944762],[10.839981,54.935],[10.835,54.930017],[10.829999,54.93],[10.830556,54.92],[10.820417,54.9],[10.819998,54.89],[10.7804,54.835],[10.774987,54.815],[10.754989,54.785],[10.754985,54.78],[10.75,54.774242],[10.74998,54.765],[10.739984,54.75],[10.739987,54.745],[10.725,54.730018],[10.715,54.725016],[10.705,54.725005],[10.7,54.720022],[10.685,54.720027],[10.665016,54.74],[10.665008,54.75],[10.67,54.754979],[10.675003,54.755],[10.670017,54.76],[10.670009,54.765],[10.655021,54.78],[10.660004,54.79],[10.655001,54.8],[10.645,54.810004],[10.64,54.810018],[10.62,54.825002],[10.605,54.82503],[10.589167,54.845],[10.57,54.854062],[10.555,54.853846],[10.545,54.858889],[10.5375,54.855],[10.53,54.844605],[10.52,54.840023],[10.460143,54.84],[10.455,54.835029],[10.445,54.834423],[10.43,54.815018],[10.415,54.815019],[10.393276,54.83],[10.37,54.835022],[10.345,54.855003],[10.34,54.85502],[10.32,54.87501],[10.305,54.880011],[10.3,54.885001],[10.29,54.885036],[10.28,54.895002],[10.275,54.89502],[10.240016,54.925],[10.2399,54.94],[10.225,54.950007],[10.21,54.955057],[10.200026,54.97],[10.205,54.974972],[10.21,54.974973],[10.215,54.97],[10.22,54.97],[10.225396,54.96],[10.25,54.949937],[10.255,54.944983],[10.28,54.94496],[10.3,54.930124],[10.305,54.929988],[10.315,54.920064],[10.32,54.919985],[10.34,54.899984],[10.36,54.899948],[10.375,54.885937],[10.395,54.895116],[10.404362,54.905],[10.4,54.90502],[10.395001,54.91],[10.4,54.914936],[10.414991,54.9],[10.410517,54.895],[10.421207,54.88],[10.435,54.872143],[10.439,54.875],[10.430003,54.88],[10.435,54.884983],[10.445,54.875294],[10.455,54.874999],[10.46,54.879991],[10.465,54.87625],[10.46,54.888542],[10.45,54.885016],[10.445022,54.89],[10.45,54.895],[10.46,54.893889],[10.475,54.9],[10.48,54.892],[10.49,54.894991],[10.51,54.887],[10.505,54.880012],[10.495,54.888269],[10.481667,54.885],[10.493333,54.88],[10.495,54.874999],[10.5,54.874993],[10.52,54.86037],[10.525,54.860455],[10.525342,54.855],[10.534928,54.855],[10.54,54.860476],[10.555,54.8604],[10.56,54.865],[10.57,54.86561],[10.575,54.861026],[10.5875,54.86],[10.59,54.851818],[10.595,54.855278],[10.606071,54.84],[10.623889,54.84],[10.619219,54.845],[10.625,54.846154],[10.63,54.8375],[10.645,54.8354],[10.663833,54.855],[10.665013,54.88],[10.67,54.884997],[10.68,54.884994],[10.685,54.881458],[10.695,54.885],[10.695,54.876071],[10.7,54.876667],[10.705,54.884997],[10.71,54.879994],[10.714643,54.88],[10.710003,54.885],[10.713095,54.895],[10.705002,54.9],[10.705,54.903571],[10.695,54.895013],[10.69,54.898448],[10.675,54.894677],[10.670011,54.91],[10.695,54.934982],[10.6995,54.935],[10.713437,54.945],[10.715,54.955],[10.719,54.96],[10.718,54.965],[10.735,54.965833],[10.77,54.984988],[10.79,54.98499],[10.795,54.989981],[10.8,54.990061],[10.824333,55.015],[10.83,55.027353],[10.845,55.036364],[10.845012,55.045],[10.860002,55.06],[10.860009,55.07],[10.870001,55.085],[10.870005,55.1],[10.900002,55.13],[10.900027,55.14],[10.905,55.144979],[10.918448,55.15],[10.93,55.164976],[10.94,55.16725],[10.948182,55.165]]}},{"type":"Feature","properties":{"depth":1.0,"source":"DDM 2024 coarse contour","resolution":"0.005 degree sampled grid"},"geometry":{"type":"LineString","coordinates":[[11.865,54.760011],[11.861034,54.76],[11.869991,54.745],[11.87,54.735625],[11.875,54.75],[11.865,54.760011]]}},{"type":"Feature","properties":{"depth":1.0,"source":"DDM 2024 coarse contour","resolution":"0.005 degree sampled grid"},"geometry":{"type":"LineString","coordinates":[[11.84,54.785],[11.830154,54.785],[11.85,54.7755],[11.85,54.780018],[11.845,54.780007],[11.84,54.785]]}},{"type":"Feature","properties":{"depth":1.0,"source":"DDM 2024 coarse contour","resolution":"0.005 degree sampled grid"},"geometry":{"type":"LineString","coordinates":[[11.825,54.795002],[11.810714,54.795],[11.82,54.794991],[11.83,54.785278],[11.83,54.794048],[11.825,54.795002]]}},{"type":"Feature","properties":{"depth":1.0,"source":"DDM 2024 coarse contour","resolution":"0.005 degree sampled grid"},"geometry":{"type":"LineString","coordinates":[[11.105,54.83125],[11.0875,54.83],[11.095,54.822857],[11.1075,54.825],[11.105,54.83125]]}},{"type":"Feature","properties":{"depth":1.0,"source":"DDM 2024 coarse contour","resolution":"0.005 degree sampled grid"},"geometry":{"type":"LineString","coordinates":[[9.545,54.880002],[9.535,54.879259],[9.52,54.87002],[9.51,54.870015],[9.495,54.855013],[9.490781,54.855],[9.48,54.845021],[9.475,54.845009],[9.46,54.835067],[9.44,54.835007],[9.435,54.830044],[9.424972,54.83],[9.44,54.829928],[9.445,54.834963],[9.47,54.83492],[9.475,54.839953],[9.49,54.839929],[9.505,54.849961],[9.51,54.849956],[9.555,54.874975],[9.560061,54.875],[9.55,54.875021],[9.545,54.880002]]}},{"type":"Feature","properties":{"depth":1.0,"source":"DDM 2024 coarse contour","resolution":"0.005 degree sampled grid"},"geometry":{"type":"LineString","coordinates":[[11.015714,54.855],[11.02,54.854997],[11.024999,54.85],[11.025,54.842692],[11.028182,54.84],[11.020926,54.835],[11.0225,54.83],[11.02,54.828448],[11.015,54.830833],[11.01001,54.84],[11.010004,54.85],[11.015714,54.855]]}},{"type":"Feature","properties":{"depth":1.0,"source":"DDM 2024 coarse contour","resolution":"0.005 degree sampled grid"},"geometry":{"type":"LineString","coordinates":[[11.0425,54.85],[11.035,54.840002],[11.030002,54.845],[11.035,54.852917],[11.0425,54.85]]}},{"type":"Feature","properties":{"depth":1.0,"source":"DDM 2024 coarse contour","resolution":"0.005 degree sampled grid"},"geometry":{"type":"LineString","coordinates":[[11.452273,54.885],[11.45,54.879],[11.445,54.8845],[11.435,54.883889],[11.425,54.875],[11.428947,54.88],[11.425,54.885],[11.452273,54.885]]}},{"type":"Feature","properties":{"depth":1.0,"source":"DDM 2024 coarse contour","resolution":"0.005 degree sampled grid"},"geometry":{"type":"LineString","coordinates":[[12.219,55.095],[12.215,55.085],[12.205,55.08],[12.22,55.076957],[12.225,55.0825],[12.23,55.081515],[12.25,55.092857],[12.280455,55.075],[12.283,55.07],[12.261,55.065],[12.27,55.06],[12.28,55.06],[12.27625,55.055],[12.284999,55.04],[12.29,55.036429],[12.305,55.034987],[12.31,55.030625],[12.4,55.029981],[12.408214,55.025],[12.47,55.024961],[12.475,55.019993],[12.485,55.019967],[12.49129,55.015],[12.51,55.014964],[12.520205,55.01],[12.549975,54.98],[12.549999,54.975],[12.554985,54.97],[12.554995,54.96],[12.54,54.945003],[12.525,54.940017],[12.505,54.940031],[12.5,54.944833],[12.485,54.945032],[12.48,54.949713],[12.465,54.950025],[12.458696,54.955],[12.44,54.955037],[12.435,54.960002],[12.39,54.960028],[12.385,54.964453],[12.375,54.965002],[12.365,54.9643],[12.36,54.960021],[12.34,54.96],[12.335,54.955018],[12.321111,54.955],[12.285,54.935024],[12.28,54.935008],[12.265,54.920017],[12.250875,54.915],[12.225,54.890016],[12.220147,54.89],[12.21,54.880012],[12.19,54.878718],[12.185,54.875013],[12.175,54.875015],[12.17,54.878529],[12.165,54.875],[12.165833,54.88],[12.165,54.875],[12.159048,54.88],[12.14,54.880084],[12.125,54.894784],[12.12,54.895045],[12.115,54.899882],[12.105,54.900021],[12.096,54.905],[12.095,54.91],[12.07,54.905057],[12.065,54.909673],[12.05,54.910002],[12.045,54.913696],[12.01,54.915033],[11.990135,54.93],[11.990095,54.935],[11.995001,54.94],[11.980008,54.95],[11.980007,54.955],[11.985,54.959965],[11.995,54.959951],[11.999994,54.955],[11.999999,54.945],[12.015,54.935625],[12.025,54.9358],[12.03,54.939993],[12.07,54.93999],[12.08,54.929995],[12.0925,54.925],[12.0895,54.92],[12.095,54.91],[12.1,54.907222],[12.115,54.91],[12.102143,54.92],[12.121667,54.94],[12.132941,54.945],[12.125,54.945006],[12.1195,54.95],[12.12,54.956818],[12.14,54.969992],[12.15,54.970385],[12.155,54.97499],[12.17,54.972812],[12.173889,54.975],[12.16501,54.98],[12.165013,54.985],[12.17,54.989984],[12.195,54.984994],[12.21,54.972083],[12.227222,54.975],[12.235,54.979989],[12.255,54.981],[12.259286,54.985],[12.25375,54.99],[12.255,54.995476],[12.265,54.985],[12.275,54.984992],[12.275002,54.99],[12.264773,55.0],[12.273333,55.01],[12.255,55.025714],[12.25,55.035003],[12.235,55.035013],[12.23,55.040833],[12.220714,55.03],[12.225,55.025714],[12.23,55.021667],[12.24,55.021111],[12.245,55.026429],[12.246667,55.025],[12.235,55.01825],[12.225,55.023333],[12.215,55.023824],[12.218333,55.03],[12.185,55.040009],[12.18,55.04875],[12.174583,55.045],[12.18,55.05375],[12.185,55.051],[12.19,55.053125],[12.193182,55.065],[12.2,55.07],[12.21,55.065385],[12.215625,55.07],[12.205,55.08],[12.185,55.075625],[12.181429,55.07],[12.175,55.0675],[12.166667,55.07],[12.175,55.072222],[12.185,55.0835],[12.2,55.083182],[12.205,55.0925],[12.215,55.096818],[12.219,55.095]]}},{"type":"Feature","properties":{"depth":1.0,"source":"DDM 2024 coarse contour","resolution":"0.005 degree sampled grid"},"geometry":{"type":"LineString","coordinates":[[11.471875,54.92],[11.485,54.915],[11.507,54.915],[11.506154,54.9],[11.510238,54.895],[11.515,54.89499],[11.531111,54.885],[11.525,54.882308],[11.474375,54.885],[11.4725,54.895],[11.458929,54.905],[11.457778,54.91],[11.46,54.91625],[11.471875,54.92]]}},{"type":"Feature","properties":{"depth":1.0,"source":"DDM 2024 coarse contour","resolution":"0.005 degree sampled grid"},"geometry":{"type":"LineString","coordinates":[[10.504997,54.94],[10.515,54.931],[10.545,54.92],[10.544,54.915],[10.55,54.912308],[10.58,54.908889],[10.583333,54.91],[10.58,54.92],[10.59,54.925106],[10.595,54.92],[10.62,54.92],[10.6275,54.915],[10.627105,54.9],[10.62,54.890005],[10.61,54.885009],[10.595,54.895833],[10.58,54.894],[10.57,54.895007],[10.565,54.898846],[10.555,54.893125],[10.548421,54.9],[10.54,54.900018],[10.535,54.909],[10.523571,54.915],[10.5245,54.92],[10.52,54.923],[10.5,54.92502],[10.493125,54.935],[10.5,54.944995],[10.504997,54.94]]}},{"type":"Feature","properties":{"depth":1.0,"source":"DDM 2024 coarse contour","resolution":"0.005 degree sampled grid"},"geometry":{"type":"LineString","coordinates":[[10.429981,54.9],[10.425,54.894231],[10.419318,54.9],[10.425,54.904971],[10.429981,54.9]]}},{"type":"Feature","properties":{"depth":1.0,"source":"DDM 2024 coarse contour","resolution":"0.005 degree sampled grid"},"geometry":{"type":"LineString","coordinates":[[10.490278,54.925],[10.495,54.918571],[10.51,54.915],[10.515,54.9],[10.505,54.9075],[10.48,54.913],[10.475,54.905625],[10.463437,54.915],[10.465,54.918571],[10.477857,54.925],[10.490278,54.925]]}},{"type":"Feature","properties":{"depth":1.0,"source":"DDM 2024 coarse contour","resolution":"0.005 degree sampled grid"},"geometry":{"type":"LineString","coordinates":[[9.64,54.930009],[9.616905,54.93],[9.614991,54.915],[9.635,54.915109],[9.64,54.920816],[9.645,54.919987],[9.655,54.909999],[9.66,54.914991],[9.665,54.911923],[9.669211,54.915],[9.665,54.920004],[9.66,54.920011],[9.655,54.925002],[9.645,54.925018],[9.64,54.930009]]}},{"type":"Feature","properties":{"depth":1.0,"source":"DDM 2024 coarse contour","resolution":"0.005 degree sampled grid"},"geometry":{"type":"LineString","coordinates":[[8.56,54.979286],[8.559998,54.95],[8.5575,54.945],[8.559999,54.94],[8.554995,54.935],[8.555,54.925],[8.565,54.92625],[8.57,54.9325],[8.575,54.926667],[8.59,54.925],[8.594,54.92],[8.605,54.919994],[8.61,54.914999],[8.625,54.91537],[8.635001,54.92],[8.635014,54.925],[8.640002,54.93],[8.640625,54.945],[8.649231,54.955],[8.652143,54.965],[8.635,54.969],[8.608333,54.96],[8.608333,54.95],[8.6,54.945],[8.585,54.945],[8.58,54.94],[8.575,54.94],[8.58,54.945],[8.58,54.95],[8.562,54.96],[8.56375,54.975],[8.56,54.979286]]}},{"type":"Feature","properties":{"depth":1.0,"source":"DDM 2024 coarse contour","resolution":"0.005 degree sampled grid"},"geometry":{"type":"LineString","coordinates":[[11.360714,54.985],[11.36575,54.975],[11.363077,54.97],[11.385,54.957],[11.405,54.953333],[11.407955,54.96],[11.405002,54.965],[11.41,54.97],[11.43,54.96537],[11.445,54.973333],[11.474999,54.95],[11.465,54.940015],[11.43,54.939783],[11.4,54.917308],[11.394348,54.925],[11.37,54.935026],[11.365045,54.94],[11.360004,54.955],[11.355,54.955043],[11.345048,54.965],[11.348611,54.97],[11.345,54.975],[11.352143,54.975],[11.35,54.986154],[11.360714,54.985]]}},{"type":"Feature","properties":{"depth":1.0,"source":"DDM 2024 coarse contour","resolution":"0.005 degree sampled grid"},"geometry":{"type":"LineString","coordinates":[[10.245,55.63],[10.26,55.625682],[10.275,55.627857],[10.32,55.624988],[10.325,55.620976],[10.335,55.619982],[10.350172,55.61],[10.36,55.609985],[10.38,55.600441],[10.395,55.599986],[10.402059,55.595],[10.41,55.594991],[10.435,55.579997],[10.44,55.579986],[10.461061,55.565],[10.47,55.564983],[10.475,55.56],[10.486458,55.555],[10.495,55.554984],[10.52,55.540568],[10.53,55.539984],[10.535,55.534999],[10.54,55.534984],[10.559927,55.52],[10.559983,55.515],[10.555,55.510029],[10.535,55.522955],[10.53,55.523056],[10.515,55.513056],[10.5,55.518871],[10.490435,55.515],[10.515,55.500313],[10.52,55.487917],[10.53,55.491591],[10.54593,55.485],[10.53,55.47942],[10.52558,55.475],[10.535,55.474954],[10.54,55.479985],[10.55,55.479951],[10.555,55.484993],[10.56,55.48],[10.566667,55.48],[10.575,55.486296],[10.591667,55.485],[10.615,55.48725],[10.618667,55.49],[10.6186,55.495],[10.61,55.505],[10.5965,55.51],[10.58,55.510016],[10.565009,55.52],[10.565017,55.525],[10.58,55.53495],[10.595,55.534954],[10.61,55.520385],[10.625002,55.52],[10.625002,55.525],[10.62,55.525027],[10.615019,55.53],[10.618043,55.545],[10.600016,55.565],[10.60001,55.57],[10.595018,55.575],[10.595017,55.59],[10.61,55.6],[10.585022,55.615],[10.59,55.620545],[10.62,55.619999],[10.64,55.6],[10.65,55.594997],[10.654994,55.59],[10.655227,55.585],[10.69,55.54999],[10.695,55.549975],[10.705614,55.54],[10.705,55.527353],[10.717857,55.51],[10.73,55.500385],[10.735,55.499994],[10.749995,55.485],[10.749993,55.48],[10.745,55.475011],[10.74,55.475002],[10.735,55.470028],[10.71,55.475],[10.705,55.470022],[10.695,55.470001],[10.69,55.46502],[10.675,55.46459],[10.669994,55.46],[10.67,55.446522],[10.68,55.444991],[10.710588,55.42],[10.725,55.419983],[10.735,55.405],[10.74,55.404987],[10.75,55.394997],[10.765,55.389993],[10.78,55.37],[10.794995,55.36],[10.795571,55.355],[10.81,55.335],[10.815,55.316613],[10.831136,55.305],[10.85,55.304975],[10.854977,55.3],[10.854983,55.29],[10.85,55.285019],[10.835,55.285013],[10.82,55.29471],[10.81,55.295004],[10.805,55.30002],[10.795,55.30002],[10.79,55.303654],[10.785,55.3],[10.784992,55.295],[10.794999,55.285],[10.789987,55.28],[10.789999,55.275],[10.795,55.266053],[10.8,55.265],[10.799997,55.255],[10.809989,55.245],[10.815,55.230455],[10.820182,55.23],[10.815,55.229667],[10.814993,55.225],[10.810385,55.22],[10.814995,55.21],[10.814993,55.2],[10.81,55.194],[10.809991,55.18],[10.795,55.164688],[10.7858,55.145],[10.78998,55.14],[10.780946,55.13],[10.774999,55.105],[10.757778,55.095],[10.754983,55.08],[10.74,55.065032],[10.726364,55.065],[10.70875,55.055],[10.716579,55.04],[10.715,55.031364],[10.685,55.030007],[10.68,55.025047],[10.67,55.025039],[10.665039,55.03],[10.665039,55.035],[10.67,55.039992],[10.697,55.04],[10.66,55.04003],[10.655,55.035003],[10.65,55.035033],[10.645023,55.04],[10.645,55.05],[10.65,55.054995],[10.65925,55.055],[10.635243,55.055],[10.644972,55.045],[10.644995,55.035],[10.655,55.034997],[10.661071,55.025],[10.650962,55.02],[10.641296,55.005],[10.642273,55.0],[10.630556,54.99],[10.631304,54.985],[10.645,54.985244],[10.655,54.98119],[10.663043,54.985],[10.675,54.999989],[10.69,54.999989],[10.694998,54.995],[10.691061,54.99],[10.69,54.973],[10.685,54.970005],[10.66,54.97],[10.643,54.96],[10.661429,54.94],[10.66,54.932778],[10.655,54.928846],[10.639524,54.93],[10.655,54.933],[10.655,54.9375],[10.63,54.936667],[10.625,54.945],[10.608333,54.945],[10.62,54.934286],[10.602857,54.935],[10.59,54.943889],[10.57,54.944773],[10.555,54.940011],[10.550002,54.945],[10.552,54.95],[10.545001,54.955],[10.547368,54.96],[10.542632,54.965],[10.535,54.966818],[10.525,54.962727],[10.52,54.955011],[10.505,54.9642],[10.5,54.963676],[10.49,54.955006],[10.485,54.955006],[10.470003,54.965],[10.468333,54.97],[10.493214,54.97],[10.491667,54.975],[10.5,54.977174],[10.505,54.97625],[10.50525,54.97],[10.51,54.96587],[10.53,54.965132],[10.534205,54.97],[10.525002,54.975],[10.520007,54.985],[10.524487,54.99],[10.52431,54.995],[10.52,54.995012],[10.510026,55.005],[10.52,55.014955],[10.53,55.01],[10.54,55.01998],[10.54825,55.02],[10.559167,55.025],[10.559259,55.03],[10.57,55.03],[10.568636,55.035],[10.595,55.039993],[10.600024,55.045],[10.6,55.049444],[10.58,55.040035],[10.565,55.040003],[10.56,55.03506],[10.545,55.035004],[10.54,55.030059],[10.525616,55.03],[10.52,55.025064],[10.5,55.025069],[10.475,55.040027],[10.421875,55.04],[10.415,55.035042],[10.41,55.040009],[10.4,55.040017],[10.39,55.045007],[10.378409,55.055],[10.378333,55.06],[10.365,55.055004],[10.36,55.049194],[10.35,55.048929],[10.33,55.03505],[10.325,55.035002],[10.320005,55.04],[10.325,55.044985],[10.339444,55.05],[10.32,55.05001],[10.315007,55.055],[10.32,55.060001],[10.305,55.060057],[10.295,55.070004],[10.281,55.075],[10.28,55.080004],[10.265,55.080045],[10.25,55.090005],[10.24,55.09003],[10.235,55.094623],[10.23,55.089687],[10.230116,55.075],[10.24,55.074947],[10.26,55.064994],[10.271852,55.055],[10.26,55.050081],[10.245,55.060018],[10.24,55.060066],[10.230066,55.07],[10.23,55.074963],[10.215656,55.07],[10.220833,55.065],[10.215,55.060021],[10.202778,55.06],[10.195,55.070001],[10.19,55.070031],[10.185,55.075035],[10.165,55.075073],[10.159697,55.08],[10.135,55.08505],[10.13,55.090003],[10.125,55.085078],[10.115,55.084808],[10.11,55.080059],[10.095,55.079847],[10.09,55.075081],[10.075,55.075012],[10.070018,55.08],[10.070019,55.09],[10.085,55.10999],[10.105,55.109983],[10.115,55.122667],[10.1275,55.125],[10.125,55.1302],[10.13,55.12625],[10.152857,55.125],[10.16,55.124997],[10.1625,55.13],[10.145,55.15],[10.135,55.15],[10.130007,55.155],[10.130008,55.165],[10.115,55.182917],[10.095,55.174506],[10.02,55.177941],[10.015003,55.185],[10.015006,55.195],[10.005,55.195018],[10.0,55.200007],[9.994988,55.2],[10.005761,55.19],[10.000263,55.185],[9.996071,55.17],[10.025,55.154993],[10.044995,55.13],[10.03,55.120014],[10.005,55.120055],[10.0,55.125002],[9.985,55.12503],[9.975018,55.135],[9.98,55.139977],[9.985004,55.14],[9.989362,55.15],[9.980005,55.165],[9.980015,55.175],[9.983919,55.18],[9.980013,55.19],[9.985,55.197],[9.984904,55.205],[9.973621,55.215],[9.93,55.21505],[9.91,55.235],[9.9,55.235016],[9.895,55.238857],[9.890005,55.245],[9.895009,55.25],[9.895011,55.255],[9.885,55.255021],[9.88002,55.26],[9.878519,55.27],[9.885003,55.27],[9.885013,55.29],[9.888919,55.295],[9.890007,55.31],[9.875005,55.33],[9.870011,55.345],[9.865,55.3497],[9.825,55.350054],[9.82,55.355],[9.805,55.355061],[9.8,55.360006],[9.79,55.360022],[9.783846,55.365],[9.785007,55.375],[9.79,55.379981],[9.83,55.381429],[9.839683,55.39],[9.835,55.390029],[9.815,55.40501],[9.8,55.405016],[9.789048,55.41],[9.795,55.419955],[9.8,55.419956],[9.805,55.415272],[9.822143,55.415],[9.82501,55.42],[9.82,55.425001],[9.805,55.425032],[9.8,55.430001],[9.75,55.430012],[9.74,55.439444],[9.745001,55.445],[9.735,55.450004],[9.715063,55.47],[9.72,55.474917],[9.79,55.440741],[9.8,55.440612],[9.804886,55.445],[9.8,55.45],[9.785,55.450028],[9.77434,55.46],[9.78,55.465006],[9.755,55.465038],[9.75,55.470007],[9.735,55.475056],[9.725,55.490052],[9.705,55.490106],[9.715,55.489914],[9.719954,55.485],[9.719911,55.48],[9.715,55.475062],[9.705,55.474969],[9.7,55.470157],[9.695,55.470154],[9.675055,55.49],[9.675003,55.495],[9.68,55.499936],[9.69,55.499911],[9.695,55.494982],[9.700113,55.495],[9.675064,55.51],[9.675034,55.515],[9.68,55.519932],[9.7,55.519826],[9.705015,55.515],[9.715,55.514866],[9.720181,55.51],[9.75,55.509969],[9.755029,55.515],[9.755052,55.52],[9.76,55.524942],[9.765,55.525292],[9.765038,55.535],[9.760041,55.54],[9.765,55.544985],[9.785,55.545043],[9.8,55.554918],[9.845,55.55499],[9.854992,55.545],[9.850909,55.535],[9.850918,55.525],[9.865,55.515577],[9.89,55.514986],[9.895,55.511379],[9.9,55.514989],[9.905,55.51125],[9.915,55.511111],[9.925,55.514988],[9.945,55.515],[9.99,55.539992],[10.021667,55.55],[10.023125,55.56],[10.03,55.566346],[10.04,55.565278],[10.045,55.560921],[10.055,55.564992],[10.067667,55.565],[10.085,55.571094],[10.1,55.587353],[10.115,55.590909],[10.12,55.587083],[10.133,55.595],[10.135385,55.595],[10.136875,55.585],[10.14,55.5825],[10.15,55.587647],[10.172,55.59],[10.155,55.599565],[10.143611,55.6],[10.144643,55.605],[10.16,55.609995],[10.17,55.607174],[10.18,55.614998],[10.21,55.606429],[10.225,55.606111],[10.247,55.615],[10.2388,55.625],[10.24,55.63],[10.245,55.63]]}},{"type":"Feature","properties":{"depth":1.0,"source":"DDM 2024 coarse contour","resolution":"0.005 degree sampled grid"},"geometry":{"type":"LineString","coordinates":[[10.670625,54.965],[10.68,54.96175],[10.685,54.964998],[10.7,54.959999],[10.704997,54.955],[10.704996,54.95],[10.7,54.945001],[10.69,54.945002],[10.685,54.949],[10.67,54.9495],[10.656667,54.955],[10.65875,54.96],[10.670625,54.965]]}},{"type":"Feature","properties":{"depth":1.0,"source":"DDM 2024 coarse contour","resolution":"0.005 degree sampled grid"},"geometry":{"type":"LineString","coordinates":[[11.545714,54.995],[11.5485,54.99],[11.565,54.985732],[11.565938,54.98],[11.571579,54.975],[11.555,54.960005],[11.545,54.955],[11.54,54.945625],[11.524722,54.955],[11.515,54.970003],[11.51,54.970003],[11.495005,54.98],[11.495002,54.985],[11.5,54.989992],[11.507,54.99],[11.515,54.994987],[11.53,54.990294],[11.545714,54.995]]}},{"type":"Feature","properties":{"depth":1.0,"source":"DDM 2024 coarse contour","resolution":"0.005 degree sampled grid"},"geometry":{"type":"LineString","coordinates":[[12.105462,54.96],[12.095,54.950005],[12.083571,54.95],[12.075,54.945005],[12.063214,54.95],[12.0625,54.955],[12.075,54.959991],[12.085,54.959998],[12.09,54.964997],[12.1,54.964979],[12.105462,54.96]]}},{"type":"Feature","properties":{"depth":1.0,"source":"DDM 2024 coarse contour","resolution":"0.005 degree sampled grid"},"geometry":{"type":"LineString","coordinates":[[12.053333,54.955],[12.045,54.950009],[12.04,54.953182],[12.019667,54.955],[12.04,54.9554],[12.045,54.959968],[12.053333,54.955]]}},{"type":"Feature","properties":{"depth":1.0,"source":"DDM 2024 coarse contour","resolution":"0.005 degree sampled grid"},"geometry":{"type":"LineString","coordinates":[[11.308125,54.98],[11.320309,54.97],[11.315,54.958654],[11.305,54.960005],[11.295,54.968816],[11.281667,54.975],[11.28,54.98],[11.295,54.982],[11.308125,54.98]]}},{"type":"Feature","properties":{"depth":1.0,"source":"DDM 2024 coarse contour","resolution":"0.005 degree sampled grid"},"geometry":{"type":"LineString","coordinates":[[10.425909,54.985],[10.44375,54.975],[10.445,54.97],[10.425,54.960014],[10.415,54.960051],[10.405,54.969239],[10.395,54.970013],[10.39,54.978043],[10.375,54.970012],[10.365,54.970012],[10.360011,54.975],[10.365,54.980217],[10.375,54.980217],[10.385,54.986],[10.4,54.9875],[10.41,54.98],[10.42,54.986563],[10.425909,54.985]]}},{"type":"Feature","properties":{"depth":1.0,"source":"DDM 2024 coarse contour","resolution":"0.005 degree sampled grid"},"geometry":{"type":"LineString","coordinates":[[12.310769,56.13],[12.317857,56.125],[12.345,56.12497],[12.38,56.105],[12.405,56.104978],[12.410952,56.1],[12.42,56.099987],[12.425,56.095854],[12.45,56.095],[12.455,56.099978],[12.460769,56.095],[12.5,56.094957],[12.505,56.089999],[12.52,56.08996],[12.525,56.084994],[12.535,56.08497],[12.56,56.069997],[12.565,56.069983],[12.575,56.059999],[12.585,56.05998],[12.59,56.054991],[12.595,56.054973],[12.605294,56.045],[12.62,56.044978],[12.624972,56.04],[12.59,56.005028],[12.580341,56.005],[12.554993,55.985],[12.55498,55.98],[12.539996,55.96],[12.539987,55.95],[12.527,55.94],[12.529444,55.935],[12.525156,55.925],[12.525833,55.915],[12.549996,55.885],[12.5504,55.88],[12.559999,55.87],[12.559997,55.865],[12.579964,55.85],[12.574999,55.845],[12.575909,55.835],[12.579987,55.83],[12.5755,55.825],[12.579993,55.82],[12.58,55.811765],[12.589988,55.805],[12.589999,55.8],[12.594985,55.795],[12.594992,55.775],[12.599987,55.77],[12.599992,55.755],[12.585789,55.74],[12.585,55.73],[12.589991,55.725],[12.584998,55.72],[12.6,55.719981],[12.605,55.725086],[12.62,55.724983],[12.625,55.729976],[12.63,55.72997],[12.634945,55.725],[12.634947,55.72],[12.63,55.715053],[12.625,55.715044],[12.62,55.710035],[12.61,55.710014],[12.604995,55.705],[12.604993,55.7],[12.625,55.699962],[12.629993,55.695],[12.627,55.69],[12.63,55.684986],[12.635,55.689939],[12.639929,55.685],[12.64,55.679961],[12.645,55.679931],[12.649965,55.675],[12.645,55.670018],[12.635345,55.67],[12.634998,55.665],[12.64,55.664996],[12.645,55.656034],[12.65,55.659986],[12.65499,55.655],[12.64999,55.65],[12.649998,55.645],[12.66,55.634997],[12.675,55.634982],[12.684981,55.625],[12.684964,55.615],[12.675357,55.605],[12.680882,55.59],[12.665,55.577],[12.655,55.578182],[12.64,55.573667],[12.605,55.551875],[12.58,55.549687],[12.56,55.5575],[12.551875,55.57],[12.535,55.570013],[12.515015,55.585],[12.510009,55.6],[12.505006,55.605],[12.509595,55.62],[12.509348,55.625],[12.505,55.628571],[12.500143,55.62],[12.504992,55.615],[12.495,55.601364],[12.45,55.600013],[12.435,55.610001],[12.4,55.610008],[12.404994,55.605],[12.4,55.600011],[12.395,55.605],[12.39,55.600005],[12.38,55.600003],[12.365,55.590007],[12.351563,55.59],[12.34,55.585003],[12.331154,55.585],[12.325,55.580008],[12.315,55.580002],[12.31,55.575013],[12.3,55.575003],[12.295,55.570012],[12.29,55.570005],[12.285,55.565004],[12.25,55.549125],[12.230323,55.53],[12.229991,55.525],[12.2216,55.515],[12.219994,55.505],[12.212174,55.5],[12.209994,55.49],[12.2,55.47825],[12.199994,55.475],[12.214969,55.46],[12.21,55.455033],[12.205,55.460025],[12.199984,55.455],[12.2,55.4466],[12.225,55.4255],[12.235,55.424992],[12.241429,55.42],[12.255,55.419991],[12.261667,55.415],[12.27,55.414991],[12.275,55.409999],[12.29,55.40999],[12.295,55.404999],[12.335,55.404981],[12.34,55.4],[12.365,55.39999],[12.39,55.384998],[12.395,55.38499],[12.405,55.375],[12.415,55.374985],[12.425,55.36],[12.44,55.354992],[12.449998,55.345],[12.449997,55.335],[12.454992,55.33],[12.45,55.324821],[12.449983,55.315],[12.449995,55.3],[12.454995,55.295],[12.454985,55.285],[12.445,55.275021],[12.42,55.265002],[12.41,55.255044],[12.4,55.255016],[12.395,55.250036],[12.39,55.250027],[12.385,55.255002],[12.38,55.250032],[12.365,55.250004],[12.355,55.235011],[12.285,55.235009],[12.28,55.2386],[12.238214,55.235],[12.23,55.227812],[12.22,55.224688],[12.186316,55.22],[12.17,55.210014],[12.155,55.210005],[12.13,55.185007],[12.12,55.184565],[12.115,55.180007],[12.11,55.175],[12.10999,55.165],[12.110746,55.15],[12.115,55.140566],[12.125,55.135128],[12.135,55.138],[12.14,55.129985],[12.17,55.13],[12.1695,55.125],[12.175,55.12],[12.1825,55.12],[12.175,55.12],[12.177,55.125],[12.185,55.128125],[12.1975,55.125],[12.2,55.12],[12.21,55.12],[12.195,55.118077],[12.185,55.103929],[12.177857,55.1],[12.176667,55.09],[12.155,55.072667],[12.145,55.074],[12.125,55.068571],[12.126875,55.06],[12.14,55.0512],[12.1475,55.05],[12.150556,55.045],[12.145,55.041538],[12.145,55.037143],[12.169992,55.01],[12.174995,55.0],[12.17,54.995009],[12.1525,54.995],[12.135,54.9895],[12.115714,54.97],[12.11,54.97],[12.105,54.965024],[12.1,54.97],[12.102667,54.975],[12.1,54.979444],[12.095,54.98],[12.075,54.965005],[12.061538,54.965],[12.055,54.960034],[12.015,54.960714],[12.01461,54.965],[12.0,54.965018],[11.995,54.970001],[11.985,54.970005],[11.98,54.975004],[11.965,54.980011],[11.955005,54.99],[11.954565,54.995],[11.935,54.995009],[11.92881,55.0],[11.92,55.0],[11.9275,54.99],[11.92,54.989474],[11.915,54.994182],[11.91,54.990026],[11.901071,54.99],[11.9,54.98],[11.895,54.975026],[11.889597,54.98],[11.885,54.980028],[11.87,54.995],[11.875,54.999979],[11.885,55.000017],[11.875,55.000021],[11.84,55.020001],[11.83,55.020017],[11.81,55.035006],[11.8,55.035014],[11.795,55.040005],[11.785,55.040018],[11.78,55.045005],[11.77,55.04501],[11.7625,55.05],[11.735,55.050022],[11.729,55.055],[11.715,55.055029],[11.71,55.060007],[11.685,55.065009],[11.680007,55.07],[11.685,55.074999],[11.7,55.074974],[11.705,55.070714],[11.725,55.069999],[11.73,55.066184],[11.735,55.0685],[11.75,55.066429],[11.754167,55.07],[11.74,55.076923],[11.735,55.088636],[11.72,55.083816],[11.709286,55.085],[11.71,55.09],[11.72,55.086],[11.736667,55.095],[11.715014,55.115],[11.715008,55.12],[11.710006,55.125],[11.70925,55.14],[11.705,55.140008],[11.695,55.15],[11.69,55.150008],[11.6782,55.16],[11.66,55.160018],[11.645,55.175007],[11.635,55.175028],[11.63,55.18001],[11.615,55.180009],[11.61,55.185001],[11.6,55.185012],[11.595,55.190001],[11.59,55.185013],[11.575,55.185034],[11.57,55.190007],[11.535,55.190012],[11.53,55.195004],[11.49,55.196111],[11.48,55.190024],[11.47,55.192059],[11.465,55.185016],[11.46,55.188438],[11.455,55.185008],[11.41,55.185009],[11.405,55.1888],[11.395,55.189643],[11.39,55.185008],[11.37,55.184464],[11.36,55.188333],[11.355,55.185004],[11.35,55.19],[11.34,55.192826],[11.335,55.190009],[11.315,55.190006],[11.31,55.19325],[11.305,55.190009],[11.295,55.190009],[11.28,55.200008],[11.255,55.20008],[11.235,55.219022],[11.23,55.22],[11.231364,55.225],[11.239167,55.23],[11.228929,55.245],[11.229737,55.25],[11.240015,55.255],[11.24,55.269091],[11.235004,55.275],[11.234444,55.285],[11.23,55.285024],[11.225,55.290002],[11.21,55.290032],[11.1988,55.3],[11.185,55.300018],[11.18,55.305006],[11.17,55.305019],[11.15,55.32],[11.125,55.325],[11.125019,55.33],[11.13,55.335036],[11.12,55.335022],[11.109728,55.345],[11.095,55.345023],[11.090023,55.35],[11.11,55.370208],[11.153276,55.37],[11.17,55.379989],[11.18,55.380727],[11.185,55.384983],[11.205,55.386607],[11.21,55.390652],[11.21,55.403548],[11.205,55.405009],[11.190004,55.42],[11.2,55.435],[11.2,55.449375],[11.175003,55.475],[11.175002,55.49],[11.17,55.499043],[11.145,55.510004],[11.13,55.522917],[11.121316,55.52],[11.115,55.51002],[11.09,55.510013],[11.0815,55.515],[11.080021,55.525],[11.095,55.539986],[11.105,55.534999],[11.11,55.539987],[11.145,55.540222],[11.155001,55.555],[11.155,55.569643],[11.150012,55.575],[11.149135,55.585],[11.125,55.615007],[11.12,55.615013],[11.104762,55.625],[11.08,55.630016],[11.075,55.63501],[11.065,55.635022],[11.06,55.640009],[11.05,55.640021],[11.0348,55.65],[11.01,55.650034],[11.002083,55.655],[10.945,55.655025],[10.930006,55.665],[10.930007,55.67],[10.935,55.674995],[10.94,55.675],[10.96,55.674962],[10.965,55.669999],[11.035,55.669952],[11.045,55.665],[11.075,55.664967],[11.08,55.669985],[11.085,55.66499],[11.095,55.664993],[11.090002,55.67],[11.095039,55.675],[11.065,55.67501],[11.054,55.685],[11.045,55.685012],[11.02,55.700017],[11.015,55.700022],[10.989762,55.725],[10.905,55.725043],[10.9,55.730013],[10.89,55.730033],[10.87501,55.74],[10.88,55.744988],[10.9,55.744997],[10.905,55.749976],[10.925,55.7506],[10.93,55.75497],[10.935,55.749998],[10.94,55.750273],[10.945,55.754974],[10.95,55.750703],[10.99,55.749969],[10.995,55.745],[11.005,55.744978],[11.012857,55.74],[11.03,55.739977],[11.035968,55.735],[11.07,55.734998],[11.075,55.739973],[11.095,55.739995],[11.1,55.744973],[11.11,55.744996],[11.125,55.75498],[11.1686,55.755],[11.175,55.759983],[11.2,55.740738],[11.21,55.742188],[11.22,55.749997],[11.225,55.749988],[11.25,55.734998],[11.274881,55.735],[11.28,55.739976],[11.285,55.739999],[11.29,55.746739],[11.29,55.750007],[11.285,55.750014],[11.280018,55.755],[11.285,55.759985],[11.295,55.757857],[11.301429,55.76],[11.298929,55.765],[11.290017,55.77],[11.29,55.775017],[11.285,55.77502],[11.280022,55.78],[11.280009,55.785],[11.275024,55.79],[11.285,55.799928],[11.29998,55.79],[11.295673,55.785],[11.32,55.755833],[11.335,55.755588],[11.34,55.759973],[11.35,55.75999],[11.358788,55.765],[11.378571,55.785],[11.379737,55.79],[11.375012,55.795],[11.375008,55.825],[11.361364,55.845],[11.37,55.844992],[11.3875,55.835],[11.40625,55.835],[11.42,55.839992],[11.425,55.84499],[11.4384,55.845],[11.445,55.849989],[11.495,55.849999],[11.519186,55.875],[11.52371,55.885],[11.520005,55.89],[11.520013,55.905],[11.524149,55.91],[11.525,55.919286],[11.515,55.930008],[11.51,55.930016],[11.495,55.939184],[11.48,55.940017],[11.474231,55.945],[11.455,55.945015],[11.445,55.949545],[11.44,55.945023],[11.435,55.94925],[11.425,55.945025],[11.419706,55.95],[11.375,55.950026],[11.37,55.955001],[11.36,55.955026],[11.345,55.965005],[11.315,55.970007],[11.31,55.975001],[11.305,55.970024],[11.3,55.970028],[11.285014,55.985],[11.280012,56.0],[11.275014,56.005],[11.28,56.009999],[11.295426,55.995],[11.3,55.994979],[11.305,55.989996],[11.315,55.989959],[11.320556,55.985],[11.34,55.984964],[11.345,55.979999],[11.355,55.979979],[11.36,55.974997],[11.375,55.97497],[11.38,55.969988],[11.4,55.969969],[11.4062,55.965],[11.48,55.964975],[11.485763,55.96],[11.5,55.959962],[11.5062,55.955],[11.5538,55.955],[11.56,55.959962],[11.575,55.959999],[11.58,55.964964],[11.59,55.96498],[11.605536,55.95],[11.636154,55.94],[11.65,55.940577],[11.655,55.944983],[11.67,55.945781],[11.675,55.949987],[11.703478,55.95],[11.71,55.954979],[11.72,55.955714],[11.74,55.969986],[11.75,55.969997],[11.755,55.974981],[11.769839,55.975],[11.775,55.979987],[11.791,55.965],[11.789999,55.96],[11.794997,55.955],[11.795,55.95],[11.79,55.945014],[11.785,55.950013],[11.775,55.950004],[11.765,55.940004],[11.759545,55.94],[11.751429,55.925],[11.75499,55.92],[11.754974,55.905],[11.75,55.900031],[11.725,55.895022],[11.72,55.900005],[11.71,55.900022],[11.705005,55.905],[11.705,55.910001],[11.685,55.910001],[11.68,55.913676],[11.67,55.904211],[11.671071,55.885],[11.675976,55.88],[11.685,55.879984],[11.69,55.875],[11.695,55.874971],[11.71,55.861042],[11.734979,55.835],[11.734983,55.82],[11.715,55.80504],[11.71,55.809333],[11.69,55.810008],[11.680556,55.815],[11.66,55.815004],[11.655294,55.81],[11.676667,55.8],[11.665,55.799286],[11.66,55.802222],[11.65,55.800002],[11.649997,55.795],[11.645,55.790023],[11.635833,55.79],[11.63,55.78502],[11.616818,55.785],[11.615732,55.78],[11.62,55.779983],[11.625,55.77498],[11.656,55.775],[11.665,55.779986],[11.675,55.78],[11.685,55.789968],[11.6985,55.79],[11.7,55.795058],[11.722857,55.795],[11.73,55.79998],[11.74,55.794999],[11.749986,55.785],[11.751129,55.775],[11.765177,55.77],[11.755217,55.76],[11.76,55.754999],[11.765,55.755595],[11.770361,55.75],[11.770595,55.745],[11.76,55.740009],[11.75,55.739535],[11.745,55.735016],[11.726364,55.735],[11.72,55.729659],[11.71,55.733387],[11.705,55.730013],[11.695,55.7342],[11.68,55.733077],[11.6665,55.73],[11.667222,55.725],[11.671,55.72],[11.69,55.72],[11.705,55.721389],[11.71,55.724983],[11.755,55.727045],[11.765,55.735435],[11.78,55.730889],[11.79497,55.715],[11.795,55.7018],[11.805,55.700096],[11.814984,55.685],[11.805,55.670015],[11.800004,55.675],[11.8,55.680002],[11.791071,55.67],[11.805,55.665156],[11.815,55.679981],[11.82,55.679991],[11.825017,55.685],[11.825024,55.69],[11.83,55.694996],[11.834996,55.69],[11.835,55.685],[11.835029,55.705],[11.845006,55.715],[11.845035,55.72],[11.86,55.734976],[11.870004,55.735],[11.855,55.735034],[11.850029,55.74],[11.855014,55.75],[11.85,55.750023],[11.845022,55.755],[11.855014,55.765],[11.855024,55.775],[11.859322,55.78],[11.860001,55.795],[11.863182,55.8],[11.86,55.802917],[11.855,55.799302],[11.850019,55.805],[11.86,55.811923],[11.875,55.801047],[11.875035,55.81],[11.885,55.819978],[11.923333,55.82],[11.925,55.825375],[11.93,55.821562],[11.944239,55.835],[11.952895,55.85],[11.945,55.868837],[11.935,55.870005],[11.925021,55.88],[11.924344,55.895],[11.91,55.909429],[11.9,55.914394],[11.89,55.910005],[11.885006,55.915],[11.902,55.935],[11.91,55.939997],[11.94,55.9353],[11.945,55.938571],[11.949167,55.935],[11.96,55.935294],[11.99,55.918333],[12.0,55.917273],[12.005,55.919981],[12.025,55.910978],[12.03,55.901786],[12.01,55.88375],[12.009999,55.88],[12.015,55.877143],[12.015,55.868333],[12.004375,55.865],[12.007857,55.86],[12.015,55.863],[12.024545,55.855],[12.03,55.854995],[12.03499,55.85],[12.035,55.845227],[12.044464,55.855],[12.045,55.860375],[12.05125,55.86],[12.052857,55.865],[12.06,55.868333],[12.058077,55.88],[12.039615,55.9],[12.044255,55.915],[12.04001,55.925],[12.020017,55.945],[12.018684,55.955],[12.015,55.955014],[12.005,55.965011],[11.97,55.963269],[11.955,55.955008],[11.935,55.949737],[11.93,55.945042],[11.906023,55.945],[11.9,55.940051],[11.845,55.94],[11.84,55.945],[11.846818,55.95],[11.845031,55.96],[11.840018,55.965],[11.855,55.979982],[11.86,55.979997],[11.865,55.984976],[11.88,55.985],[11.885,55.989982],[11.895,55.990455],[11.91,55.999975],[11.918857,56.0],[11.925,56.004996],[11.93,56.004993],[11.935,56.009982],[11.945,56.01029],[11.95,56.014983],[11.96,56.015283],[11.965,56.019981],[11.975,56.019995],[11.98,56.024982],[12.005,56.030714],[12.035,56.045714],[12.055,56.059971],[12.063816,56.06],[12.08,56.069972],[12.09,56.0704],[12.115,56.084971],[12.125,56.084997],[12.14,56.094969],[12.15,56.095592],[12.165,56.104973],[12.17,56.104994],[12.185,56.114969],[12.21,56.115548],[12.215,56.119973],[12.229286,56.12],[12.235,56.124967],[12.26,56.125556],[12.265,56.12997],[12.310769,56.13]]}},{"type":"Feature","properties":{"depth":1.0,"source":"DDM 2024 coarse contour","resolution":"0.005 degree sampled grid"},"geometry":{"type":"LineString","coordinates":[[12.305,54.985003],[12.3,54.98875],[12.29,54.985001],[12.2905,54.98],[12.28125,54.975],[12.28,54.97],[12.295,54.969998],[12.305,54.979991],[12.311818,54.98],[12.305,54.985003]]}},{"type":"Feature","properties":{"depth":1.0,"source":"DDM 2024 coarse contour","resolution":"0.005 degree sampled grid"},"geometry":{"type":"LineString","coordinates":[[8.58,54.997],[8.55,54.998333],[8.545,54.995],[8.54,55.0],[8.515,54.999811],[8.515,54.994975],[8.555,54.994999],[8.57,54.993125],[8.575,54.988636],[8.581667,54.995],[8.58,54.997]]}},{"type":"Feature","properties":{"depth":1.0,"source":"DDM 2024 coarse contour","resolution":"0.005 degree sampled grid"},"geometry":{"type":"LineString","coordinates":[[14.779966,55.295],[14.780577,55.29],[14.79,55.28993],[14.795,55.284996],[14.8,55.28492],[14.81995,55.265],[14.819979,55.26],[14.825,55.254986],[14.85,55.249923],[14.855,55.244948],[14.865,55.244918],[14.885,55.229991],[14.895,55.229929],[14.9,55.224995],[14.915,55.224934],[14.930547,55.215],[14.94,55.214949],[14.945,55.21014],[14.95,55.214951],[14.96,55.214967],[14.965,55.219912],[14.979979,55.21],[14.989973,55.2],[14.99,55.194999],[14.995,55.194978],[15.03,55.175064],[15.04,55.174933],[15.055,55.165],[15.065,55.164919],[15.08,55.155057],[15.095,55.15491],[15.1,55.149998],[15.11,55.14993],[15.115,55.145102],[15.145,55.144874],[15.154963,55.13],[15.154998,55.125],[15.145481,55.11],[15.14625,55.105],[15.159897,55.085],[15.145,55.070031],[15.139989,55.07],[15.139971,55.06],[15.135,55.055015],[15.13,55.055003],[15.11498,55.04],[15.114991,55.035],[15.120208,55.03],[15.120111,55.015],[15.08,54.985016],[15.06,54.985024],[15.055,54.990012],[15.04,54.990019],[15.035,54.995007],[14.995,54.995022],[14.99,54.999663],[14.96,55.000018],[14.935,55.015001],[14.93,55.015005],[14.925,55.010048],[14.915,55.02],[14.9,55.02003],[14.895,55.025028],[14.89,55.025034],[14.885,55.030018],[14.875,55.030023],[14.87,55.03501],[14.855,55.035025],[14.85,55.04],[14.825,55.040024],[14.82,55.045],[14.81,55.045032],[14.805,55.050018],[14.775,55.050029],[14.77,55.055006],[14.745,55.060045],[14.72,55.080011],[14.705,55.080008],[14.7,55.085008],[14.695,55.085025],[14.680034,55.1],[14.685,55.104961],[14.695,55.104999],[14.7,55.1108],[14.700021,55.115],[14.695007,55.12],[14.705013,55.13],[14.705011,55.145],[14.699365,55.15],[14.704032,55.155],[14.700008,55.16],[14.704812,55.165],[14.704485,55.17],[14.695055,55.185],[14.700027,55.19],[14.705027,55.215],[14.720027,55.235],[14.720073,55.24],[14.740024,55.255],[14.740051,55.26],[14.750038,55.27],[14.750081,55.29],[14.765,55.299946],[14.775,55.299964],[14.779966,55.295]]}},{"type":"Feature","properties":{"depth":1.0,"source":"DDM 2024 coarse contour","resolution":"0.005 degree sampled grid"},"geometry":{"type":"LineString","coordinates":[[10.473333,55.02],[10.466136,55.015],[10.485,55.010109],[10.4925,55.0],[10.475,54.994107],[10.46,54.995023],[10.450004,55.005],[10.456667,55.015],[10.473333,55.02]]}},{"type":"Feature","properties":{"depth":1.0,"source":"DDM 2024 coarse contour","resolution":"0.005 degree sampled grid"},"geometry":{"type":"LineString","coordinates":[[12.232,55.01],[12.23,54.998235],[12.220001,55.005],[12.218421,55.01],[12.232,55.01]]}},{"type":"Feature","properties":{"depth":1.0,"source":"DDM 2024 coarse contour","resolution":"0.005 degree sampled grid"},"geometry":{"type":"LineString","coordinates":[[10.305,55.02],[10.31,55.015],[10.31,55.01],[10.315,55.014978],[10.325,55.015],[10.33,55.019936],[10.335,55.019942],[10.346731,55.005],[10.34,55.000015],[10.335,55.00003],[10.33,55.005001],[10.315,55.00505],[10.31,55.01],[10.305,55.010011],[10.297778,55.02],[10.305,55.02]]}},{"type":"Feature","properties":{"depth":1.0,"source":"DDM 2024 coarse contour","resolution":"0.005 degree sampled grid"},"geometry":{"type":"LineString","coordinates":[[10.380714,55.015],[10.377222,55.01],[10.384286,55.005],[10.375,55.005],[10.375,55.012],[10.380714,55.015]]}},{"type":"Feature","properties":{"depth":1.0,"source":"DDM 2024 coarse contour","resolution":"0.005 degree sampled grid"},"geometry":{"type":"LineString","coordinates":[[10.255119,55.04],[10.275,55.024994],[10.291154,55.02],[10.285,55.019773],[10.28,55.015052],[10.255,55.015117],[10.235004,55.03],[10.235001,55.035],[10.24,55.039974],[10.245,55.039985],[10.25,55.04491],[10.255119,55.04]]}},{"type":"Feature","properties":{"depth":1.0,"source":"DDM 2024 coarse contour","resolution":"0.005 degree sampled grid"},"geometry":{"type":"LineString","coordinates":[[11.3756,55.04],[11.379988,55.035],[11.375,55.030027],[11.36,55.029194],[11.345,55.020001],[11.340006,55.025],[11.340004,55.03],[11.355,55.039984],[11.3634,55.04],[11.37,55.044994],[11.3756,55.04]]}},{"type":"Feature","properties":{"depth":1.0,"source":"DDM 2024 coarse contour","resolution":"0.005 degree sampled grid"},"geometry":{"type":"LineString","coordinates":[[10.149928,55.065],[10.141,55.06],[10.1414,55.055],[10.155,55.054977],[10.16,55.050288],[10.165,55.050241],[10.17,55.054908],[10.175,55.050167],[10.185,55.049167],[10.186429,55.045],[10.175,55.035015],[10.16,55.034474],[10.155,55.030026],[10.14,55.03002],[10.125002,55.045],[10.120014,55.055],[10.135,55.064924],[10.14,55.060758],[10.140028,55.065],[10.145,55.069889],[10.149928,55.065]]}},{"type":"Feature","properties":{"depth":1.0,"source":"DDM 2024 coarse contour","resolution":"0.005 degree sampled grid"},"geometry":{"type":"LineString","coordinates":[[11.795,55.075002],[11.781786,55.075],[11.775,55.070009],[11.77,55.0734],[11.76,55.068462],[11.755,55.069474],[11.750952,55.065],[11.765,55.064993],[11.77,55.0615],[11.775,55.065],[11.770714,55.06],[11.801786,55.055],[11.8075,55.05],[11.827,55.045],[11.825,55.052353],[11.815,55.053077],[11.804783,55.065],[11.805,55.07],[11.795,55.075002]]}},{"type":"Feature","properties":{"depth":1.0,"source":"DDM 2024 coarse contour","resolution":"0.005 degree sampled grid"},"geometry":{"type":"LineString","coordinates":[[10.62,55.060009],[10.615,55.06002],[10.614976,55.055],[10.61,55.050032],[10.600588,55.05],[10.615,55.049989],[10.615024,55.055],[10.62,55.060009]]}},{"type":"Feature","properties":{"depth":1.0,"source":"DDM 2024 coarse contour","resolution":"0.005 degree sampled grid"},"geometry":{"type":"LineString","coordinates":[[12.25,55.059519],[12.2375,55.055],[12.25,55.054977],[12.25,55.059519]]}},{"type":"Feature","properties":{"depth":1.0,"source":"DDM 2024 coarse contour","resolution":"0.005 degree sampled grid"},"geometry":{"type":"LineString","coordinates":[[11.655,55.08],[11.665,55.079977],[11.67,55.075833],[11.679167,55.075],[11.66,55.070011],[11.65,55.078947],[11.645,55.075007],[11.635,55.075017],[11.63,55.08],[11.635,55.084993],[11.64,55.084997],[11.655,55.08]]}},{"type":"Feature","properties":{"depth":1.0,"source":"DDM 2024 coarse contour","resolution":"0.005 degree sampled grid"},"geometry":{"type":"LineString","coordinates":[[8.59,55.093333],[8.575,55.093793],[8.571562,55.09],[8.575,55.080833],[8.585,55.0765],[8.590556,55.085],[8.59,55.093333]]}},{"type":"Feature","properties":{"depth":1.0,"source":"DDM 2024 coarse contour","resolution":"0.005 degree sampled grid"},"geometry":{"type":"LineString","coordinates":[[10.23,55.099186],[10.216944,55.095],[10.23,55.090135],[10.2345,55.095],[10.23,55.099186]]}},{"type":"Feature","properties":{"depth":1.0,"source":"DDM 2024 coarse contour","resolution":"0.005 degree sampled grid"},"geometry":{"type":"LineString","coordinates":[[8.56,55.113095],[8.555882,55.1],[8.56,55.096957],[8.5665,55.1],[8.561667,55.105],[8.564643,55.11],[8.56,55.113095]]}},{"type":"Feature","properties":{"depth":1.0,"source":"DDM 2024 coarse contour","resolution":"0.005 degree sampled grid"},"geometry":{"type":"LineString","coordinates":[[9.564992,55.13],[9.574996,55.12],[9.574995,55.115],[9.57,55.110012],[9.555,55.110115],[9.545007,55.12],[9.545093,55.13],[9.55,55.134903],[9.56,55.1349],[9.564992,55.13]]}},{"type":"Feature","properties":{"depth":1.0,"source":"DDM 2024 coarse contour","resolution":"0.005 degree sampled grid"},"geometry":{"type":"LineString","coordinates":[[8.57,55.126],[8.564,55.125],[8.564375,55.12],[8.57,55.117174],[8.581,55.12],[8.57,55.126]]}},{"type":"Feature","properties":{"depth":1.0,"source":"DDM 2024 coarse contour","resolution":"0.005 degree sampled grid"},"geometry":{"type":"LineString","coordinates":[[10.108,55.14],[10.118,55.135],[10.1,55.130014],[10.0925,55.135],[10.1,55.140972],[10.108,55.14]]}},{"type":"Feature","properties":{"depth":1.0,"source":"DDM 2024 coarse contour","resolution":"0.005 degree sampled grid"},"geometry":{"type":"LineString","coordinates":[[12.115,55.1388],[12.11,55.135007],[12.100508,55.135],[12.11,55.134993],[12.115,55.131724],[12.1188,55.135],[12.115,55.1388]]}},{"type":"Feature","properties":{"depth":1.0,"source":"DDM 2024 coarse contour","resolution":"0.005 degree sampled grid"},"geometry":{"type":"LineString","coordinates":[[12.065,55.175002],[12.06,55.170008],[12.043462,55.17],[12.031667,55.165],[12.016471,55.15],[12.02,55.145],[12.035,55.144999],[12.045,55.136875],[12.05,55.140556],[12.055,55.136071],[12.06,55.139997],[12.06625,55.14],[12.080001,55.15],[12.078529,55.165],[12.09,55.169995],[12.09,55.175],[12.065,55.175002]]}},{"type":"Feature","properties":{"depth":1.0,"source":"DDM 2024 coarse contour","resolution":"0.005 degree sampled grid"},"geometry":{"type":"LineString","coordinates":[[11.179995,55.175],[11.179997,55.165],[11.175,55.160014],[11.165,55.160001],[11.15,55.140001],[11.145,55.140012],[11.140015,55.145],[11.14,55.154024],[11.130007,55.16],[11.135,55.164982],[11.144222,55.165],[11.155,55.174986],[11.17,55.174998],[11.175,55.179991],[11.179995,55.175]]}},{"type":"Feature","properties":{"depth":1.0,"source":"DDM 2024 coarse contour","resolution":"0.005 degree sampled grid"},"geometry":{"type":"LineString","coordinates":[[8.63,55.16625],[8.62,55.168333],[8.607857,55.165],[8.615,55.165],[8.613571,55.16],[8.625,55.153333],[8.62875,55.155],[8.6275,55.16],[8.632,55.165],[8.63,55.16625]]}},{"type":"Feature","properties":{"depth":1.0,"source":"DDM 2024 coarse contour","resolution":"0.005 degree sampled grid"},"geometry":{"type":"LineString","coordinates":[[8.58,55.175009],[8.574994,55.17],[8.575,55.164286],[8.58,55.163333],[8.584286,55.17],[8.5836,55.175],[8.58,55.175009]]}},{"type":"Feature","properties":{"depth":1.0,"source":"DDM 2024 coarse contour","resolution":"0.005 degree sampled grid"},"geometry":{"type":"LineString","coordinates":[[8.61,55.193158],[8.605,55.1949],[8.600288,55.19],[8.61,55.175909],[8.614737,55.18],[8.615,55.185],[8.61,55.193158]]}},{"type":"Feature","properties":{"depth":1.0,"source":"DDM 2024 coarse contour","resolution":"0.005 degree sampled grid"},"geometry":{"type":"LineString","coordinates":[[8.63,55.188824],[8.624286,55.185],[8.63,55.178333],[8.635,55.18],[8.634643,55.185],[8.63,55.188824]]}},{"type":"Feature","properties":{"depth":1.0,"source":"DDM 2024 coarse contour","resolution":"0.005 degree sampled grid"},"geometry":{"type":"LineString","coordinates":[[11.184,55.25],[11.190129,55.245],[11.189992,55.24],[11.185,55.235],[11.186429,55.23],[11.195,55.225738],[11.2,55.210833],[11.21,55.20125],[11.220577,55.2],[11.219998,55.19],[11.21,55.180014],[11.195,55.190005],[11.19,55.190015],[11.185,55.19488],[11.175,55.195113],[11.170005,55.2],[11.17,55.245],[11.165005,55.25],[11.17,55.254995],[11.184,55.25]]}},{"type":"Feature","properties":{"depth":1.0,"source":"DDM 2024 coarse contour","resolution":"0.005 degree sampled grid"},"geometry":{"type":"LineString","coordinates":[[11.705,55.205005],[11.685,55.204531],[11.6625,55.19],[11.662917,55.185],[11.67,55.18125],[11.68,55.194997],[11.685,55.194994],[11.69,55.19],[11.695,55.195],[11.695,55.200909],[11.709231,55.205],[11.705,55.205005]]}},{"type":"Feature","properties":{"depth":1.0,"source":"DDM 2024 coarse contour","resolution":"0.005 degree sampled grid"},"geometry":{"type":"LineString","coordinates":[[11.36,55.19775],[11.356333,55.195],[11.36,55.191765],[11.365,55.195],[11.365,55.185],[11.365,55.195],[11.36,55.19775]]}},{"type":"Feature","properties":{"depth":1.0,"source":"DDM 2024 coarse contour","resolution":"0.005 degree sampled grid"},"geometry":{"type":"LineString","coordinates":[[11.375,55.19501],[11.370833,55.195],[11.375,55.185],[11.38,55.185882],[11.38,55.193333],[11.375,55.19501]]}},{"type":"Feature","properties":{"depth":1.0,"source":"DDM 2024 coarse contour","resolution":"0.005 degree sampled grid"},"geometry":{"type":"LineString","coordinates":[[11.475,55.201538],[11.465,55.2005],[11.465,55.195],[11.476429,55.2],[11.475,55.201538]]}},{"type":"Feature","properties":{"depth":1.0,"source":"DDM 2024 coarse contour","resolution":"0.005 degree sampled grid"},"geometry":{"type":"LineString","coordinates":[[10.890769,55.225],[10.885,55.218158],[10.8836,55.22],[10.890769,55.225]]}},{"type":"Feature","properties":{"depth":1.0,"source":"DDM 2024 coarse contour","resolution":"0.005 degree sampled grid"},"geometry":{"type":"LineString","coordinates":[[9.885114,55.25],[9.889995,55.245],[9.885,55.240004],[9.88,55.240006],[9.869375,55.25],[9.875,55.254984],[9.88,55.254979],[9.885114,55.25]]}},{"type":"Feature","properties":{"depth":1.0,"source":"DDM 2024 coarse contour","resolution":"0.005 degree sampled grid"},"geometry":{"type":"LineString","coordinates":[[9.79125,55.285],[9.791875,55.28],[9.779997,55.265],[9.765,55.250006],[9.76,55.250002],[9.755,55.245008],[9.74,55.24501],[9.725074,55.255],[9.724595,55.27],[9.74,55.279988],[9.745,55.276379],[9.755,55.28175],[9.76,55.271944],[9.77,55.270556],[9.77,55.279444],[9.763333,55.28],[9.77,55.289997],[9.785,55.278],[9.79125,55.285]]}},{"type":"Feature","properties":{"depth":1.0,"source":"DDM 2024 coarse contour","resolution":"0.005 degree sampled grid"},"geometry":{"type":"LineString","coordinates":[[8.51,55.277],[8.5,55.279167],[8.495833,55.275],[8.51,55.2675],[8.515,55.27],[8.51,55.277]]}},{"type":"Feature","properties":{"depth":1.0,"source":"DDM 2024 coarse contour","resolution":"0.005 degree sampled grid"},"geometry":{"type":"LineString","coordinates":[[9.655,55.28503],[9.643125,55.285],[9.659615,55.285],[9.655,55.28503]]}},{"type":"Feature","properties":{"depth":1.0,"source":"DDM 2024 coarse contour","resolution":"0.005 degree sampled grid"},"geometry":{"type":"LineString","coordinates":[[8.475455,55.3],[8.43,55.289189],[8.415714,55.29],[8.43,55.300163],[8.475455,55.3]]}},{"type":"Feature","properties":{"depth":1.0,"source":"DDM 2024 coarse contour","resolution":"0.005 degree sampled grid"},"geometry":{"type":"LineString","coordinates":[[9.716875,55.295],[9.725,55.290694],[9.725,55.287222],[9.709167,55.29],[9.712,55.295],[9.716875,55.295]]}},{"type":"Feature","properties":{"depth":1.0,"source":"DDM 2024 coarse contour","resolution":"0.005 degree sampled grid"},"geometry":{"type":"LineString","coordinates":[[9.792045,55.33],[9.795,55.326389],[9.8,55.329994],[9.81,55.325875],[9.82,55.329995],[9.828333,55.325],[9.83375,55.3],[9.825,55.295008],[9.795,55.295019],[9.790016,55.3],[9.795001,55.305],[9.795,55.31],[9.789062,55.315],[9.79,55.325],[9.7838,55.33],[9.79,55.332368],[9.792045,55.33]]}},{"type":"Feature","properties":{"depth":1.0,"source":"DDM 2024 coarse contour","resolution":"0.005 degree sampled grid"},"geometry":{"type":"LineString","coordinates":[[8.413333,55.315],[8.415,55.309815],[8.406364,55.315],[8.413333,55.315]]}},{"type":"Feature","properties":{"depth":1.0,"source":"DDM 2024 coarse contour","resolution":"0.005 degree sampled grid"},"geometry":{"type":"LineString","coordinates":[[8.58,55.315909],[8.565714,55.315],[8.57,55.312692],[8.5825,55.315],[8.58,55.315909]]}},{"type":"Feature","properties":{"depth":1.0,"source":"DDM 2024 coarse contour","resolution":"0.005 degree sampled grid"},"geometry":{"type":"LineString","coordinates":[[15.184903,55.325],[15.19,55.324924],[15.194936,55.32],[15.19,55.315338],[15.185,55.315313],[15.170127,55.325],[15.175,55.329959],[15.18,55.329843],[15.184903,55.325]]}},{"type":"Feature","properties":{"depth":1.0,"source":"DDM 2024 coarse contour","resolution":"0.005 degree sampled grid"},"geometry":{"type":"LineString","coordinates":[[10.989979,55.34],[10.990581,55.335],[10.985,55.330022],[10.97,55.330014],[10.965,55.325024],[10.955,55.325023],[10.95002,55.33],[10.965,55.339975],[10.975,55.339997],[10.98,55.344981],[10.985,55.344984],[10.989979,55.34]]}},{"type":"Feature","properties":{"depth":1.0,"source":"DDM 2024 coarse contour","resolution":"0.005 degree sampled grid"},"geometry":{"type":"LineString","coordinates":[[11.18,55.350001],[11.1675,55.35],[11.164999,55.34],[11.16,55.335004],[11.152692,55.335],[11.16,55.33],[11.18,55.330417],[11.194167,55.335],[11.197143,55.34],[11.1825,55.345],[11.18,55.350001]]}},{"type":"Feature","properties":{"depth":1.0,"source":"DDM 2024 coarse contour","resolution":"0.005 degree sampled grid"},"geometry":{"type":"LineString","coordinates":[[9.715336,55.37],[9.720252,55.365],[9.72,55.354328],[9.7,55.348833],[9.69,55.350027],[9.685014,55.355],[9.7,55.369983],[9.715336,55.37]]}},{"type":"Feature","properties":{"depth":1.0,"source":"DDM 2024 coarse contour","resolution":"0.005 degree sampled grid"},"geometry":{"type":"LineString","coordinates":[[9.59,55.370001],[9.5775,55.37],[9.585,55.364999],[9.59,55.365],[9.59,55.370001]]}},{"type":"Feature","properties":{"depth":1.0,"source":"DDM 2024 coarse contour","resolution":"0.005 degree sampled grid"},"geometry":{"type":"LineString","coordinates":[[9.815,55.440008],[9.805,55.44],[9.812,55.435],[9.82,55.435],[9.818077,55.44],[9.815,55.440008]]}},{"type":"Feature","properties":{"depth":1.0,"source":"DDM 2024 coarse contour","resolution":"0.005 degree sampled grid"},"geometry":{"type":"LineString","coordinates":[[10.445,55.479275],[10.444971,55.475],[10.439974,55.47],[10.44,55.465351],[10.445,55.462222],[10.451154,55.47],[10.445,55.479275]]}},{"type":"Feature","properties":{"depth":1.0,"source":"DDM 2024 coarse contour","resolution":"0.005 degree sampled grid"},"geometry":{"type":"LineString","coordinates":[[11.075455,55.48],[11.08,55.477368],[11.085,55.479981],[11.089978,55.475],[11.09,55.469783],[11.074318,55.475],[11.075455,55.48]]}},{"type":"Feature","properties":{"depth":1.0,"source":"DDM 2024 coarse contour","resolution":"0.005 degree sampled grid"},"geometry":{"type":"LineString","coordinates":[[10.47,55.484211],[10.455,55.478889],[10.465,55.479985],[10.47,55.47619],[10.473902,55.48],[10.47,55.484211]]}},{"type":"Feature","properties":{"depth":1.0,"source":"DDM 2024 coarse contour","resolution":"0.005 degree sampled grid"},"geometry":{"type":"LineString","coordinates":[[10.52,55.483971],[10.495,55.483676],[10.486818,55.48],[10.49,55.476957],[10.52,55.475781],[10.523857,55.48],[10.52,55.483971]]}},{"type":"Feature","properties":{"depth":1.0,"source":"DDM 2024 coarse contour","resolution":"0.005 degree sampled grid"},"geometry":{"type":"LineString","coordinates":[[10.799993,55.515],[10.79,55.505013],[10.785,55.505012],[10.775011,55.515],[10.78,55.519984],[10.785,55.519988],[10.795,55.519975],[10.799993,55.515]]}},{"type":"Feature","properties":{"depth":1.0,"source":"DDM 2024 coarse contour","resolution":"0.005 degree sampled grid"},"geometry":{"type":"LineString","coordinates":[[7.977,55.53],[7.975,55.51987],[7.974535,55.53],[7.977,55.53]]}},{"type":"Feature","properties":{"depth":1.0,"source":"DDM 2024 coarse contour","resolution":"0.005 degree sampled grid"},"geometry":{"type":"LineString","coordinates":[[12.78025,55.675],[12.783889,55.665],[12.79,55.663],[12.795,55.635],[12.8,55.635],[12.797917,55.63],[12.8,55.625],[12.81,55.625455],[12.82,55.630227],[12.8175,55.625],[12.818571,55.615],[12.815,55.609783],[12.79,55.600005],[12.765,55.599783],[12.764989,55.595],[12.76,55.590021],[12.755,55.590024],[12.735002,55.605],[12.744118,55.61],[12.74,55.6135],[12.735,55.614808],[12.734988,55.61],[12.73,55.605013],[12.725025,55.61],[12.73,55.614994],[12.734615,55.615],[12.7225,55.64],[12.73,55.656429],[12.741,55.67],[12.76,55.675455],[12.78025,55.675]]}},{"type":"Feature","properties":{"depth":1.0,"source":"DDM 2024 coarse contour","resolution":"0.005 degree sampled grid"},"geometry":{"type":"LineString","coordinates":[[12.755,55.605556],[12.75,55.608333],[12.755,55.599989],[12.76375,55.6],[12.755,55.605556]]}},{"type":"Feature","properties":{"depth":1.0,"source":"DDM 2024 coarse contour","resolution":"0.005 degree sampled grid"},"geometry":{"type":"LineString","coordinates":[[10.18,55.645],[10.19,55.644992],[10.194987,55.64],[10.18,55.625021],[10.160015,55.64],[10.160007,55.645],[10.165,55.64999],[10.175,55.649982],[10.18,55.645]]}},{"type":"Feature","properties":{"depth":1.0,"source":"DDM 2024 coarse contour","resolution":"0.005 degree sampled grid"},"geometry":{"type":"LineString","coordinates":[[12.53,55.635],[12.513462,55.635],[12.507857,55.63],[12.51,55.626667],[12.525,55.628333],[12.52875,55.63],[12.53,55.635]]}},{"type":"Feature","properties":{"depth":1.0,"source":"DDM 2024 coarse contour","resolution":"0.005 degree sampled grid"},"geometry":{"type":"LineString","coordinates":[[11.99,55.738519],[11.985,55.73],[11.984991,55.72],[11.969996,55.7],[11.961957,55.695],[11.966667,55.685],[11.963649,55.685],[11.96,55.692857],[11.935,55.665],[11.94,55.661765],[11.948,55.665],[11.945007,55.67],[11.955,55.679967],[11.992353,55.68],[11.984706,55.685],[11.99,55.685714],[11.990009,55.69],[11.985,55.690004],[11.979333,55.695],[11.985,55.700968],[11.99,55.699988],[11.995,55.705909],[12.005,55.709982],[12.010741,55.705],[12.004994,55.7],[12.005,55.695714],[12.01,55.69999],[12.015,55.699995],[12.02,55.695625],[12.03,55.699986],[12.035,55.694995],[12.045,55.695455],[12.045,55.689091],[12.060806,55.675],[12.06075,55.66],[12.071607,55.655],[12.083611,55.655],[12.085,55.66875],[12.075,55.670012],[12.065012,55.68],[12.075,55.689994],[12.079286,55.69],[12.0795,55.695],[12.085,55.699995],[12.099516,55.7],[12.094306,55.705],[12.1,55.705156],[12.1,55.714429],[12.097778,55.715],[12.1075,55.73],[12.100833,55.73],[12.095,55.722917],[12.07,55.72501],[12.065,55.733478],[12.06,55.729706],[12.035,55.730004],[12.03,55.725011],[12.015833,55.72],[12.015,55.715],[12.005,55.725],[12.005,55.733276],[11.995,55.730015],[11.99,55.738519]]}},{"type":"Feature","properties":{"depth":1.0,"source":"DDM 2024 coarse contour","resolution":"0.005 degree sampled grid"},"geometry":{"type":"LineString","coordinates":[[12.015,55.685005],[12.009994,55.685],[12.009996,55.68],[12.025,55.669998],[12.03,55.669989],[12.035,55.674986],[12.04,55.671286],[12.045,55.674986],[12.052273,55.675],[12.045,55.675014],[12.04,55.68],[12.030952,55.68],[12.03,55.676],[12.029231,55.68],[12.02,55.680012],[12.015,55.685005]]}},{"type":"Feature","properties":{"depth":1.0,"source":"DDM 2024 coarse contour","resolution":"0.005 degree sampled grid"},"geometry":{"type":"LineString","coordinates":[[11.838125,55.81],[11.840857,55.8],[11.850652,55.79],[11.847857,55.775],[11.835,55.757857],[11.835,55.750556],[11.840213,55.745],[11.835,55.740021],[11.825,55.749062],[11.82,55.748871],[11.816364,55.745],[11.820263,55.735],[11.813,55.735],[11.794831,55.745],[11.80125,55.755],[11.782812,55.76],[11.783158,55.765],[11.77,55.777143],[11.77,55.782353],[11.78,55.789984],[11.789839,55.79],[11.795,55.795],[11.8,55.794997],[11.81,55.786552],[11.815,55.7875],[11.819868,55.795],[11.819528,55.81],[11.838125,55.81]]}},{"type":"Feature","properties":{"depth":1.0,"source":"DDM 2024 coarse contour","resolution":"0.005 degree sampled grid"},"geometry":{"type":"LineString","coordinates":[[12.04,55.849914],[12.035086,55.845],[12.039996,55.835],[12.0406,55.825],[12.052105,55.815],[12.055,55.8025],[12.06,55.806875],[12.067059,55.8],[12.06,55.797778],[12.059987,55.79],[12.055417,55.785],[12.069998,55.765],[12.06125,55.755],[12.07,55.739997],[12.075,55.751739],[12.09,55.7525],[12.094074,55.76],[12.084,55.76],[12.083235,55.775],[12.069697,55.79],[12.070003,55.795],[12.075,55.8],[12.065007,55.81],[12.060014,55.825],[12.050023,55.835],[12.049739,55.84],[12.045,55.840054],[12.040028,55.845],[12.04,55.849914]]}},{"type":"Feature","properties":{"depth":1.0,"source":"DDM 2024 coarse contour","resolution":"0.005 degree sampled grid"},"geometry":{"type":"LineString","coordinates":[[10.315213,55.8],[10.317632,55.79],[10.329988,55.775],[10.329993,55.76],[10.322222,55.745],[10.315,55.740007],[10.3,55.740016],[10.293269,55.745],[10.24,55.745007],[10.230012,55.755],[10.245,55.766923],[10.27,55.764988],[10.275,55.762],[10.278409,55.765],[10.275,55.77],[10.285,55.772222],[10.31,55.802222],[10.315213,55.8]]}},{"type":"Feature","properties":{"depth":1.0,"source":"DDM 2024 coarse contour","resolution":"0.005 degree sampled grid"},"geometry":{"type":"LineString","coordinates":[[10.570882,56.01],[10.57,56.0035],[10.565,56.0035],[10.564994,55.98],[10.569987,55.975],[10.57,55.966154],[10.585,55.944999],[10.605227,55.93],[10.62,55.929967],[10.625,55.925865],[10.64,55.92499],[10.647368,55.92],[10.642273,55.91],[10.645,55.907692],[10.66,55.910577],[10.665,55.921667],[10.67,55.921389],[10.669667,55.935],[10.671842,55.935],[10.679961,55.925],[10.68,55.915714],[10.689991,55.905],[10.685,55.9],[10.68,55.9034],[10.665,55.902],[10.657,55.895],[10.663,55.89],[10.675,55.887381],[10.68,55.891],[10.677273,55.885],[10.679995,55.87],[10.675,55.865015],[10.66,55.86],[10.646098,55.845],[10.644979,55.835],[10.64,55.83],[10.64,55.816875],[10.645714,55.81],[10.644985,55.795],[10.639989,55.79],[10.639984,55.785],[10.626,55.775],[10.624992,55.765],[10.62,55.760025],[10.615,55.760033],[10.61,55.765001],[10.585,55.76503],[10.58,55.76971],[10.56,55.769149],[10.55,55.765022],[10.530019,55.785],[10.530001,55.79],[10.525022,55.795],[10.5265,55.855],[10.54,55.859998],[10.545,55.864983],[10.56,55.866064],[10.565,55.869978],[10.57,55.8659],[10.58,55.869997],[10.590001,55.88],[10.590012,55.89],[10.599239,55.905],[10.595001,55.915],[10.585,55.925],[10.58,55.925015],[10.563966,55.935],[10.535,55.935036],[10.52003,55.955],[10.520013,55.98],[10.54,55.994984],[10.570882,56.01]]}},{"type":"Feature","properties":{"depth":1.0,"source":"DDM 2024 coarse contour","resolution":"0.005 degree sampled grid"},"geometry":{"type":"LineString","coordinates":[[10.23875,55.775],[10.23,55.7725],[10.225,55.775],[10.21,55.769],[10.207273,55.775],[10.215,55.7775],[10.23875,55.775]]}},{"type":"Feature","properties":{"depth":1.0,"source":"DDM 2024 coarse contour","resolution":"0.005 degree sampled grid"},"geometry":{"type":"LineString","coordinates":[[10.082,55.84],[10.089444,55.835],[10.09,55.829996],[10.1,55.830682],[10.104999,55.825],[10.09,55.815031],[10.07,55.815094],[10.055002,55.83],[10.06,55.834986],[10.082,55.84]]}},{"type":"Feature","properties":{"depth":1.0,"source":"DDM 2024 coarse contour","resolution":"0.005 degree sampled grid"},"geometry":{"type":"LineString","coordinates":[[10.355417,55.845],[10.352368,55.84],[10.355,55.8375],[10.37375,55.83],[10.369,55.825],[10.36,55.820005],[10.355,55.823409],[10.345,55.821667],[10.331111,55.825],[10.3355,55.83],[10.33,55.836111],[10.33,55.842188],[10.335,55.840909],[10.34,55.8458],[10.35,55.84875],[10.355417,55.845]]}},{"type":"Feature","properties":{"depth":1.0,"source":"DDM 2024 coarse contour","resolution":"0.005 degree sampled grid"},"geometry":{"type":"LineString","coordinates":[[8.215,56.091111],[8.2,56.089687],[8.195,56.094167],[8.19,56.093846],[8.168333,56.085],[8.144,56.085],[8.146667,56.075],[8.135,56.055],[8.14125,56.045],[8.139,56.04],[8.131,56.035],[8.138333,56.025],[8.139286,56.015],[8.1525,56.005],[8.13875,55.995],[8.145,55.987188],[8.165,55.975833],[8.1925,55.98],[8.180833,55.97],[8.185,55.965833],[8.255,55.948],[8.256667,55.945],[8.253333,55.935],[8.265,55.930833],[8.265,55.9275],[8.245,55.925],[8.215,55.9125],[8.2,55.915],[8.196667,55.91],[8.2,55.906667],[8.225,55.9075],[8.23,55.912692],[8.27,55.91],[8.28,55.9125],[8.28875,55.91],[8.274167,55.905],[8.27375,55.9],[8.29,55.885],[8.28,55.871],[8.2725,55.87],[8.266667,55.865],[8.27,55.85375],[8.288571,55.86],[8.34,55.8925],[8.353125,55.91],[8.352857,55.92],[8.339,55.93],[8.325,55.946429],[8.28,55.9675],[8.265,55.969167],[8.249792,55.98],[8.26,55.986667],[8.259167,55.995],[8.266875,56.0],[8.26475,56.005],[8.273333,56.015],[8.281875,56.04],[8.281429,56.05],[8.245,56.078333],[8.225,56.0825],[8.215,56.091111]]}},{"type":"Feature","properties":{"depth":1.0,"source":"DDM 2024 coarse contour","resolution":"0.005 degree sampled grid"},"geometry":{"type":"LineString","coordinates":[[11.080333,55.92],[11.1,55.919976],[11.105,55.914992],[11.115,55.91498],[11.125,55.904994],[11.13,55.90498],[11.136,55.9],[11.145,55.9],[11.16,55.889993],[11.165,55.889987],[11.175,55.879993],[11.185,55.879976],[11.195968,55.87],[11.205,55.869978],[11.214998,55.86],[11.21,55.855015],[11.205,55.860015],[11.195,55.860023],[11.19,55.865001],[11.16,55.865015],[11.135,55.880011],[11.13,55.88002],[11.115,55.895007],[11.1,55.895021],[11.095,55.900015],[11.085,55.900024],[11.075016,55.915],[11.080333,55.92]]}},{"type":"Feature","properties":{"depth":1.0,"source":"DDM 2024 coarse contour","resolution":"0.005 degree sampled grid"},"geometry":{"type":"LineString","coordinates":[[10.2925,55.91],[10.2825,55.9],[10.275,55.9025],[10.275,55.906667],[10.28,55.905938],[10.29,55.9125],[10.2925,55.91]]}},{"type":"Feature","properties":{"depth":1.0,"source":"DDM 2024 coarse contour","resolution":"0.005 degree sampled grid"},"geometry":{"type":"LineString","coordinates":[[10.423,55.96],[10.445,55.959988],[10.454996,55.95],[10.44,55.940017],[10.43,55.940015],[10.425,55.94501],[10.41,55.950013],[10.400008,55.96],[10.405,55.964985],[10.41,55.96499],[10.423,55.96]]}},{"type":"Feature","properties":{"depth":1.0,"source":"DDM 2024 coarse contour","resolution":"0.005 degree sampled grid"},"geometry":{"type":"LineString","coordinates":[[10.77,55.945],[10.765,55.94002],[10.76,55.940012],[10.755,55.940037],[10.750015,55.945],[10.755,55.949989],[10.76,55.949989],[10.765,55.949988],[10.77,55.945]]}},{"type":"Feature","properties":{"depth":1.0,"source":"DDM 2024 coarse contour","resolution":"0.005 degree sampled grid"},"geometry":{"type":"LineString","coordinates":[[10.814987,56.135],[10.81,56.130011],[10.8,56.130009],[10.795021,56.135],[10.8,56.139977],[10.81,56.13999],[10.814987,56.135]]}},{"type":"Feature","properties":{"depth":1.0,"source":"DDM 2024 coarse contour","resolution":"0.005 degree sampled grid"},"geometry":{"type":"LineString","coordinates":[[11.709167,56.2],[11.714999,56.195],[11.71,56.190042],[11.7,56.190067],[11.695034,56.195],[11.6975,56.2],[11.709167,56.2]]}},{"type":"Feature","properties":{"depth":1.0,"source":"DDM 2024 coarse contour","resolution":"0.005 degree sampled grid"},"geometry":{"type":"LineString","coordinates":[[8.666957,56.58],[8.636154,56.555],[8.631167,56.545],[8.639987,56.535],[8.639979,56.525],[8.625,56.515015],[8.620022,56.52],[8.625018,56.525],[8.625015,56.53],[8.615026,56.54],[8.615,56.549886],[8.610008,56.555],[8.64,56.584988],[8.65,56.584992],[8.655,56.578125],[8.66,56.576667],[8.665,56.581452],[8.666957,56.58]]}},{"type":"Feature","properties":{"depth":1.0,"source":"DDM 2024 coarse contour","resolution":"0.005 degree sampled grid"},"geometry":{"type":"LineString","coordinates":[[10.225,56.544],[10.219996,56.54],[10.222308,56.535],[10.219997,56.53],[10.225,56.527083],[10.225,56.544]]}},{"type":"Feature","properties":{"depth":1.0,"source":"DDM 2024 coarse contour","resolution":"0.005 degree sampled grid"},"geometry":{"type":"LineString","coordinates":[[9.29,56.605028],[9.28,56.595004],[9.265,56.588],[9.256364,56.58],[9.266071,56.575],[9.26,56.572273],[9.26,56.567727],[9.27,56.55],[9.295,56.538462],[9.31,56.5375],[9.315,56.532188],[9.335,56.544998],[9.35,56.5425],[9.356,56.545],[9.357857,56.55],[9.355,56.554],[9.345,56.5575],[9.32,56.550007],[9.295,56.550011],[9.285013,56.56],[9.285013,56.575],[9.295,56.596364],[9.29,56.605028]]}},{"type":"Feature","properties":{"depth":1.0,"source":"DDM 2024 coarse contour","resolution":"0.005 degree sampled grid"},"geometry":{"type":"LineString","coordinates":[[10.25,56.569194],[10.240465,56.56],[10.245,56.555357],[10.25,56.557353],[10.254194,56.565],[10.25,56.569194]]}},{"type":"Feature","properties":{"depth":1.0,"source":"DDM 2024 coarse contour","resolution":"0.005 degree sampled grid"},"geometry":{"type":"LineString","coordinates":[[10.295,56.605036],[10.290556,56.605],[10.28375,56.59],[10.26,56.58125],[10.251087,56.57],[10.255,56.566087],[10.26,56.573125],[10.27,56.5765],[10.275,56.583125],[10.28,56.579996],[10.289167,56.585],[10.299444,56.605],[10.295,56.605036]]}},{"type":"Feature","properties":{"depth":1.0,"source":"DDM 2024 coarse contour","resolution":"0.005 degree sampled grid"},"geometry":{"type":"LineString","coordinates":[[9.14,56.615003],[9.12,56.614375],[9.116111,56.61],[9.12,56.609997],[9.13,56.599999],[9.1445,56.61],[9.14375,56.615],[9.14,56.615003]]}},{"type":"Feature","properties":{"depth":1.0,"source":"DDM 2024 coarse contour","resolution":"0.005 degree sampled grid"},"geometry":{"type":"LineString","coordinates":[[10.33,56.609043],[10.325,56.605025],[10.32,56.609286],[10.315588,56.605],[10.325,56.604975],[10.33,56.601042],[10.334043,56.605],[10.33,56.609043]]}},{"type":"Feature","properties":{"depth":1.0,"source":"DDM 2024 coarse contour","resolution":"0.005 degree sampled grid"},"geometry":{"type":"LineString","coordinates":[[9.87,56.645018],[9.86,56.645039],[9.855,56.649683],[9.85,56.645018],[9.82,56.645014],[9.82,56.640882],[9.849792,56.64],[9.855,56.644971],[9.875,56.645],[9.87,56.645018]]}},{"type":"Feature","properties":{"depth":1.0,"source":"DDM 2024 coarse contour","resolution":"0.005 degree sampled grid"},"geometry":{"type":"LineString","coordinates":[[9.93,56.655012],[9.925,56.650061],[9.885385,56.65],[9.89,56.645435],[9.895,56.649962],[9.939808,56.65],[9.935,56.654771],[9.93,56.655012]]}},{"type":"Feature","properties":{"depth":1.0,"source":"DDM 2024 coarse contour","resolution":"0.005 degree sampled grid"},"geometry":{"type":"LineString","coordinates":[[10.105,56.71],[10.104994,56.705],[10.095,56.695006],[10.085,56.695001],[10.08,56.690009],[10.075,56.690008],[10.065,56.700015],[10.055,56.700011],[10.05,56.695019],[10.04,56.695015],[10.035,56.690033],[10.02,56.690011],[10.01,56.680049],[10.0,56.680067],[9.995,56.675096],[9.98,56.675016],[9.965,56.665069],[9.955,56.665009],[9.955533,56.66],[9.95,56.660016],[9.945,56.655052],[9.935811,56.655],[9.940275,56.65],[9.95,56.649936],[9.965,56.654989],[9.97,56.659879],[9.975,56.659915],[9.98,56.654976],[9.995,56.669884],[10.005,56.669913],[10.01,56.674912],[10.015,56.674919],[10.02,56.669998],[10.025,56.674934],[10.03,56.674982],[10.05,56.694981],[10.055,56.694977],[10.06,56.689993],[10.07,56.689994],[10.075,56.684994],[10.085,56.684999],[10.110002,56.7],[10.11,56.7095],[10.105,56.71]]}},{"type":"Feature","properties":{"depth":1.0,"source":"DDM 2024 coarse contour","resolution":"0.005 degree sampled grid"},"geometry":{"type":"LineString","coordinates":[[8.51,56.68],[8.488125,56.68],[8.485714,56.675],[8.49,56.669995],[8.505,56.669993],[8.52,56.675],[8.51,56.68]]}},{"type":"Feature","properties":{"depth":1.0,"source":"DDM 2024 coarse contour","resolution":"0.005 degree sampled grid"},"geometry":{"type":"LineString","coordinates":[[8.9445,56.98],[8.93,56.972647],[8.928077,56.965],[8.91,56.952143],[8.910147,56.945],[8.915256,56.94],[8.915,56.931522],[8.92499,56.92],[8.909998,56.905],[8.909994,56.895],[8.900135,56.885],[8.895,56.873333],[8.894995,56.865],[8.89,56.859167],[8.8825,56.865],[8.884348,56.87],[8.88,56.876667],[8.875,56.87381],[8.865,56.875016],[8.857222,56.885],[8.848214,56.885],[8.846389,56.88],[8.85,56.875],[8.845,56.875833],[8.83,56.867143],[8.839993,56.855],[8.845,56.83125],[8.86,56.816053],[8.8775,56.805],[8.879998,56.79],[8.875,56.785009],[8.870007,56.79],[8.87,56.795],[8.85625,56.79],[8.865,56.787083],[8.865132,56.78],[8.86,56.775037],[8.846739,56.775],[8.84,56.7625],[8.84,56.752857],[8.830833,56.745],[8.834962,56.74],[8.83,56.73504],[8.820806,56.735],[8.81,56.725006],[8.8,56.725005],[8.776875,56.71],[8.774993,56.7],[8.779965,56.695],[8.775,56.690044],[8.76,56.689426],[8.74,56.680028],[8.7,56.680004],[8.695,56.675028],[8.675385,56.675],[8.67,56.670027],[8.65,56.670004],[8.645,56.665026],[8.615004,56.69],[8.62,56.69499],[8.625,56.691143],[8.629219,56.695],[8.625,56.695013],[8.61,56.707667],[8.61,56.715008],[8.6,56.71501],[8.59,56.719231],[8.587381,56.715],[8.591,56.71],[8.585,56.705012],[8.575,56.700022],[8.56,56.699552],[8.557,56.7],[8.558824,56.705],[8.555,56.7105],[8.542059,56.715],[8.540001,56.72],[8.545,56.724992],[8.570006,56.725],[8.560455,56.73],[8.54,56.737955],[8.51,56.720034],[8.505,56.720028],[8.50001,56.725],[8.504359,56.735],[8.500022,56.74],[8.51,56.749988],[8.522692,56.75],[8.54,56.759991],[8.553261,56.76],[8.550018,56.765],[8.550006,56.775],[8.543462,56.785],[8.55,56.794994],[8.555,56.789999],[8.569474,56.79],[8.585,56.79999],[8.605,56.799991],[8.61,56.795],[8.62,56.794983],[8.625,56.794995],[8.63,56.799966],[8.635,56.795882],[8.65,56.804977],[8.66,56.804997],[8.664697,56.81],[8.663974,56.815],[8.64,56.815018],[8.63,56.819934],[8.61,56.820002],[8.605009,56.825],[8.62,56.834973],[8.6435,56.835],[8.635,56.835014],[8.630004,56.84],[8.645002,56.855],[8.645011,56.87],[8.640046,56.875],[8.640042,56.88],[8.635,56.880061],[8.63005,56.885],[8.635,56.889931],[8.665,56.890278],[8.67,56.89498],[8.68,56.889993],[8.7,56.890455],[8.705,56.894966],[8.73,56.894969],[8.735,56.890047],[8.75,56.899974],[8.78,56.899998],[8.785,56.904977],[8.815,56.904994],[8.825002,56.915],[8.825013,56.93],[8.848077,56.945],[8.86,56.959971],[8.865,56.954979],[8.9,56.955179],[8.925,56.975321],[8.935,56.975625],[8.94,56.983462],[8.9445,56.98]]}},{"type":"Feature","properties":{"depth":1.0,"source":"DDM 2024 coarse contour","resolution":"0.005 degree sampled grid"},"geometry":{"type":"LineString","coordinates":[[8.46,56.695003],[8.437143,56.69],[8.434167,56.685],[8.436429,56.68],[8.445,56.684999],[8.477727,56.69],[8.465,56.690006],[8.46,56.695003]]}},{"type":"Feature","properties":{"depth":1.0,"source":"DDM 2024 coarse contour","resolution":"0.005 degree sampled grid"},"geometry":{"type":"LineString","coordinates":[[10.225,56.720002],[10.21,56.715005],[10.2,56.705002],[10.19,56.700014],[10.174999,56.7],[10.186087,56.69],[10.195,56.688],[10.205,56.69],[10.213333,56.695],[10.225,56.714999],[10.23,56.706667],[10.230009,56.71],[10.23825,56.715],[10.23,56.715004],[10.225,56.720002]]}},{"type":"Feature","properties":{"depth":1.0,"source":"DDM 2024 coarse contour","resolution":"0.005 degree sampled grid"},"geometry":{"type":"LineString","coordinates":[[11.661667,56.735],[11.655,56.73002],[11.645,56.729831],[11.63,56.720016],[11.62,56.718714],[11.585,56.690003],[11.578636,56.69],[11.57,56.685008],[11.54,56.685006],[11.520007,56.705],[11.51875,56.71],[11.51,56.710009],[11.505015,56.715],[11.51,56.719998],[11.52,56.724996],[11.52875,56.725],[11.535,56.729995],[11.58,56.725849],[11.585,56.729983],[11.600556,56.73],[11.61,56.734986],[11.629062,56.735],[11.635,56.739977],[11.655,56.739985],[11.661667,56.735]]}},{"type":"Feature","properties":{"depth":1.0,"source":"DDM 2024 coarse contour","resolution":"0.005 degree sampled grid"},"geometry":{"type":"LineString","coordinates":[[8.885,56.713214],[8.876023,56.705],[8.88,56.704983],[8.89,56.694998],[8.905,56.694996],[8.91,56.699991],[8.915003,56.7],[8.915,56.705005],[8.905,56.709314],[8.89,56.705023],[8.885,56.713214]]}},{"type":"Feature","properties":{"depth":1.0,"source":"DDM 2024 coarse contour","resolution":"0.005 degree sampled grid"},"geometry":{"type":"LineString","coordinates":[[10.32,56.705004],[10.3,56.708654],[10.295,56.702857],[10.280833,56.7],[10.282188,56.695],[10.285,56.694996],[10.29,56.699998],[10.304091,56.7],[10.31,56.704991],[10.323636,56.705],[10.32,56.705004]]}},{"type":"Feature","properties":{"depth":1.0,"source":"DDM 2024 coarse contour","resolution":"0.005 degree sampled grid"},"geometry":{"type":"LineString","coordinates":[[10.255,56.710003],[10.24,56.712812],[10.241667,56.705],[10.235556,56.7],[10.274773,56.7],[10.26,56.71],[10.255,56.710003]]}},{"type":"Feature","properties":{"depth":1.0,"source":"DDM 2024 coarse contour","resolution":"0.005 degree sampled grid"},"geometry":{"type":"LineString","coordinates":[[10.34,56.7075],[10.325441,56.705],[10.342222,56.705],[10.34,56.7075]]}},{"type":"Feature","properties":{"depth":1.0,"source":"DDM 2024 coarse contour","resolution":"0.005 degree sampled grid"},"geometry":{"type":"LineString","coordinates":[[10.155,56.715006],[10.13,56.715],[10.135,56.714993],[10.14,56.709993],[10.16,56.709988],[10.16,56.714032],[10.155,56.715006]]}},{"type":"Feature","properties":{"depth":1.0,"source":"DDM 2024 coarse contour","resolution":"0.005 degree sampled grid"},"geometry":{"type":"LineString","coordinates":[[9.200214,56.725],[9.195,56.724022],[9.185,56.715037],[9.180005,56.72],[9.19,56.729997],[9.200214,56.725]]}},{"type":"Feature","properties":{"depth":1.0,"source":"DDM 2024 coarse contour","resolution":"0.005 degree sampled grid"},"geometry":{"type":"LineString","coordinates":[[11.692273,56.745],[11.68,56.73963],[11.6665,56.74],[11.692273,56.745]]}},{"type":"Feature","properties":{"depth":1.0,"source":"DDM 2024 coarse contour","resolution":"0.005 degree sampled grid"},"geometry":{"type":"LineString","coordinates":[[9.088182,56.905],[9.104981,56.89],[9.095,56.87913],[9.075,56.885004],[9.06501,56.895],[9.075,56.904983],[9.088182,56.905]]}},{"type":"Feature","properties":{"depth":1.0,"source":"DDM 2024 coarse contour","resolution":"0.005 degree sampled grid"},"geometry":{"type":"LineString","coordinates":[[10.315,56.990006],[10.31,56.989412],[10.305455,56.975],[10.295952,56.96],[10.3,56.955278],[10.312,56.955],[10.315,56.9505],[10.31925,56.96],[10.312857,56.965],[10.315,56.966667],[10.32,56.960682],[10.329868,56.98],[10.325,56.989231],[10.315,56.990006]]}},{"type":"Feature","properties":{"depth":1.0,"source":"DDM 2024 coarse contour","resolution":"0.005 degree sampled grid"},"geometry":{"type":"LineString","coordinates":[[9.23,56.968333],[9.225,56.968571],[9.217,56.96],[9.23,56.95625],[9.233409,56.96],[9.23,56.968333]]}},{"type":"Feature","properties":{"depth":1.0,"source":"DDM 2024 coarse contour","resolution":"0.005 degree sampled grid"},"geometry":{"type":"LineString","coordinates":[[9.25,56.976111],[9.235,56.974868],[9.230256,56.97],[9.235,56.965488],[9.24,56.96998],[9.25,56.969987],[9.253333,56.975],[9.25,56.976111]]}},{"type":"Feature","properties":{"depth":1.0,"source":"DDM 2024 coarse contour","resolution":"0.005 degree sampled grid"},"geometry":{"type":"LineString","coordinates":[[9.61,56.971667],[9.585,56.975],[9.575,56.97],[9.585,56.967273],[9.615,56.97],[9.61,56.971667]]}},{"type":"Feature","properties":{"depth":1.0,"source":"DDM 2024 coarse contour","resolution":"0.005 degree sampled grid"},"geometry":{"type":"LineString","coordinates":[[9.295,57.00007],[9.272692,56.995],[9.258571,56.98],[9.2655,56.975],[9.275,56.975325],[9.290001,56.995],[9.295,56.99993],[9.299704,57.0],[9.295,57.00007]]}},{"type":"Feature","properties":{"depth":1.0,"source":"DDM 2024 coarse contour","resolution":"0.005 degree sampled grid"},"geometry":{"type":"LineString","coordinates":[[10.035,57.075013],[10.026286,57.075],[10.04,57.05999],[10.045,57.059988],[10.06,57.049988],[10.07,57.049955],[10.08,57.039988],[10.09,57.039986],[10.12,57.025],[10.14,57.009977],[10.16,57.004984],[10.185769,56.99],[10.2,56.989947],[10.205,56.984994],[10.225,56.984944],[10.23,56.979986],[10.24,56.979962],[10.25,56.979989],[10.255,56.984947],[10.3,56.985182],[10.305,56.989965],[10.309863,56.99],[10.27,56.990001],[10.265,56.985056],[10.225,56.985056],[10.22,56.990005],[10.21,56.990033],[10.205,56.995],[10.18,57.00501],[10.159565,57.02],[10.15,57.020018],[10.145,57.025004],[10.14,57.025031],[10.13,57.034943],[10.125,57.035008],[10.11,57.044651],[10.1,57.045013],[10.095,57.05],[10.07,57.05501],[10.055,57.065003],[10.045,57.065046],[10.035,57.075013]]}},{"type":"Feature","properties":{"depth":1.0,"source":"DDM 2024 coarse contour","resolution":"0.005 degree sampled grid"},"geometry":{"type":"LineString","coordinates":[[9.795,57.071923],[9.79,57.074524],[9.785,57.07004],[9.78,57.074494],[9.765,57.073478],[9.759,57.07],[9.770526,57.065],[9.755,57.059167],[9.75,57.064861],[9.74,57.06425],[9.735,57.06],[9.695,57.060007],[9.69,57.065],[9.68,57.0675],[9.655,57.055],[9.651667,57.05],[9.6525,57.045],[9.63,57.0295],[9.634375,57.035],[9.625,57.042778],[9.59,57.035],[9.575,57.035556],[9.57,57.0325],[9.555,57.038182],[9.515,57.035833],[9.505,57.038462],[9.495714,57.035],[9.496087,57.03],[9.49,57.025031],[9.485,57.029412],[9.48,57.024796],[9.458333,57.025],[9.464412,57.03],[9.462273,57.035],[9.46,57.038125],[9.455,57.035008],[9.45,57.0375],[9.42,57.034048],[9.415,57.030009],[9.405,57.03],[9.4,57.025016],[9.387857,57.025],[9.38,57.020556],[9.34,57.019048],[9.32,57.010023],[9.305278,57.01],[9.3,57.0045],[9.329091,57.005],[9.34,57.009998],[9.37,57.009993],[9.375,57.014991],[9.405,57.014999],[9.41,57.019993],[9.505,57.020096],[9.505,57.014993],[9.52,57.014999],[9.525,57.009999],[9.54,57.007353],[9.555,57.014998],[9.565,57.014997],[9.585,57.007],[9.6,57.005],[9.62,56.99],[9.645,56.998],[9.654231,57.01],[9.665,57.011875],[9.668125,57.015],[9.666154,57.025],[9.68,57.039996],[9.69,57.039989],[9.695,57.04498],[9.73,57.046098],[9.735,57.04999],[9.775714,57.055],[9.79,57.06525],[9.8,57.055352],[9.805,57.057],[9.808,57.06],[9.795,57.071923]]}},{"type":"Feature","properties":{"depth":1.0,"source":"DDM 2024 coarse contour","resolution":"0.005 degree sampled grid"},"geometry":{"type":"LineString","coordinates":[[9.48,57.04],[9.465556,57.04],[9.47,57.032],[9.48,57.033125],[9.482143,57.035],[9.48,57.04]]}},{"type":"Feature","properties":{"depth":1.0,"source":"DDM 2024 coarse contour","resolution":"0.005 degree sampled grid"},"geometry":{"type":"LineString","coordinates":[[9.815,57.0575],[9.81,57.059796],[9.805204,57.055],[9.805918,57.05],[9.825,57.049963],[9.83,57.044999],[9.84,57.045],[9.83,57.05375],[9.815,57.0575]]}},{"type":"Feature","properties":{"depth":1.0,"source":"DDM 2024 coarse contour","resolution":"0.005 degree sampled grid"},"geometry":{"type":"LineString","coordinates":[[9.865,57.05505],[9.850061,57.05],[9.86,57.049987],[9.865,57.05505]]}},{"type":"Feature","properties":{"depth":1.0,"source":"DDM 2024 coarse contour","resolution":"0.005 degree sampled grid"},"geometry":{"type":"LineString","coordinates":[[9.89,57.065004],[9.875,57.06454],[9.870123,57.06],[9.89,57.059998],[9.89,57.065004]]}},{"type":"Feature","properties":{"depth":1.0,"source":"DDM 2024 coarse contour","resolution":"0.005 degree sampled grid"},"geometry":{"type":"LineString","coordinates":[[10.015,57.085048],[9.985,57.085001],[9.965,57.070455],[9.96,57.070001],[9.959995,57.06],[9.965,57.059978],[9.98,57.074967],[9.985,57.074996],[9.99,57.079983],[10.02,57.079992],[10.025,57.075391],[10.025,57.080052],[10.019619,57.085],[10.015,57.085048]]}},{"type":"Feature","properties":{"depth":1.0,"source":"DDM 2024 coarse contour","resolution":"0.005 degree sampled grid"},"geometry":{"type":"LineString","coordinates":[[9.85,57.080001],[9.84,57.083276],[9.835,57.0795],[9.845,57.077273],[9.8525,57.08],[9.85,57.080001]]}},{"type":"Feature","properties":{"depth":1.0,"source":"DDM 2024 coarse contour","resolution":"0.005 degree sampled grid"},"geometry":{"type":"LineString","coordinates":[[10.929995,57.36],[10.930652,57.35],[10.935333,57.345],[10.935469,57.34],[10.945698,57.33],[10.96,57.306143],[10.99,57.30998],[10.995,57.305556],[11.0,57.309981],[11.014355,57.31],[11.025,57.321053],[11.114643,57.32],[11.12,57.324968],[11.134407,57.325],[11.14,57.329999],[11.16,57.330625],[11.17,57.325238],[11.195,57.32619],[11.200778,57.32],[11.199994,57.29],[11.19,57.283056],[11.18,57.282273],[11.175,57.275001],[11.166364,57.27],[11.153889,57.255],[11.15375,57.24],[11.145,57.232778],[11.129167,57.23],[11.127,57.225],[11.131667,57.22],[11.125,57.21875],[11.12,57.209286],[11.11,57.216923],[11.090833,57.195],[11.07,57.185],[11.065,57.185625],[11.06,57.179773],[11.035,57.172143],[11.005,57.171667],[11.0,57.176],[10.995,57.17],[10.98,57.172895],[10.975,57.168824],[10.965,57.169],[10.96,57.164524],[10.935,57.170833],[10.92,57.176667],[10.915833,57.205],[10.89875,57.23],[10.889,57.24],[10.885,57.240006],[10.88,57.247857],[10.87,57.250009],[10.855004,57.265],[10.855833,57.27],[10.86,57.270781],[10.865,57.2665],[10.895,57.27625],[10.925,57.299987],[10.932778,57.3],[10.9425,57.325],[10.934667,57.335],[10.92875,57.355],[10.92,57.355013],[10.915024,57.36],[10.92,57.364975],[10.925,57.364986],[10.929995,57.36]]}},{"type":"Feature","properties":{"depth":1.0,"source":"DDM 2024 coarse contour","resolution":"0.005 degree sampled grid"},"geometry":{"type":"LineString","coordinates":[[9.408516,58.0],[9.375,57.981247],[9.37,57.981251],[9.365,57.976211],[9.36,57.976215],[9.35,57.966146],[9.335,57.961127],[9.325,57.951082],[9.3,57.941027],[9.29,57.930986],[9.275,57.925969],[9.265,57.915921],[9.24,57.905873],[9.23,57.895832],[9.215,57.890819],[9.205,57.880799],[9.2,57.880804],[9.195,57.875789],[9.19,57.875797],[9.18,57.865728],[9.155,57.855634],[9.145,57.845591],[9.13,57.840583],[9.12,57.83058],[9.095,57.820567],[9.07,57.80056],[9.045,57.790569],[9.035,57.780567],[9.02,57.775579],[9.01,57.765587],[8.995,57.760615],[8.985,57.750585],[8.96,57.740543],[8.95,57.730533],[8.935,57.725501],[8.925,57.715491],[8.91,57.710459],[8.9,57.700437],[8.895,57.700435],[8.89,57.69543],[8.88,57.695432],[8.875,57.69044],[8.855,57.690453],[8.85,57.685468],[8.825,57.685482],[8.82,57.680502],[8.795,57.680505],[8.79,57.675506],[8.77,57.675519],[8.765,57.670526],[8.745,57.670561],[8.74,57.665571],[8.715,57.665623],[8.71,57.660619],[8.69,57.660666],[8.685,57.655649],[8.66,57.655706],[8.655,57.650675],[8.635,57.650714],[8.63,57.645673],[8.605,57.645715],[8.6,57.640664],[8.58,57.640713],[8.575,57.635683],[8.55,57.635722],[8.545,57.630716],[8.525,57.630717],[8.52,57.625709],[8.5,57.625706],[8.495,57.620693],[8.47,57.620695],[8.465,57.615681],[8.445,57.615689],[8.44,57.610675],[8.425,57.610684],[8.42,57.605674],[8.405,57.605681],[8.4,57.600673],[8.385,57.600681],[8.38,57.595673],[8.365,57.595681],[8.36,57.590671],[8.35,57.590677],[8.345,57.585665],[8.325,57.585677],[8.32,57.580665],[8.31,57.58067],[8.305,57.575656],[8.29,57.575663],[8.285,57.57065],[8.265,57.570656],[8.26,57.565644],[8.25,57.565648],[8.245,57.560638],[8.23,57.560647],[8.225,57.555638],[8.21,57.555647],[8.205,57.55064],[8.19,57.550647],[8.185,57.54564],[8.17,57.545648],[8.165,57.540639],[8.15,57.540648],[8.145,57.535638],[8.13,57.535648],[8.125,57.53064],[8.11,57.530652],[8.105,57.525643],[8.09,57.525651],[8.085,57.520643],[8.07,57.520646],[8.065,57.515637],[8.05,57.515637],[8.045,57.51063],[8.03,57.51063],[8.025,57.505622],[8.01,57.505623],[8.005,57.500607],[7.99,57.500583],[7.985,57.495588],[7.975,57.495584],[7.97,57.490585],[7.955,57.490582],[7.95,57.485583],[7.925,57.480578],[7.92,57.475576],[7.91,57.475574],[7.905,57.470567],[7.89,57.47057],[7.885,57.465557],[7.875,57.465563],[7.87,57.460548],[7.86,57.460556],[7.855,57.455538],[7.84,57.455546],[7.835,57.450546],[7.825,57.450537],[7.82,57.445565],[7.81,57.445519],[7.805,57.440529],[7.795,57.440493],[7.79,57.43546],[7.775,57.43545],[7.77,57.430412],[7.76,57.430423],[7.755,57.425402],[7.745,57.425405],[7.74,57.420395],[7.73,57.420393],[7.725,57.415387],[7.71,57.415384],[7.705,57.410381],[7.695,57.410384],[7.69,57.405382],[7.665,57.400388],[7.66,57.395382],[7.645,57.395386],[7.64,57.390389],[7.63,57.39039],[7.625,57.385401],[7.615,57.385396],[7.61,57.380412],[7.595,57.380411],[7.59,57.375423],[7.58,57.375425],[7.575,57.370424],[7.565,57.370428],[7.56,57.365422],[7.55,57.365427],[7.545,57.360418],[7.53,57.360426],[7.525,57.355411],[7.515,57.355417],[7.51,57.350394],[7.5,57.350406],[7.495,57.345381],[7.485,57.345387],[7.48,57.340365],[7.465,57.340371],[7.46,57.335353],[7.45,57.335351],[7.445,57.330335],[7.42,57.325312],[7.415,57.320298],[7.405,57.3203],[7.4,57.315286]]}},{"type":"Feature","properties":{"depth":1.0,"source":"DDM 2024 coarse contour","resolution":"0.005 degree sampled grid"},"geometry":{"type":"LineString","coordinates":[[10.6035,57.495],[10.61,57.490882],[10.625,57.48998],[10.629999,57.485],[10.625,57.480033],[10.62,57.48003],[10.615,57.488571],[10.605,57.489634],[10.598654,57.495],[10.6,57.497333],[10.6035,57.495]]}},{"type":"Feature","properties":{"depth":2.0,"source":"DDM 2024 coarse contour","resolution":"0.005 degree sampled grid"},"geometry":{"type":"LineString","coordinates":[[7.4,55.199897],[7.41,55.199897],[7.415,55.194896],[7.435,55.194895],[7.44,55.189894],[7.46,55.189891],[7.465,55.184892],[7.485,55.184887],[7.49,55.179891],[7.51,55.179895],[7.515,55.174897],[7.535,55.174899],[7.54,55.1699],[7.565,55.1699],[7.57,55.164901],[7.6,55.164903],[7.605,55.159904],[7.635,55.159904],[7.64,55.154904],[7.675,55.154903],[7.68,55.149903],[7.71,55.1499],[7.715,55.144903],[7.745,55.144906],[7.75,55.139907],[7.78,55.139909],[7.785,55.13491],[7.815,55.134912],[7.82,55.129913],[7.855,55.129914],[7.86,55.124914],[7.89,55.124914],[7.895,55.119914],[7.925,55.119914],[7.93,55.114915],[7.965,55.114916],[7.97,55.109916],[8.0,55.109917],[8.005,55.104917],[8.035,55.104919],[8.04,55.099922],[8.07,55.099922],[8.075,55.094924],[8.11,55.094926],[8.115,55.089928],[8.14,55.08993],[8.145,55.08493],[8.18,55.084933],[8.185,55.079933],[8.215,55.079937],[8.22,55.074937],[8.25,55.074942],[8.255,55.069943],[8.285,55.069981],[8.29,55.064963],[8.355,55.06494],[8.36,55.069982],[8.415,55.069925],[8.42,55.0649],[8.44,55.064871],[8.445,55.059903],[8.465,55.059849],[8.47,55.054914],[8.475,55.05486],[8.479871,55.05],[8.479984,55.04],[8.474974,55.035],[8.474986,55.025],[8.49,55.009951],[8.498627,55.01],[8.489737,55.025],[8.498929,55.035],[8.503077,55.045],[8.499189,55.05],[8.49859,55.06],[8.495,55.064118],[8.472273,55.065],[8.485,55.066327],[8.490003,55.07],[8.48,55.0748],[8.47,55.072391],[8.467857,55.075],[8.476136,55.08],[8.47,55.083778],[8.455,55.082632],[8.45,55.085],[8.465,55.0865],[8.465007,55.09],[8.46,55.093361],[8.4375,55.095],[8.458077,55.1],[8.442857,55.105],[8.455,55.107083],[8.469091,55.125],[8.465333,55.13],[8.47,55.135],[8.466471,55.14],[8.469706,55.145],[8.468333,55.155],[8.46375,55.16],[8.470278,55.17],[8.458,55.175],[8.475,55.180278],[8.456875,55.185],[8.471154,55.19],[8.46,55.193],[8.445714,55.19],[8.453,55.185],[8.445,55.182115],[8.426875,55.185],[8.435,55.189444],[8.44,55.1876],[8.444286,55.19],[8.44,55.193158],[8.43,55.191818],[8.427667,55.195],[8.435,55.2],[8.44,55.196667],[8.46,55.1966],[8.465,55.2],[8.48,55.200714],[8.487222,55.21],[8.505,55.210893],[8.51,55.214961],[8.53,55.214977],[8.536724,55.21],[8.55,55.209976],[8.555,55.206087],[8.575,55.205854],[8.579722,55.21],[8.575,55.214048],[8.55,55.214712],[8.526538,55.22],[8.523214,55.225],[8.531875,55.23],[8.545,55.232273],[8.57,55.24575],[8.577143,55.255],[8.576,55.265],[8.586591,55.27],[8.575,55.27025],[8.568611,55.265],[8.573125,55.26],[8.569333,55.255],[8.54,55.238929],[8.53,55.238429],[8.515,55.232188],[8.505,55.234545],[8.49,55.233],[8.485833,55.225],[8.490833,55.22],[8.475,55.216481],[8.462813,55.22],[8.455,55.228462],[8.445,55.228182],[8.441786,55.235],[8.45,55.2425],[8.450455,55.25],[8.463571,55.255],[8.4525,55.26],[8.47,55.263438],[8.47,55.267778],[8.465,55.27],[8.477333,55.275],[8.475,55.279375],[8.462857,55.28],[8.468889,55.285],[8.463,55.29],[8.468333,55.295],[8.405,55.283871],[8.380357,55.29],[8.395,55.290909],[8.405,55.297586],[8.42,55.294706],[8.43,55.300569],[8.475,55.302619],[8.49,55.308654],[8.5,55.307143],[8.505,55.311818],[8.506667,55.31],[8.50125,55.305],[8.500714,55.3],[8.51,55.293125],[8.525,55.291538],[8.5375,55.295],[8.543462,55.305],[8.540909,55.31],[8.54375,55.315],[8.54,55.317143],[8.535,55.312903],[8.525,55.313684],[8.520238,55.315],[8.52,55.32],[8.515,55.3175],[8.49,55.3175],[8.48,55.312419],[8.465,55.312568],[8.445,55.321818],[8.435,55.322941],[8.42,55.318889],[8.417609,55.31],[8.408636,55.31],[8.401111,55.315],[8.405909,55.325],[8.414375,55.33],[8.40375,55.34],[8.402083,55.365],[8.395556,55.37],[8.400937,55.375],[8.39,55.38],[8.377917,55.395],[8.38325,55.4],[8.37,55.405],[8.364,55.41],[8.365,55.415],[8.353636,55.42],[8.347727,55.425],[8.346875,55.43],[8.31,55.439167],[8.297885,55.445],[8.315,55.446],[8.318889,55.455],[8.325,55.454998],[8.345,55.469956],[8.365,55.475851],[8.37,55.48028],[8.39,55.480482],[8.395,55.476429],[8.405,55.47551],[8.405,55.484889],[8.399211,55.485],[8.39,55.493684],[8.375,55.492778],[8.35,55.524138],[8.315,55.545013],[8.305,55.554444],[8.29,55.5575],[8.285,55.548571],[8.275,55.556842],[8.256,55.555],[8.27,55.545],[8.305,55.540556],[8.32,55.527917],[8.33,55.526667],[8.340625,55.52],[8.335,55.519231],[8.331765,55.515],[8.348333,55.5],[8.345,55.497333],[8.325,55.497941],[8.31,55.492794],[8.31,55.486724],[8.322,55.48],[8.32,55.469265],[8.311923,55.47],[8.31375,55.475],[8.31,55.482222],[8.308636,55.475],[8.305,55.473889],[8.285,55.475002],[8.272424,55.485],[8.235,55.504118],[8.176389,55.53],[8.125,55.540005],[8.1175,55.545],[8.110625,55.545],[8.11,55.53931],[8.1,55.54],[8.103333,55.545],[8.1,55.548333],[8.095,55.548333],[8.07,55.524762],[8.07,55.53],[8.077857,55.54],[8.075,55.544444],[8.057143,55.54],[8.062222,55.535],[8.0595,55.53],[8.04,55.515],[8.044167,55.52],[8.044,55.525],[8.04,55.527857],[8.025,55.518846],[8.019571,55.52],[8.03,55.5405],[8.04025,55.55],[8.04,55.555],[8.035,55.555],[8.045,55.554524],[8.061,55.56],[8.06,55.565909],[8.07,55.567708],[8.085,55.579996],[8.087188,55.59],[8.095,55.595],[8.1,55.61],[8.110002,55.62],[8.114,55.635],[8.125001,55.645],[8.12303,55.65],[8.14,55.677885],[8.154318,55.71],[8.159697,55.715],[8.158182,55.72],[8.17,55.748542],[8.173421,55.775],[8.17,55.809091],[8.165,55.82],[8.164531,55.83],[8.160009,55.835],[8.152917,55.87],[8.154853,55.875],[8.150006,55.88],[8.15,55.90119],[8.145011,55.915],[8.145,55.927667],[8.140005,55.935],[8.14,55.947037],[8.125,55.983947],[8.115001,55.995],[8.11898,56.0],[8.11,55.995012],[8.105006,56.0],[8.108793,56.005],[8.100312,56.02],[8.09381,56.055],[8.105016,56.13],[8.11,56.136915],[8.115022,56.175],[8.12,56.183056],[8.120018,56.195],[8.125,56.207105],[8.125011,56.235],[8.128333,56.245],[8.12501,56.25],[8.125,56.275],[8.120007,56.29],[8.118939,56.32],[8.115011,56.325],[8.118696,56.33],[8.113704,56.375],[8.115009,56.42],[8.12,56.429444],[8.1175,56.44],[8.12,56.4475],[8.12,56.487857],[8.115012,56.495],[8.115017,56.52],[8.110024,56.525],[8.115008,56.53],[8.115009,56.545],[8.120002,56.55],[8.120014,56.56],[8.130002,56.575],[8.130008,56.585],[8.145002,56.61],[8.145022,56.62],[8.150006,56.625],[8.165009,56.66],[8.18,56.676618],[8.180011,56.68],[8.21,56.709983],[8.22,56.709977],[8.224979,56.705],[8.224966,56.7],[8.234959,56.685],[8.229969,56.68],[8.23,56.675079],[8.235,56.6775],[8.25,56.671],[8.254545,56.675],[8.255,56.681429],[8.275,56.685625],[8.279375,56.69],[8.28,56.695],[8.275,56.698333],[8.245,56.694667],[8.244231,56.7],[8.24,56.700005],[8.23506,56.705],[8.23001,56.72],[8.225,56.720026],[8.219667,56.725],[8.220012,56.75],[8.225,56.761429],[8.225015,56.785],[8.230006,56.79],[8.235012,56.805],[8.250003,56.825],[8.255014,56.84],[8.265,56.85],[8.265016,56.855],[8.325,56.921477],[8.325015,56.925],[8.365,56.964986],[8.37,56.962195],[8.38,56.964998],[8.402778,56.98],[8.41,56.98998],[8.413704,56.99],[8.445,57.019985],[8.455,57.025],[8.455015,57.03],[8.475,57.049977],[8.48,57.044999],[8.492143,57.045],[8.51,57.054992],[8.515,57.054994],[8.53,57.069982],[8.535,57.069997],[8.56,57.094982],[8.565,57.094999],[8.570017,57.105],[8.575,57.109984],[8.580005,57.11],[8.580013,57.115],[8.58934,57.125],[8.6,57.124994],[8.605,57.129979],[8.61,57.125556],[8.615,57.129979],[8.62,57.129976],[8.625,57.126273],[8.645,57.124982],[8.65,57.120926],[8.675,57.11998],[8.695,57.111],[8.71,57.109989],[8.719524,57.105],[8.76,57.100952],[8.77,57.104986],[8.8,57.105],[8.805,57.109985],[8.825,57.109997],[8.83,57.114985],[8.85,57.114995],[8.855,57.119984],[8.87,57.12],[8.875,57.124984],[8.885,57.124989],[8.89,57.129986],[8.9,57.129996],[8.905,57.134982],[8.914211,57.135],[8.93,57.144986],[8.94,57.144999],[8.965,57.159988],[9.05,57.159987],[9.056563,57.155],[9.07,57.154986],[9.075,57.149997],[9.09,57.14999],[9.10375,57.145],[9.135,57.14499],[9.152,57.14],[9.2005,57.14],[9.215,57.144989],[9.27,57.145],[9.28,57.14999],[9.295,57.149997],[9.3,57.154988],[9.315833,57.155],[9.33,57.159992],[9.372,57.16],[9.385,57.164991],[9.396471,57.165],[9.41,57.17],[9.415,57.174993],[9.423667,57.175],[9.43,57.179992],[9.435,57.179996],[9.46,57.194992],[9.49,57.204995],[9.495,57.209993],[9.514167,57.215],[9.545,57.234991],[9.5495,57.235],[9.59,57.270357],[9.6,57.2755],[9.65,57.325],[9.66,57.329999],[9.697885,57.37],[9.718448,57.385],[9.760003,57.44],[9.8,57.484994],[9.815,57.489992],[9.86,57.515],[9.875,57.529992],[9.885,57.534995],[9.928148,57.58],[9.94,57.589994],[9.955,57.595132],[9.96,57.599959],[9.965,57.594977],[9.99,57.599991],[9.995,57.594999],[10.025,57.592424],[10.03,57.594991],[10.08,57.59499],[10.085,57.592568],[10.09,57.59499],[10.115,57.59499],[10.125,57.592656],[10.165,57.595769],[10.215,57.609992],[10.227727,57.61],[10.26,57.619987],[10.27,57.619999],[10.275,57.624992],[10.283939,57.625],[10.29,57.629986],[10.298889,57.63],[10.305,57.634983],[10.314375,57.635],[10.32,57.639991],[10.3396,57.645],[10.385,57.669987],[10.39,57.669994],[10.395,57.674991],[10.4,57.674992],[10.405,57.679994],[10.413281,57.68],[10.425,57.689987],[10.432391,57.69],[10.45,57.699998],[10.455,57.699999],[10.47,57.709987],[10.478696,57.71],[10.525,57.734991],[10.53,57.734994],[10.535,57.739982],[10.545,57.74],[10.55,57.744982],[10.562037,57.745],[10.57,57.749991],[10.58,57.75],[10.59,57.754994],[10.635,57.754982],[10.652273,57.745],[10.625,57.730019],[10.62,57.730001],[10.615,57.725021],[10.61,57.725],[10.609966,57.72],[10.595,57.710037],[10.565263,57.71],[10.535,57.69001],[10.53,57.689767],[10.52,57.68001],[10.5,57.668974],[10.46,57.635001],[10.455,57.625],[10.45,57.625],[10.44,57.612609],[10.431136,57.595],[10.43,57.572187],[10.448913,57.54],[10.475833,57.515],[10.505,57.497581],[10.51,57.489],[10.538235,57.47],[10.55,57.455937],[10.56,57.45],[10.565,57.451053],[10.56999,57.445],[10.56,57.430059],[10.555,57.435017],[10.55,57.435036],[10.54,57.42502],[10.535,57.428913],[10.528095,57.41],[10.53,57.405],[10.52,57.390769],[10.522222,57.385],[10.52,57.38],[10.523846,57.375],[10.520556,57.365],[10.53,57.355],[10.5275,57.345],[10.534996,57.335],[10.538077,57.31],[10.544444,57.29],[10.549091,57.285],[10.554737,57.25],[10.552963,57.22],[10.545,57.210769],[10.495,57.198421],[10.485,57.189792],[10.455,57.173462],[10.435,57.149375],[10.43,57.14814],[10.426667,57.135],[10.412885,57.115],[10.392292,57.07],[10.351,57.0],[10.348077,56.985],[10.355,56.975],[10.345,56.974487],[10.340679,56.97],[10.3425,56.965],[10.324091,56.955],[10.335,56.945],[10.335,56.94],[10.305,56.93625],[10.29,56.94],[10.281,56.935],[10.289412,56.93],[10.283438,56.925],[10.286429,56.92],[10.28,56.913214],[10.272656,56.895],[10.279118,56.88],[10.278,56.84],[10.275,56.837857],[10.275,56.829375],[10.286667,56.8],[10.283448,56.795],[10.291563,56.79],[10.310714,56.76],[10.32,56.754444],[10.325,56.747],[10.33,56.747857],[10.348125,56.74],[10.347,56.735],[10.355,56.72375],[10.375,56.71375],[10.375,56.705],[10.386667,56.695],[10.38,56.675],[10.383,56.66],[10.378846,56.65],[10.383636,56.645],[10.383333,56.64],[10.365,56.6275],[10.357,56.615],[10.356111,56.605],[10.36125,56.6],[10.357,56.595],[10.357308,56.58],[10.38,56.55697],[10.395,56.547432],[10.415,56.539997],[10.435,56.528],[10.47,56.524991],[10.502941,56.515],[10.545,56.515606],[10.565,56.519991],[10.6,56.521848],[10.65,56.536],[10.705,56.535476],[10.71,56.539982],[10.715,56.536293],[10.725,56.535446],[10.77,56.545071],[10.785,56.545417],[10.81,56.535],[10.835,56.53499],[10.855,56.524991],[10.869997,56.51],[10.87,56.5],[10.874981,56.495],[10.875,56.489987],[10.9,56.484976],[10.911848,56.475],[10.925,56.474974],[10.94,56.461271],[10.95,56.459988],[10.954997,56.455],[10.959978,56.44],[10.955,56.43501],[10.942051,56.435],[10.930727,56.425],[10.934981,56.42],[10.929973,56.415],[10.9185,56.38],[10.915,56.343256],[10.89,56.320013],[10.885,56.3197],[10.86,56.295007],[10.85,56.295007],[10.845,56.290029],[10.84,56.290012],[10.825204,56.275],[10.82,56.262759],[10.805,56.250028],[10.8,56.250002],[10.79,56.240027],[10.77,56.240011],[10.746136,56.225],[10.74,56.216],[10.735978,56.2],[10.739992,56.19],[10.739991,56.175],[10.724996,56.15],[10.715,56.140011],[10.685,56.140004],[10.66,56.158026],[10.645,56.165012],[10.62,56.187115],[10.615,56.195056],[10.645,56.196333],[10.66,56.186923],[10.672931,56.2],[10.673824,56.21],[10.67,56.215],[10.652895,56.225],[10.600581,56.225],[10.595,56.220016],[10.59,56.220003],[10.575,56.200016],[10.562031,56.195],[10.555,56.185017],[10.55,56.185004],[10.539995,56.175],[10.534997,56.165],[10.555,56.145],[10.555,56.135536],[10.561061,56.13],[10.559995,56.115],[10.545,56.100016],[10.53,56.098906],[10.525,56.095009],[10.51,56.095087],[10.505037,56.1],[10.505,56.104568],[10.490012,56.12],[10.49,56.125],[10.47875,56.14],[10.49,56.14993],[10.505,56.14995],[10.51,56.145708],[10.519214,56.15],[10.524813,56.16],[10.525,56.170007],[10.511702,56.17],[10.51,56.164435],[10.5,56.164213],[10.479417,56.175],[10.47,56.175039],[10.459125,56.18],[10.445,56.18001],[10.43,56.165012],[10.425,56.165003],[10.42,56.160011],[10.385,56.160017],[10.375,56.17],[10.37,56.18375],[10.345,56.19],[10.341923,56.195],[10.3475,56.205],[10.345789,56.21],[10.35,56.212162],[10.365,56.207065],[10.38,56.212167],[10.393026,56.21],[10.405,56.220595],[10.42,56.225469],[10.425,56.222941],[10.435,56.224962],[10.44,56.221131],[10.45,56.234984],[10.48,56.252857],[10.480003,56.26],[10.495,56.269615],[10.498429,56.275],[10.49,56.275017],[10.485,56.278906],[10.48,56.277115],[10.472714,56.27],[10.4778,56.265],[10.475,56.262742],[10.454574,56.28],[10.450005,56.285],[10.45,56.290004],[10.44,56.290023],[10.435,56.293902],[10.43,56.294257],[10.425,56.290037],[10.392381,56.29],[10.38625,56.285],[10.39,56.279828],[10.38,56.27001],[10.375,56.267432],[10.36,56.268404],[10.347903,56.26],[10.354982,56.25],[10.35,56.245033],[10.345075,56.245],[10.335,56.230023],[10.305,56.221724],[10.29,56.21],[10.284048,56.2],[10.275,56.19501],[10.261489,56.195],[10.241228,56.185],[10.22575,56.17],[10.23,56.169975],[10.234959,56.165],[10.235,56.154959],[10.24,56.154945],[10.245,56.159938],[10.254958,56.15],[10.24,56.140042],[10.23,56.140025],[10.225,56.135048],[10.212571,56.135],[10.220729,56.125],[10.225,56.12498],[10.229995,56.12],[10.23,56.114998],[10.235,56.114991],[10.239988,56.11],[10.239999,56.105],[10.249992,56.095],[10.255272,56.075],[10.259992,56.07],[10.260625,56.06],[10.2745,56.05],[10.275455,56.04],[10.27069,56.03],[10.285795,56.02],[10.27,56.010004],[10.264988,56.0],[10.256489,55.995],[10.256491,55.975],[10.269999,55.96],[10.26,55.930357],[10.26,55.911071],[10.24,55.9],[10.238333,55.895],[10.2478,55.89],[10.251176,55.88],[10.24,55.8734],[10.22,55.8825],[10.21,55.881364],[10.202941,55.875],[10.209,55.87],[10.210909,55.86],[10.211667,55.85],[10.206111,55.845],[10.209118,55.84],[10.195,55.83375],[10.155,55.843261],[10.145,55.85125],[10.135,55.852143],[10.13,55.845],[10.125,55.844231],[10.095,55.852045],[10.08,55.845007],[10.06225,55.845],[10.05,55.839222],[10.04,55.84],[10.028478,55.85],[10.036429,55.86],[10.0324,55.865],[10.035,55.867321],[10.04,55.861724],[10.06,55.874993],[10.065,55.872857],[10.0825,55.875],[10.0825,55.88],[10.025,55.872206],[9.99,55.859],[9.975,55.862647],[9.965,55.855022],[9.95,55.855023],[9.935789,55.86],[9.925,55.85875],[9.92,55.855019],[9.90625,55.86],[9.88,55.858472],[9.88,55.852222],[9.895,55.845761],[9.91,55.844979],[9.917333,55.84],[9.935,55.839977],[9.94,55.836418],[9.97,55.834976],[9.975,55.831377],[10.005,55.829985],[10.011458,55.835],[10.0125,55.84],[9.998068,55.845],[10.005,55.8468],[10.02,55.845217],[10.03125,55.83],[10.045,55.82998],[10.05,55.825395],[10.065,55.838276],[10.08,55.842727],[10.104643,55.83],[10.107692,55.825],[10.095,55.820005],[10.095,55.815],[10.085,55.814615],[10.07,55.815089],[10.055,55.829814],[10.050441,55.825],[10.066827,55.81],[10.045,55.79001],[10.02,55.779407],[10.019994,55.765],[10.025,55.760556],[10.05,55.759976],[10.055,55.756173],[10.075,55.754997],[10.083571,55.75],[10.083333,55.745],[10.08,55.744241],[10.055,55.745007],[10.035,55.730018],[10.005,55.730003],[9.999997,55.725],[10.001026,55.72],[10.015,55.719964],[10.024998,55.71],[10.025,55.705833],[10.035,55.697917],[10.035,55.693654],[10.03,55.697727],[10.025,55.695018],[10.01625,55.7],[10.002167,55.7],[9.995,55.695013],[9.96,55.69461],[9.955,55.690029],[9.905,55.689779],[9.9,55.685026],[9.875,55.68472],[9.87,55.680039],[9.860233,55.68],[9.845,55.670047],[9.83,55.669592],[9.825,55.665062],[9.82,55.665062],[9.81,55.67502],[9.795,55.675034],[9.79,55.679733],[9.745,55.679409],[9.73,55.690013],[9.725,55.690026],[9.71375,55.7],[9.7,55.700028],[9.695,55.705013],[9.685,55.705029],[9.68,55.710019],[9.655333,55.71],[9.65,55.705024],[9.587812,55.705],[9.58,55.700006],[9.57,55.700455],[9.576111,55.695],[9.67,55.695988],[9.68,55.689987],[9.7,55.669994],[9.715,55.669945],[9.72,55.665405],[9.73,55.664952],[9.74037,55.66],[9.75,55.631786],[9.755,55.626863],[9.785,55.625867],[9.79,55.62997],[9.815,55.630263],[9.84,55.629976],[9.845,55.6262],[9.855,55.629954],[9.863333,55.625],[9.84,55.610011],[9.8318,55.61],[9.82,55.600027],[9.810909,55.6],[9.805,55.595011],[9.798125,55.595],[9.795,55.592727],[9.794997,55.585],[9.785,55.575023],[9.78,55.57501],[9.769999,55.565],[9.772419,55.56],[9.765,55.555145],[9.755,55.555175],[9.75,55.560034],[9.745,55.555098],[9.735,55.555054],[9.730137,55.55],[9.730452,55.545],[9.734965,55.54],[9.734999,55.535],[9.744865,55.525],[9.744938,55.52],[9.74,55.515041],[9.715,55.515129],[9.71,55.520104],[9.7,55.520169],[9.695,55.525021],[9.67,55.525044],[9.64,55.505061],[9.635,55.510001],[9.603462,55.51],[9.595,55.505009],[9.59,55.508889],[9.587308,55.505],[9.589992,55.5],[9.585,55.495019],[9.509,55.495],[9.515,55.488519],[9.536667,55.49],[9.545,55.494976],[9.57,55.494978],[9.575,55.489979],[9.5925,55.49],[9.6,55.499979],[9.625,55.499998],[9.66,55.484745],[9.670191,55.475],[9.685,55.469819],[9.696393,55.46],[9.689211,55.45],[9.66,55.433936],[9.64,55.428021],[9.63,55.428732],[9.625,55.425026],[9.62,55.428889],[9.615,55.428482],[9.61,55.42502],[9.602368,55.425],[9.596667,55.42],[9.597639,55.415],[9.630377,55.385],[9.627381,55.375],[9.607273,55.365],[9.6055,55.36],[9.625,55.359986],[9.655,55.341296],[9.662273,55.34],[9.65,55.338125],[9.65,55.331739],[9.656429,55.33],[9.648333,55.32],[9.665588,55.305],[9.675,55.291848],[9.68,55.293462],[9.685,55.29],[9.682955,55.285],[9.668542,55.28],[9.71,55.265],[9.719959,55.255],[9.72,55.2475],[9.715,55.233889],[9.695,55.22434],[9.7,55.2],[9.69,55.190015],[9.6634,55.185],[9.63,55.170083],[9.620013,55.18],[9.62,55.190006],[9.581375,55.19],[9.56,55.175006],[9.55,55.17487],[9.525,55.160015],[9.51,55.159202],[9.5,55.155018],[9.504996,55.15],[9.505492,55.14],[9.521667,55.13],[9.515,55.125014],[9.495,55.125083],[9.49,55.12968],[9.485,55.125074],[9.48,55.13001],[9.475,55.130011],[9.465745,55.125],[9.470174,55.12],[9.5,55.11993],[9.505,55.11497],[9.515,55.114925],[9.52,55.109983],[9.525,55.109977],[9.54,55.094991],[9.55,55.094964],[9.554996,55.09],[9.554998,55.08],[9.54,55.065039],[9.535,55.064702],[9.525,55.055049],[9.505,55.045018],[9.465,55.045037],[9.46,55.040031],[9.43,55.040029],[9.425625,55.035],[9.429999,55.025],[9.44,55.029947],[9.45,55.019999],[9.509643,55.02],[9.52,55.029899],[9.53444,55.03],[9.54,55.034902],[9.57,55.034993],[9.574894,55.045],[9.595,55.044918],[9.609988,55.035],[9.610798,55.03],[9.62,55.019994],[9.625,55.01995],[9.64,55.010725],[9.65,55.009959],[9.655,55.005371],[9.68,54.999939],[9.692581,54.99],[9.71,54.990654],[9.715,54.994932],[9.72,54.990584],[9.745,54.990043],[9.740826,54.98],[9.742326,54.975],[9.754947,54.965],[9.750864,54.96],[9.754952,54.955],[9.755,54.945294],[9.759951,54.94],[9.758571,54.93],[9.764955,54.925],[9.765,54.919946],[9.765048,54.93],[9.760053,54.935],[9.760003,54.95],[9.755048,54.955],[9.759461,54.96],[9.755053,54.965],[9.753077,54.98],[9.76,54.984963],[9.771471,54.975],[9.785,54.974962],[9.795,54.969995],[9.825,54.945111],[9.833108,54.955],[9.828,54.96],[9.835,54.961417],[9.835,54.968909],[9.825,54.97],[9.826875,54.975],[9.815,54.978],[9.785,54.980043],[9.776667,54.99],[9.775005,55.0],[9.78,55.004952],[9.79,55.004977],[9.79,55.010011],[9.76,55.009704],[9.755,55.005068],[9.695,55.005083],[9.689099,55.01],[9.68,55.01008],[9.675,55.015009],[9.67,55.015053],[9.655025,55.025],[9.67,55.034953],[9.682333,55.035],[9.645,55.035088],[9.635051,55.045],[9.635022,55.05],[9.64,55.054993],[9.65,55.055364],[9.66,55.064995],[9.68,55.074981],[9.69,55.075274],[9.695,55.079986],[9.725,55.082083],[9.735,55.086633],[9.76,55.09],[9.775,55.08095],[9.815,55.069982],[9.83,55.056818],[9.855,55.04825],[9.875,55.030556],[9.885,55.02593],[9.895,55.024976],[9.9025,55.02],[9.94,55.019988],[9.945,55.016583],[9.960833,55.015],[9.98,54.996275],[9.985,54.999954],[9.99,54.991279],[10.00499,54.98],[10.015154,54.965],[10.044996,54.935],[10.051373,54.91],[10.069994,54.895],[10.071182,54.885],[10.074989,54.88],[10.065,54.870012],[10.045,54.870008],[10.035,54.873452],[10.03,54.870018],[10.016379,54.87],[10.005,54.860012],[9.995,54.857414],[9.99,54.850009],[9.935,54.849612],[9.92,54.855028],[9.915,54.860003],[9.905,54.86002],[9.9,54.863125],[9.895,54.860011],[9.879775,54.87],[9.875,54.870052],[9.865017,54.88],[9.885,54.894912],[9.9,54.899945],[9.92,54.88561],[9.93,54.884982],[9.938889,54.88],[9.95,54.879973],[9.955,54.871842],[9.97,54.869996],[9.98,54.863103],[9.987045,54.87],[9.96375,54.885],[9.955,54.885044],[9.95,54.890011],[9.94,54.890055],[9.935,54.895021],[9.925,54.895063],[9.91,54.905003],[9.885989,54.905],[9.88,54.895102],[9.875,54.899575],[9.87,54.899583],[9.85,54.890037],[9.84,54.889939],[9.835,54.885098],[9.83,54.885121],[9.825,54.890002],[9.805,54.89009],[9.8,54.895001],[9.795,54.895006],[9.785015,54.905],[9.785,54.910064],[9.784985,54.905],[9.78,54.900008],[9.77,54.899965],[9.765,54.89504],[9.745,54.895104],[9.73619,54.9],[9.705167,54.9],[9.705,54.891508],[9.73,54.889928],[9.74,54.884994],[9.744994,54.88],[9.744996,54.87],[9.75,54.86548],[9.757895,54.865],[9.759994,54.855],[9.764987,54.85],[9.755889,54.845],[9.75,54.835043],[9.725,54.835012],[9.72,54.840032],[9.71,54.840064],[9.705001,54.845],[9.705,54.850009],[9.695,54.850026],[9.69,54.855001],[9.645,54.855005],[9.634643,54.865],[9.645,54.874983],[9.648864,54.875],[9.648289,54.88],[9.615,54.90002],[9.6,54.900027],[9.595,54.905],[9.59,54.904318],[9.585448,54.89],[9.6,54.889984],[9.605,54.884952],[9.625,54.884967],[9.629936,54.88],[9.605,54.854929],[9.625,54.854947],[9.63,54.849936],[9.645,54.849973],[9.65,54.844924],[9.665,54.844886],[9.67,54.839926],[9.685,54.839917],[9.69,54.834912],[9.71,54.834918],[9.715,54.829908],[9.73,54.829947],[9.735,54.824885],[9.75,54.824899],[9.755,54.829898],[9.79,54.829898],[9.795,54.834894],[9.83,54.834864],[9.835,54.839881],[9.875,54.839864],[9.88,54.844867],[9.895,54.844867],[9.94,54.819879],[9.945,54.819881],[9.95,54.814876],[9.955,54.814879],[9.96,54.80987],[9.97,54.809881],[9.975,54.80488],[9.98,54.804903],[9.985,54.799882],[9.99,54.799897],[9.995,54.794883],[10.02,54.784891],[10.045,54.769871],[10.07,54.769938],[10.075,54.764881],[10.185,54.76489],[10.19,54.759892],[10.215,54.759892],[10.225,54.749884],[10.23,54.74989],[10.26,54.719893],[10.265,54.719899],[10.335,54.649908],[10.34,54.649908],[10.36,54.629911],[10.365,54.629911],[10.375,54.619915],[10.39,54.619916],[10.395,54.614917],[10.41,54.614921],[10.415,54.609918],[10.425,54.609915],[10.43,54.604915],[10.445,54.604922],[10.45,54.599923],[10.465,54.599919],[10.47,54.594919],[10.48,54.594918],[10.485,54.589917],[10.5,54.589923],[10.505,54.584923],[10.515,54.584922],[10.52,54.579922],[10.535,54.579922],[10.54,54.574925],[10.55,54.574925],[10.555,54.569925],[10.565,54.569924],[10.57,54.564923],[10.595,54.559928],[10.6,54.554925],[10.62,54.55492],[10.625,54.549919],[10.65,54.549914],[10.655,54.544915],[10.685,54.544902],[10.69,54.549902],[10.735,54.5499],[10.74,54.554898],[10.745,54.554898],[10.75,54.559896],[10.755,54.559896],[10.76,54.564894],[10.765,54.564894],[10.77,54.569893],[10.805,54.584904],[10.81,54.589905],[10.815,54.589907],[10.82,54.594909],[10.825,54.594909],[10.83,54.599912],[10.845,54.604908],[10.855,54.614904],[10.89,54.629891],[10.9,54.639902],[10.985,54.639913],[10.99,54.644917],[11.02,54.644921],[11.025,54.639918],[11.085,54.639905],[11.09,54.634898],[11.11,54.634896],[11.115,54.629893],[11.135,54.629893],[11.14,54.62489],[11.16,54.62489],[11.165,54.619887],[11.18,54.61989],[11.185,54.614886],[11.2,54.614885],[11.205,54.609882],[11.215,54.609882],[11.23,54.599875],[11.235,54.599876],[11.24,54.594875],[11.25,54.594878],[11.265,54.584874],[11.28,54.584876],[11.285,54.579873],[11.295,54.579875],[11.3,54.574873],[11.315,54.574878],[11.32,54.569875],[11.335,54.564873],[11.345,54.554872],[11.36,54.549871],[11.37,54.539868],[11.395,54.529868],[11.405,54.519873],[11.42,54.514873],[11.43,54.504873],[11.435,54.504874],[11.48,54.479881],[11.485,54.479881],[11.49,54.474882],[11.5,54.474883],[11.545,54.449886],[11.56,54.444887],[11.57,54.434887],[11.585,54.429888],[11.61,54.409888],[11.615,54.40989],[11.625,54.399888],[11.63,54.399889],[11.64,54.389889],[11.645,54.389889],[11.665,54.369888],[11.67,54.369888],[11.675,54.364888],[11.715,54.36489],[11.72,54.36989],[11.725,54.36489],[11.735,54.36489],[11.74,54.369892],[11.755,54.369893],[11.76,54.364892],[11.765,54.369895],[11.95,54.369924],[11.955,54.374925],[11.97,54.374926],[11.975,54.379927],[11.99,54.379926],[11.995,54.384927],[12.01,54.384921],[12.015,54.389921],[12.025,54.389918],[12.03,54.39492],[12.05,54.394916],[12.055,54.399916],[12.065,54.399914],[12.07,54.404915],[12.085,54.404911],[12.09,54.409916],[12.105,54.409907],[12.11,54.414908],[12.115,54.414905],[12.14,54.439916],[12.145,54.439914],[12.17,54.46495],[12.175,54.464946],[12.2,54.489913],[12.205,54.48991],[12.23,54.51491],[12.235,54.514911],[12.26,54.539892],[12.265,54.539884],[12.295,54.569894],[12.3,54.569895],[12.325,54.594911],[12.33,54.594913],[12.385,54.644923],[12.39,54.644923],[12.41,54.664922],[12.415,54.664922],[12.44,54.689921],[12.45,54.689921],[12.455,54.694921],[12.47,54.694921],[12.475,54.69992],[12.49,54.699921],[12.495,54.704921],[12.51,54.704922],[12.515,54.709922],[12.53,54.709923],[12.535,54.714923],[12.55,54.714924],[12.555,54.719924],[12.57,54.719924],[12.575,54.724924],[12.59,54.724923],[12.595,54.729922],[12.61,54.72992],[12.615,54.734919],[12.63,54.734917],[12.635,54.73992],[12.65,54.739918],[12.655,54.744924],[12.67,54.744923],[12.675,54.749924],[12.69,54.749923],[12.695,54.754922],[12.71,54.754921],[12.715,54.759921],[12.73,54.759921],[12.735,54.764921],[12.75,54.764919],[12.755,54.769919],[12.765,54.769918],[12.78,54.779918],[12.79,54.779917],[12.805,54.789917],[12.815,54.789916],[12.82,54.794915],[12.83,54.794914],[12.845,54.804912],[12.87,54.809909],[12.885,54.819906],[12.91,54.824903],[12.915,54.829902],[12.93,54.834897],[12.94,54.844891],[12.945,54.84489],[12.96,54.859872],[12.965,54.859869],[12.99,54.884825],[12.995,54.884823],[13.045,54.929811],[13.05,54.929811],[13.075,54.954811],[13.08,54.95481],[13.1,54.974846],[13.105,54.974847],[13.125,54.994885],[13.13,54.994883],[13.140103,55.005],[13.140102,55.01],[13.135,55.015102],[13.12,55.020092],[13.11,55.030089],[13.095,55.035083],[13.085,55.045079],[13.07,55.050082],[13.06,55.06008],[13.055,55.060083],[13.05,55.065081],[13.04,55.065083],[13.025,55.075083],[13.015,55.075082],[13.0,55.085107],[12.99,55.085104],[12.975,55.095123],[12.965,55.095124],[12.95,55.105151],[12.925,55.110149],[12.91,55.120157],[12.9,55.120156],[12.885,55.13016],[12.875,55.130159],[12.86,55.140155],[12.85,55.140155],[12.835,55.150152],[12.825,55.150152],[12.81,55.160149],[12.8,55.160149],[12.795,55.165148],[12.79,55.165148],[12.78,55.175147],[12.775,55.175146],[12.765,55.185142],[12.76,55.185142],[12.745,55.200136],[12.74,55.200137],[12.73,55.210128],[12.725,55.210128],[12.71,55.225105],[12.705,55.22511],[12.695,55.235097],[12.69,55.235107],[12.665095,55.26],[12.665093,55.265],[12.655091,55.275],[12.655092,55.28],[12.635087,55.305],[12.635073,55.35],[12.630073,55.355],[12.630069,55.365],[12.625069,55.37],[12.625067,55.38],[12.620068,55.385],[12.615064,55.41],[12.610062,55.415],[12.610057,55.425],[12.60506,55.43],[12.62,55.439946],[12.625,55.439946],[12.635,55.449951],[12.67,55.464954],[12.68,55.474951],[12.705,55.48495],[12.715047,55.495],[12.715046,55.51],[12.720047,55.515],[12.720044,55.53],[12.73,55.544962],[12.735,55.544958],[12.76,55.559973],[12.775,55.564962],[12.8,55.579986],[12.81,55.579959],[12.825,55.589983],[12.83,55.589972],[12.865,55.609972],[12.88,55.614968],[12.880035,55.62],[12.885038,55.625],[12.885021,55.635],[12.890025,55.64],[12.890036,55.645],[12.870045,55.665],[12.870052,55.67],[12.79,55.750051],[12.785,55.750059],[12.725,55.810091],[12.72,55.810089],[12.695077,55.835],[12.69506,55.845],[12.69006,55.85],[12.690057,55.865],[12.680057,55.88],[12.675067,55.895],[12.665,55.905076],[12.66,55.905075],[12.655068,55.91],[12.655059,55.915],[12.645134,55.925],[12.645073,55.96],[12.650071,55.965],[12.650067,56.02],[12.65508,56.025],[12.655174,56.04],[12.645171,56.05],[12.64517,56.055],[12.62,56.065088],[12.61,56.075115],[12.595,56.080114],[12.585,56.090137],[12.57,56.095128],[12.56,56.105133],[12.555,56.105128],[12.53,56.120115],[12.52,56.120114],[12.465,56.150111],[12.455,56.150111],[12.425,56.175108],[12.42,56.175108],[12.395,56.195107],[12.39,56.195107],[12.375,56.210108],[12.35,56.215109],[12.345,56.22011],[12.335,56.22011],[12.33,56.225111],[12.32,56.225111],[12.315,56.230112],[12.305,56.230113],[12.3,56.235113],[12.29,56.235114],[12.285,56.240115],[12.275,56.240116],[12.27,56.245118],[12.26,56.245119],[12.255,56.250119],[12.24,56.25012],[12.235,56.255122],[12.225,56.255123],[12.22,56.260126],[12.21,56.260126],[12.205,56.265128],[12.195,56.265128],[12.19,56.27013],[12.18,56.270131],[12.175,56.275133],[12.165,56.275134],[12.16,56.280135],[12.145,56.280136],[12.14,56.285138],[12.13,56.285138],[12.125,56.29014],[12.1,56.295147],[12.085145,56.305],[12.085145,56.315],[12.090146,56.32],[12.090145,56.335],[12.095141,56.34],[12.095139,56.35],[12.100142,56.355],[12.100146,56.365],[12.105145,56.37],[12.105139,56.385],[12.110137,56.39],[12.115131,56.415],[12.120136,56.42],[12.120143,56.435],[12.125146,56.44],[12.125146,56.45],[12.130146,56.455],[12.130137,56.47],[12.135133,56.475],[12.135135,56.485],[12.140139,56.49],[12.140148,56.5],[12.14516,56.505],[12.140156,56.51],[12.140159,56.515],[12.125124,56.53],[12.125116,56.535],[12.110074,56.55],[12.110052,56.555],[12.070111,56.6],[12.070118,56.605],[12.055107,56.62],[12.055111,56.625],[12.040124,56.64],[12.04013,56.645],[12.020141,56.665],[12.020152,56.67],[12.005152,56.685],[12.005153,56.69],[11.965153,56.735],[11.965151,56.74],[11.950197,56.755],[11.950194,56.76],[11.930126,56.78],[11.930142,56.785],[11.915125,56.8],[11.915117,56.805],[11.875144,56.85],[11.875146,56.855],[11.855168,56.875],[11.855121,56.88],[11.840094,56.895],[11.840103,56.9],[11.820133,56.92],[11.820134,56.925],[11.800204,56.945],[11.80022,56.95],[11.780196,56.97],[11.780196,56.975],[11.735202,57.025],[11.735255,57.03],[11.700152,57.07],[11.700148,57.075],[11.680169,57.095],[11.680164,57.1],[11.660184,57.12],[11.660169,57.125],[11.63522,57.15],[11.635253,57.155],[11.620346,57.17],[11.620199,57.175],[11.600125,57.195],[11.600172,57.2],[11.575282,57.225],[11.575287,57.23],[11.535325,57.275],[11.535331,57.28],[11.515325,57.3],[11.515319,57.305],[11.495232,57.325],[11.495273,57.33],[11.470331,57.355],[11.470339,57.36],[11.450278,57.38],[11.450387,57.385],[11.425258,57.41],[11.425252,57.415],[11.405235,57.435],[11.405229,57.44],[11.260227,57.59],[11.260224,57.595],[11.150177,57.705],[11.150178,57.71],[11.13018,57.725],[11.130182,57.73],[11.04,57.820219],[11.035,57.82022],[11.025,57.830232],[11.01,57.835247],[10.985,57.855307],[10.98,57.855314],[10.97,57.865362],[10.955,57.87041],[10.93,57.89049],[10.915,57.895519],[10.89,57.915615],[10.875,57.920638],[10.85,57.940716],[10.835,57.945738],[10.825,57.955768],[10.82,57.95577],[10.795,57.975811],[10.78,57.980813],[10.77,57.990821],[10.765,57.990816],[10.750805,58.0]]}},{"type":"Feature","properties":{"depth":2.0,"source":"DDM 2024 coarse contour","resolution":"0.005 degree sampled grid"},"geometry":{"type":"LineString","coordinates":[[16.2,55.42535],[16.185,55.425353],[16.18,55.430352],[16.165,55.430355],[16.16,55.435355],[16.14,55.435359],[16.135,55.440358],[16.12,55.440361],[16.115,55.445362],[16.1,55.445365],[16.095,55.450366],[16.075,55.450368],[16.07,55.455368],[16.055,55.455369],[16.05,55.460369],[16.03,55.46037],[16.025,55.465369],[16.01,55.465373],[16.005,55.470372],[15.99,55.470374],[15.985,55.475372],[15.965,55.475376],[15.96,55.480374],[15.945,55.480377],[15.94,55.485375],[15.92,55.485379],[15.915,55.490378],[15.9,55.490381],[15.895,55.495379],[15.875,55.495383],[15.87,55.500381],[15.855,55.500382],[15.85,55.505377],[15.835,55.505377],[15.83,55.510371],[15.81,55.510377],[15.805,55.515373],[15.79,55.515372],[15.785,55.520367],[15.77,55.520364],[15.765,55.525358],[15.745,55.525353],[15.74,55.530349],[15.725,55.530346],[15.72,55.535342],[15.705,55.53534],[15.7,55.540337],[15.685,55.540336],[15.68,55.545334],[15.66,55.545333],[15.655,55.55033],[15.64,55.550332],[15.635,55.555329],[15.62,55.555332],[15.615,55.560327],[15.595,55.560331],[15.59,55.565325],[15.575,55.565326],[15.57,55.570322],[15.555,55.570321],[15.55,55.575319],[15.53,55.57532],[15.525,55.58032],[15.51,55.580318],[15.505,55.585317],[15.485,55.585316],[15.48,55.590314],[15.465,55.590314],[15.46,55.595313],[15.445,55.595314],[15.44,55.60031],[15.425,55.600316],[15.42,55.605317],[15.4,55.605317],[15.395,55.610316],[15.38,55.610318],[15.375,55.615318],[15.355,55.615322],[15.35,55.620324],[15.335,55.620322],[15.33,55.625322],[15.315,55.625323],[15.31,55.630322],[15.29,55.630325],[15.285,55.635323],[15.27,55.635324],[15.265,55.640323],[15.245,55.640325],[15.24,55.645324],[15.225,55.645324],[15.22,55.650319],[15.205,55.650319],[15.2,55.655315],[15.185,55.655317],[15.18,55.660315],[15.16,55.660317],[15.155,55.665313],[15.14,55.665312],[15.135,55.670307],[15.115,55.670309],[15.11,55.675306],[15.095,55.675303],[15.09,55.6803],[15.07,55.680291],[15.065,55.685293],[15.05,55.685282],[15.045,55.690281],[15.04,55.690274],[15.03,55.680272],[15.025,55.680255],[15.015,55.670279],[15.01,55.670294],[14.985,55.650317],[14.98,55.650319],[14.97,55.640322],[14.955,55.635338],[14.93,55.615348],[14.925,55.615348],[14.915,55.60535],[14.9,55.600351],[14.875,55.580349],[14.87,55.580347],[14.86,55.570343],[14.855,55.570343],[14.845,55.560339],[14.84,55.560338],[14.83,55.550334],[14.815,55.545331],[14.805,55.535332],[14.8,55.535331],[14.79,55.5253],[14.785,55.525321],[14.775,55.5153],[14.77,55.515303],[14.76,55.505294],[14.755,55.505297],[14.73,55.485307],[14.715,55.480313],[14.705,55.470321],[14.7,55.470323],[14.69,55.460311],[14.685,55.460311],[14.66,55.440316],[14.655,55.440316],[14.645,55.430318],[14.64,55.430319],[14.63,55.420321],[14.625,55.420325],[14.615,55.410329],[14.61,55.410337],[14.585,55.390344],[14.57,55.385317],[14.545,55.365293],[14.54,55.3653],[14.53,55.355293],[14.525,55.35529],[14.515,55.345274],[14.51,55.345289],[14.5,55.335246],[14.495,55.335247],[14.485,55.325222],[14.48,55.325224],[14.47,55.315203],[14.465,55.315206],[14.455,55.305202],[14.45,55.305223],[14.435,55.290199],[14.43,55.290201],[14.415,55.275199],[14.41,55.275204],[14.395,55.260198],[14.39,55.260198],[14.355,55.230199],[14.35,55.230197],[14.34,55.2202],[14.335,55.2202],[14.3,55.190211],[14.295,55.190212],[14.28,55.175212],[14.275,55.175212],[14.26,55.160213],[14.255,55.160213],[14.24,55.145213],[14.235,55.145213],[14.22,55.130214],[14.215,55.130213],[14.2,55.115216],[14.195,55.115215],[14.18,55.100217],[14.175,55.100216],[14.16,55.085217],[14.155,55.085217],[14.14,55.070218],[14.135,55.070218],[14.12,55.055218],[14.115,55.055219],[14.1,55.040218],[14.095,55.040219],[14.08,55.025218],[14.075,55.025218],[14.06,55.010218],[14.055,55.010219],[14.04,54.995217],[14.035,54.995217],[13.994786,54.96],[14.0,54.954787],[14.005,54.954787],[14.025,54.934792],[14.03,54.934793],[14.06,54.904803],[14.065,54.904803],[14.085,54.884812],[14.09,54.884811],[14.12,54.854828],[14.125,54.854829],[14.145,54.834849],[14.15,54.834848],[14.17,54.814866],[14.41,54.814932],[14.414934,54.81],[14.414858,54.66],[14.42,54.65486],[14.445,54.644868],[14.455,54.634863],[14.46,54.634864],[14.465,54.629866],[14.5,54.614877],[14.51,54.604878],[14.515,54.604879],[14.52,54.599882],[14.555,54.584887],[14.565,54.574893],[14.6,54.559899],[14.61,54.549902],[14.625,54.544901],[14.63,54.539902],[14.635,54.539902],[14.645105,54.55],[14.645107,54.555],[14.67518,54.595],[14.675185,54.6],[14.69,54.614796],[14.71,54.614795],[14.715,54.609798],[14.735,54.609795],[14.74,54.604799],[14.76,54.604797],[14.765,54.5998],[14.785,54.599798],[14.79,54.594801],[14.815,54.594798],[14.82,54.5898],[14.85,54.589797],[14.855,54.584799],[14.885,54.584795],[14.89,54.579797],[14.93,54.579791],[14.935,54.574794],[14.985,54.574788],[14.99,54.569791],[15.155,54.569779],[15.16,54.574776],[15.225,54.574774],[15.23,54.579773],[15.255,54.579767],[15.26,54.584763],[15.285,54.584762],[15.29,54.589758],[15.305,54.589758],[15.31,54.594753],[15.32,54.594753],[15.325,54.599749],[15.335,54.599749],[15.34,54.604744],[15.355,54.604744],[15.36,54.60974],[15.37,54.60974],[15.375,54.614735],[15.39,54.614735],[15.395,54.619731],[15.42,54.624726],[15.425,54.629723],[15.435,54.629722],[15.44,54.63472],[15.46,54.63472],[15.465,54.639718],[15.48,54.639718],[15.485,54.644715],[15.505,54.644716],[15.51,54.649714],[15.525,54.649715],[15.53,54.654712],[15.545,54.654712],[15.55,54.65971],[15.57,54.659711],[15.575,54.664708],[15.59,54.664709],[15.595,54.669707],[15.615,54.669707],[15.62,54.674705],[15.635,54.674706],[15.64,54.679703],[15.65,54.679704],[15.655,54.684702],[15.665,54.684703],[15.69,54.7047],[15.695,54.704702],[15.71,54.7197],[15.715,54.719701],[15.725,54.729699],[15.73,54.7297],[15.74,54.739699],[15.745,54.7397],[15.755,54.749699],[15.76,54.7497],[15.79,54.779692],[15.795,54.779694],[15.815,54.799689],[15.820309,54.8],[15.820311,54.805],[15.830314,54.815],[15.830315,54.82],[15.840318,54.83],[15.84032,54.835],[15.870331,54.87],[15.870332,54.875],[15.915339,54.925],[15.91534,54.93],[15.940344,54.955],[15.940345,54.96],[15.970349,54.99],[15.960329,55.005],[15.960314,55.02],[15.955321,55.025],[15.955334,55.045],[15.950342,55.05],[15.950357,55.075],[15.945365,55.08],[15.945376,55.1],[15.940384,55.105],[15.9404,55.135],[15.965402,55.165],[15.965402,55.17],[15.980404,55.185],[15.980404,55.19],[15.995405,55.205],[15.995405,55.21],[16.010407,55.225],[16.010407,55.23],[16.020407,55.24],[16.020409,55.25],[16.025,55.25459],[16.035,55.254597],[16.04,55.259601],[16.06,55.259607],[16.065,55.264614],[16.085,55.264615],[16.09,55.269624],[16.11,55.269624],[16.115,55.274632],[16.13,55.274631],[16.135,55.279641],[16.155,55.279639],[16.16,55.284648],[16.18,55.284646],[16.185,55.289654],[16.2,55.289654]]}},{"type":"Feature","properties":{"depth":2.0,"source":"DDM 2024 coarse contour","resolution":"0.005 degree sampled grid"},"geometry":{"type":"LineString","coordinates":[[11.810091,54.98],[11.815,54.97597],[11.825,54.9775],[11.845,54.962895],[11.885,54.945714],[11.915,54.95],[11.93,54.943333],[11.96,54.944964],[11.965,54.940172],[11.975,54.939908],[11.984932,54.93],[11.980844,54.925],[11.99,54.906056],[12.0,54.9],[12.015,54.89925],[12.02,54.895625],[12.05,54.894965],[12.055,54.891098],[12.06,54.894974],[12.09,54.894927],[12.095,54.890514],[12.12,54.889925],[12.124969,54.885],[12.124998,54.875],[12.13,54.868913],[12.1572,54.85],[12.167237,54.835],[12.16,54.825021],[12.148235,54.825],[12.135,54.820002],[12.129996,54.81],[12.115,54.795012],[12.105313,54.795],[12.1,54.79001],[12.088125,54.79],[12.065,54.775001],[12.055,54.7632],[12.04,54.7535],[12.034995,54.74],[12.02,54.723333],[11.985,54.703636],[11.975,54.693261],[11.965,54.669545],[11.965667,54.625],[11.969987,54.615],[11.97,54.5984],[11.974993,54.59],[11.974994,54.565],[11.97,54.557625],[11.955,54.560008],[11.95,54.565001],[11.94,54.565012],[11.935,54.570008],[11.922179,54.57],[11.92,54.563462],[11.905,54.560238],[11.86,54.560006],[11.8275,54.575],[11.84,54.576698],[11.85,54.571915],[11.87,54.571951],[11.905,54.580417],[11.91,54.579688],[11.915,54.5718],[11.920004,54.59],[11.915,54.6016],[11.890007,54.625],[11.885002,54.635],[11.88,54.635006],[11.870002,54.645],[11.869667,54.65],[11.8625,54.655],[11.861562,54.66],[11.87,54.672857],[11.87,54.68],[11.863333,54.68],[11.857143,54.67],[11.857778,54.665],[11.84,54.6515],[11.839,54.64],[11.842778,54.635],[11.84,54.633077],[11.835,54.631538],[11.825,54.636522],[11.79,54.638864],[11.7825,54.645],[11.77,54.645012],[11.765,54.64881],[11.74,54.64675],[11.7325,54.65],[11.73,54.639583],[11.735,54.6375],[11.74,54.641111],[11.745,54.634286],[11.757308,54.63],[11.745,54.626471],[11.72,54.631071],[11.7,54.629286],[11.693333,54.625],[11.708,54.62],[11.705,54.615],[11.685,54.620909],[11.68,54.613333],[11.67125,54.61],[11.67625,54.605],[11.695,54.600455],[11.715,54.602759],[11.730208,54.6],[11.71,54.589722],[11.67,54.592031],[11.62,54.587361],[11.545,54.592917],[11.505,54.590011],[11.49,54.59697],[11.485,54.595009],[11.465,54.607188],[11.46,54.605009],[11.455,54.610002],[11.45,54.610007],[11.432286,54.62],[11.425,54.620014],[11.4,54.635002],[11.39,54.635011],[11.385,54.640002],[11.36,54.645008],[11.35,54.654167],[11.345,54.650004],[11.335,54.66],[11.32,54.665008],[11.295,54.685007],[11.29,54.685009],[11.265,54.700002],[11.249444,54.705],[11.225,54.705011],[11.22,54.710002],[11.205556,54.715],[11.19,54.715009],[11.183043,54.72],[11.17,54.720012],[11.165,54.725005],[11.15,54.725013],[11.145,54.730001],[11.13,54.73001],[11.122059,54.735],[11.105,54.735011],[11.096875,54.74],[11.07,54.740008],[11.064,54.745],[11.05,54.745015],[11.045,54.75],[11.035,54.750005],[11.027381,54.755],[11.015,54.75501],[11.01,54.760001],[11.005,54.760004],[10.995002,54.77],[10.955001,54.81],[10.945,54.825],[10.94,54.828333],[10.935,54.8225],[10.934333,54.825],[10.945,54.837097],[10.949063,54.835],[10.94625,54.83],[10.95,54.82625],[10.950009,54.83],[10.96,54.839994],[10.97,54.839985],[10.992,54.825],[11.005,54.830816],[11.01,54.826711],[11.013788,54.83],[11.01,54.849583],[11.005,54.839457],[10.994,54.86],[11.005,54.861923],[11.02,54.8575],[11.025,54.862593],[11.035526,54.865],[11.0225,54.87],[11.025,54.876],[11.02,54.875007],[11.008409,54.88],[11.0115,54.885],[11.007619,54.89],[11.009286,54.9],[11.017407,54.905],[11.015937,54.91],[11.0215,54.92],[11.045,54.942174],[11.055,54.945],[11.065,54.943214],[11.095,54.953125],[11.105,54.947],[11.106579,54.955],[11.102143,54.96],[11.105,54.96125],[11.11,54.9575],[11.115,54.962059],[11.125,54.96],[11.135,54.9655],[11.145,54.963333],[11.15,54.9685],[11.17,54.967692],[11.175,54.9725],[11.185,54.967],[11.19,54.971429],[11.195,54.970435],[11.218333,54.96],[11.221739,54.96],[11.225,54.96587],[11.245,54.960795],[11.265,54.9625],[11.295,54.95],[11.325,54.928571],[11.33,54.93025],[11.36,54.925],[11.368684,54.9],[11.385,54.887759],[11.415,54.881852],[11.42,54.878095],[11.426316,54.88],[11.42,54.890536],[11.425,54.887632],[11.455,54.885192],[11.45,54.8765],[11.44,54.882826],[11.428125,54.875],[11.435,54.87],[11.465,54.867917],[11.485,54.846667],[11.495,54.848571],[11.5,54.8425],[11.505,54.845769],[11.52,54.839091],[11.55,54.837812],[11.555,54.834722],[11.563077,54.84],[11.545,54.8475],[11.54,54.853421],[11.515357,54.86],[11.52,54.867857],[11.535,54.86125],[11.535,54.87],[11.53,54.87],[11.54,54.874286],[11.54875,54.87],[11.55,54.864],[11.565,54.865],[11.555,54.875],[11.545,54.88],[11.535,54.876429],[11.505,54.882647],[11.495,54.8775],[11.49,54.882206],[11.47,54.884516],[11.469333,54.895],[11.455357,54.905],[11.453214,54.91],[11.455,54.92],[11.465,54.925],[11.48,54.917778],[11.505,54.917353],[11.510455,54.915],[11.507917,54.905],[11.512619,54.895],[11.525,54.892692],[11.54,54.881667],[11.546429,54.885],[11.605,54.8588],[11.615,54.862143],[11.624286,54.87],[11.623571,54.875],[11.632273,54.885],[11.632647,54.89],[11.623,54.9],[11.625,54.91375],[11.63,54.916087],[11.645,54.9136],[11.655,54.916],[11.665,54.912708],[11.675,54.915469],[11.685357,54.895],[11.7,54.883913],[11.72,54.876875],[11.745,54.878],[11.75,54.870225],[11.754386,54.88],[11.739239,54.89],[11.7325,54.91],[11.745,54.913929],[11.745,54.918],[11.735,54.9196],[11.72,54.927424],[11.700312,54.93],[11.69,54.935],[11.685417,54.945],[11.688636,54.95],[11.705,54.955],[11.725,54.952391],[11.73,54.9625],[11.735,54.961786],[11.74,54.9685],[11.745,54.969091],[11.775,54.965833],[11.795,54.952692],[11.81,54.9475],[11.81375,54.95],[11.81375,54.955],[11.795,54.965],[11.792857,54.97],[11.795,54.980625],[11.810091,54.98]]}},{"type":"Feature","properties":{"depth":2.0,"source":"DDM 2024 coarse contour","resolution":"0.005 degree sampled grid"},"geometry":{"type":"LineString","coordinates":[[11.805156,54.585],[11.81,54.580156],[11.821585,54.58],[11.82,54.576579],[11.815,54.577667],[11.808333,54.58],[11.805156,54.585]]}},{"type":"Feature","properties":{"depth":2.0,"source":"DDM 2024 coarse contour","resolution":"0.005 degree sampled grid"},"geometry":{"type":"LineString","coordinates":[[11.595,54.609211],[11.58,54.6064],[11.573929,54.6],[11.5975,54.6],[11.595,54.609211]]}},{"type":"Feature","properties":{"depth":2.0,"source":"DDM 2024 coarse contour","resolution":"0.005 degree sampled grid"},"geometry":{"type":"LineString","coordinates":[[11.625,54.652222],[11.611563,54.64],[11.615,54.635],[11.609286,54.635],[11.61,54.6325],[11.615,54.635],[11.6195,54.63],[11.616111,54.625],[11.623529,54.62],[11.62,54.617143],[11.61,54.619091],[11.605,54.615],[11.608,54.62],[11.6,54.6225],[11.5835,54.62],[11.59,54.614211],[11.6,54.615],[11.596154,54.61],[11.611429,54.605],[11.601786,54.6],[11.605,54.598393],[11.63,54.597812],[11.639167,54.61],[11.6325,54.63],[11.634091,54.645],[11.625,54.652222]]}},{"type":"Feature","properties":{"depth":2.0,"source":"DDM 2024 coarse contour","resolution":"0.005 degree sampled grid"},"geometry":{"type":"LineString","coordinates":[[11.67,54.620556],[11.66125,54.62],[11.659167,54.615],[11.67,54.611667],[11.673333,54.62],[11.67,54.620556]]}},{"type":"Feature","properties":{"depth":2.0,"source":"DDM 2024 coarse contour","resolution":"0.005 degree sampled grid"},"geometry":{"type":"LineString","coordinates":[[11.575,54.631875],[11.565,54.633333],[11.561,54.63],[11.575,54.626667],[11.58,54.63],[11.575,54.631875]]}},{"type":"Feature","properties":{"depth":2.0,"source":"DDM 2024 coarse contour","resolution":"0.005 degree sampled grid"},"geometry":{"type":"LineString","coordinates":[[11.69,54.660008],[11.683077,54.66],[11.66,54.640476],[11.653182,54.64],[11.66,54.6325],[11.675,54.63125],[11.701111,54.655],[11.695,54.66],[11.69,54.660008]]}},{"type":"Feature","properties":{"depth":2.0,"source":"DDM 2024 coarse contour","resolution":"0.005 degree sampled grid"},"geometry":{"type":"LineString","coordinates":[[11.595,54.644286],[11.58,54.64375],[11.577,54.64],[11.585,54.63625],[11.595,54.636667],[11.595,54.644286]]}},{"type":"Feature","properties":{"depth":2.0,"source":"DDM 2024 coarse contour","resolution":"0.005 degree sampled grid"},"geometry":{"type":"LineString","coordinates":[[11.88,54.716],[11.845,54.715833],[11.841667,54.7],[11.86,54.700714],[11.87125,54.695],[11.867632,54.685],[11.87,54.68],[11.875,54.69],[11.886316,54.7],[11.8875,54.705],[11.881111,54.71],[11.88,54.716]]}},{"type":"Feature","properties":{"depth":2.0,"source":"DDM 2024 coarse contour","resolution":"0.005 degree sampled grid"},"geometry":{"type":"LineString","coordinates":[[10.283125,55.63],[10.303846,55.625],[10.32,55.624993],[10.351897,55.61],[10.36,55.60999],[10.367571,55.605],[10.41,55.594996],[10.462576,55.565],[10.47,55.564988],[10.54,55.534989],[10.559932,55.52],[10.559988,55.515],[10.555,55.510024],[10.55,55.515006],[10.54,55.5164],[10.535,55.520682],[10.53,55.520278],[10.525,55.515],[10.539444,55.51],[10.515,55.510278],[10.51,55.513409],[10.501111,55.51],[10.515,55.503438],[10.52,55.493125],[10.525,55.495],[10.535,55.4926],[10.547093,55.485],[10.5365,55.48],[10.55,55.479956],[10.555,55.484998],[10.56,55.485],[10.548125,55.495],[10.55,55.497609],[10.56,55.485],[10.565,55.485385],[10.57,55.491739],[10.575,55.488148],[10.59,55.486765],[10.615333,55.49],[10.6166,55.495],[10.608276,55.505],[10.593542,55.51],[10.58,55.510011],[10.565004,55.52],[10.565012,55.525],[10.58,55.534955],[10.595,55.534959],[10.61,55.521154],[10.624194,55.52],[10.6245,55.525],[10.62,55.525022],[10.615014,55.53],[10.61587,55.545],[10.602917,55.56],[10.600005,55.57],[10.595013,55.575],[10.595012,55.59],[10.608718,55.6],[10.585017,55.615],[10.59,55.621455],[10.62,55.622105],[10.64,55.60122],[10.650536,55.595],[10.66,55.580556],[10.675,55.568333],[10.69,55.549995],[10.695,55.54998],[10.706491,55.54],[10.705238,55.53],[10.707903,55.525],[10.72,55.510541],[10.75,55.485],[10.749998,55.48],[10.745,55.475006],[10.735,55.470023],[10.71,55.47418],[10.69,55.465015],[10.675,55.46377],[10.669999,55.46],[10.67,55.448696],[10.68,55.444996],[10.713529,55.42],[10.725,55.419988],[10.736923,55.405],[10.765,55.389998],[10.78,55.371731],[10.795,55.36],[10.812045,55.335],[10.815,55.318226],[10.83,55.31069],[10.833409,55.305],[10.85,55.30498],[10.854982,55.3],[10.854988,55.29],[10.85,55.285014],[10.83,55.286667],[10.82,55.293986],[10.81,55.294882],[10.805,55.300015],[10.79,55.301731],[10.785,55.297059],[10.795741,55.285],[10.79,55.276522],[10.795,55.268684],[10.8,55.268571],[10.802632,55.265],[10.8,55.2565],[10.8075,55.25],[10.809991,55.24],[10.820636,55.23],[10.811346,55.22],[10.814998,55.2],[10.81,55.192333],[10.809996,55.18],[10.795,55.163125],[10.7868,55.145],[10.789985,55.14],[10.782297,55.13],[10.775,55.103519],[10.760313,55.095],[10.754988,55.08],[10.74,55.065027],[10.728636,55.065],[10.714998,55.06],[10.712021,55.05],[10.722143,55.03],[10.685,55.030002],[10.68,55.025042],[10.67,55.025034],[10.665034,55.03],[10.665034,55.035],[10.67,55.039997],[10.692778,55.04],[10.66,55.040025],[10.656667,55.035],[10.662857,55.025],[10.652885,55.02],[10.652692,55.015],[10.645,55.01],[10.643148,55.005],[10.646667,55.0],[10.636935,54.995],[10.633478,54.985],[10.66087,54.985],[10.660909,54.99],[10.675,54.999994],[10.69,54.999994],[10.695833,54.995],[10.691857,54.985],[10.69375,54.975],[10.704545,54.97],[10.69,54.965],[10.705,54.96],[10.71,54.950385],[10.713913,54.955],[10.715,54.9685],[10.725,54.967273],[10.745,54.9716],[10.77,54.984993],[10.79,54.984995],[10.805,54.994987],[10.818929,55.01],[10.829615,55.03],[10.845,55.038636],[10.845007,55.045],[10.859302,55.06],[10.860004,55.07],[10.87,55.087353],[10.866364,55.095],[10.88,55.115833],[10.885,55.115971],[10.899766,55.13],[10.900022,55.14],[10.925,55.156429],[10.93,55.164981],[10.94,55.16975],[10.95,55.166875],[10.955882,55.16],[10.958958,55.15],[10.945,55.115714],[10.944985,55.105],[10.94,55.1],[10.939986,55.085],[10.93,55.075],[10.929992,55.065],[10.906111,55.025],[10.904987,55.015],[10.89619,55.0],[10.897143,54.995],[10.88,54.980014],[10.875758,54.98],[10.862222,54.97],[10.84,54.943571],[10.839986,54.935],[10.83125,54.93],[10.835,54.919444],[10.82,54.889468],[10.7814,54.835],[10.769985,54.805],[10.754994,54.785],[10.749985,54.765],[10.739989,54.75],[10.739992,54.745],[10.725,54.730013],[10.715,54.725011],[10.705,54.725],[10.7,54.720017],[10.685,54.720022],[10.665011,54.74],[10.665003,54.75],[10.67,54.754984],[10.674571,54.755],[10.670012,54.76],[10.670004,54.765],[10.655016,54.78],[10.659767,54.79],[10.654079,54.8],[10.644643,54.81],[10.64,54.810013],[10.62,54.824538],[10.605,54.825025],[10.5875,54.845],[10.57,54.8525],[10.555,54.85],[10.545,54.853125],[10.52,54.840018],[10.461571,54.84],[10.44,54.830007],[10.439989,54.825],[10.43,54.815013],[10.415,54.815014],[10.391552,54.83],[10.37,54.835017],[10.344559,54.855],[10.34,54.855015],[10.32,54.875005],[10.315,54.87502],[10.3,54.884545],[10.29,54.885031],[10.279189,54.895],[10.275,54.895015],[10.26,54.910003],[10.255,54.91003],[10.243778,54.92],[10.240011,54.925],[10.2389,54.94],[10.225,54.950002],[10.21,54.955052],[10.200021,54.97],[10.205,54.974977],[10.21,54.974978],[10.221552,54.97],[10.225891,54.96],[10.25,54.949942],[10.255,54.944988],[10.28,54.944965],[10.327206,54.915],[10.34,54.899989],[10.36,54.899953],[10.375,54.886979],[10.400009,54.9],[10.403298,54.905],[10.388529,54.915],[10.395,54.912692],[10.4,54.914941],[10.414211,54.905],[10.412241,54.895],[10.415,54.889996],[10.43,54.881667],[10.435,54.884988],[10.445,54.876765],[10.46,54.879996],[10.465,54.878036],[10.46,54.886458],[10.45,54.885011],[10.445017,54.89],[10.45,54.896875],[10.46,54.89629],[10.467778,54.9],[10.466818,54.91],[10.453846,54.92],[10.46,54.927222],[10.49,54.925458],[10.494685,54.93],[10.491042,54.935],[10.5,54.945],[10.515,54.933],[10.545,54.925769],[10.56,54.913036],[10.575,54.913043],[10.578,54.915],[10.577059,54.92],[10.59,54.92617],[10.596538,54.925],[10.598571,54.92],[10.62,54.9225],[10.635,54.915],[10.626087,54.895],[10.61,54.885004],[10.595,54.893269],[10.58,54.892],[10.571923,54.895],[10.565,54.895],[10.555,54.889074],[10.545909,54.895],[10.545789,54.9],[10.54,54.900013],[10.525,54.914434],[10.520053,54.91],[10.522143,54.905],[10.519545,54.9],[10.495,54.899],[10.49,54.905],[10.485,54.8975],[10.48,54.898571],[10.478864,54.895],[10.51,54.891667],[10.51375,54.885],[10.505,54.880007],[10.5,54.882353],[10.498077,54.875],[10.51,54.870625],[10.52,54.862222],[10.525,54.862727],[10.526027,54.855],[10.534203,54.855],[10.535,54.862778],[10.555,54.8624],[10.56,54.867083],[10.57,54.866829],[10.575,54.862308],[10.595,54.858056],[10.61,54.845],[10.607857,54.84],[10.618846,54.84],[10.62,54.849688],[10.625,54.85],[10.635,54.840667],[10.645,54.8374],[10.662167,54.855],[10.665008,54.88],[10.668636,54.885],[10.675,54.886607],[10.685,54.883542],[10.690833,54.885],[10.695,54.8918],[10.7,54.887143],[10.71,54.892],[10.710714,54.895],[10.705,54.89875],[10.685,54.893696],[10.669032,54.895],[10.672632,54.9],[10.670006,54.91],[10.677353,54.92],[10.71,54.94625],[10.705,54.949231],[10.7,54.941111],[10.695,54.940714],[10.685,54.9465],[10.671,54.945],[10.661923,54.93],[10.65,54.92125],[10.64,54.92625],[10.635,54.932813],[10.62,54.928462],[10.615,54.9324],[10.595714,54.935],[10.59,54.941111],[10.57,54.9425],[10.555,54.940006],[10.548437,54.945],[10.543542,54.955],[10.544792,54.96],[10.54,54.965],[10.53,54.9625],[10.52,54.955006],[10.5,54.962206],[10.49,54.955001],[10.485,54.955001],[10.475,54.960003],[10.46,54.974071],[10.455,54.971429],[10.452222,54.975],[10.455,54.980417],[10.465,54.982727],[10.468333,54.98],[10.465,54.973],[10.489375,54.97],[10.486667,54.975],[10.49,54.977857],[10.51,54.980789],[10.507727,54.975],[10.51,54.968043],[10.53,54.966447],[10.533068,54.97],[10.525,54.973958],[10.520952,54.98],[10.522586,54.995],[10.510021,55.005],[10.52,55.01496],[10.53,55.010882],[10.54,55.019985],[10.5575,55.025],[10.557407,55.03],[10.565,55.032273],[10.565,55.038333],[10.56,55.035055],[10.54527,55.035],[10.54,55.030054],[10.526301,55.03],[10.52,55.025059],[10.5,55.025064],[10.475,55.040022],[10.425,55.04],[10.415,55.035037],[10.41,55.040004],[10.4,55.040012],[10.385,55.046964],[10.376136,55.055],[10.375,55.060001],[10.37,55.055004],[10.365,55.054643],[10.36,55.047581],[10.355,55.048421],[10.342917,55.04],[10.325,55.034824],[10.32,55.04],[10.337593,55.05],[10.32,55.050005],[10.315002,55.055],[10.3195,55.06],[10.305,55.060052],[10.295,55.069831],[10.285,55.074213],[10.275,55.065],[10.279306,55.07],[10.279231,55.08],[10.265,55.08004],[10.25,55.09],[10.24,55.090025],[10.235,55.093679],[10.23,55.086562],[10.231279,55.075],[10.24,55.074952],[10.273704,55.055],[10.26,55.050076],[10.245,55.060013],[10.24,55.060061],[10.230061,55.07],[10.23,55.074593],[10.216475,55.07],[10.221667,55.065],[10.215,55.060016],[10.2,55.059877],[10.195,55.069551],[10.185,55.07503],[10.165,55.075068],[10.158939,55.08],[10.135,55.085045],[10.13,55.089874],[10.125,55.085073],[10.115,55.084533],[10.11,55.080054],[10.095,55.079629],[10.09,55.075076],[10.075,55.075007],[10.070013,55.08],[10.070014,55.09],[10.080001,55.1],[10.080001,55.105],[10.085,55.109995],[10.105,55.109988],[10.11,55.115],[10.109615,55.125],[10.115,55.125234],[10.119919,55.13],[10.115,55.133813],[10.1,55.130009],[10.09,55.134737],[10.075,55.1325],[10.074643,55.135],[10.09,55.135263],[10.1,55.142361],[10.11,55.144],[10.115,55.149996],[10.125,55.150581],[10.13,55.153462],[10.130003,55.165],[10.115,55.1794],[10.095,55.173889],[10.04,55.175019],[10.035,55.178021],[10.03,55.174687],[10.025,55.178229],[10.01,55.173852],[10.007812,55.175],[10.01,55.178182],[10.015,55.176429],[10.017344,55.18],[10.015001,55.195],[10.001143,55.195],[10.006848,55.19],[9.996197,55.175],[9.997262,55.17],[10.01,55.164986],[10.03,55.151056],[10.045,55.13],[10.03,55.120009],[10.005,55.12005],[9.999432,55.125],[9.985,55.125025],[9.975013,55.135],[9.98,55.139982],[9.984865,55.14],[9.988298,55.15],[9.98,55.165],[9.982568,55.18],[9.980008,55.19],[9.984881,55.2],[9.98,55.209946],[9.971897,55.215],[9.93,55.215045],[9.908333,55.235],[9.895,55.237429],[9.89,55.245],[9.885,55.239677],[9.88,55.240001],[9.86625,55.25],[9.87,55.254],[9.88,55.254984],[9.89,55.245],[9.895004,55.25],[9.895,55.255006],[9.885,55.255016],[9.877973,55.265],[9.876667,55.27],[9.88,55.272903],[9.885,55.270488],[9.885008,55.29],[9.890002,55.31],[9.875,55.33],[9.870006,55.345],[9.865,55.3487],[9.825,55.350049],[9.82,55.354653],[9.805,55.355056],[9.8,55.360001],[9.79,55.360017],[9.782564,55.365],[9.785002,55.375],[9.79,55.379986],[9.818276,55.38],[9.835,55.385377],[9.838889,55.39],[9.825,55.395769],[9.815,55.405005],[9.8,55.405011],[9.786667,55.41],[9.795,55.41996],[9.817143,55.415],[9.825005,55.42],[9.82,55.42442],[9.805,55.425027],[9.798333,55.43],[9.75,55.430007],[9.739792,55.435],[9.738281,55.44],[9.744024,55.445],[9.725,55.457143],[9.715058,55.47],[9.72,55.474922],[9.745,55.461234],[9.765,55.454987],[9.775,55.4475],[9.795,55.441579],[9.80375,55.445],[9.8,55.448929],[9.785,55.450023],[9.773396,55.46],[9.78,55.465001],[9.755,55.465033],[9.75,55.470002],[9.735,55.475051],[9.725,55.490047],[9.705,55.490101],[9.715,55.489919],[9.719959,55.485],[9.719916,55.48],[9.715,55.475057],[9.705,55.474654],[9.7,55.470153],[9.695,55.470149],[9.67505,55.49],[9.675,55.500112],[9.69,55.499916],[9.695,55.494987],[9.700108,55.495],[9.675059,55.51],[9.675029,55.515],[9.68,55.519937],[9.7,55.519831],[9.705166,55.515],[9.715,55.514871],[9.720382,55.51],[9.75,55.509974],[9.755024,55.515],[9.755047,55.52],[9.765,55.525657],[9.765033,55.535],[9.760036,55.54],[9.765,55.54499],[9.785,55.54547],[9.8,55.554923],[9.83,55.557065],[9.845,55.554995],[9.854997,55.545],[9.851939,55.525],[9.865,55.516218],[9.895,55.513103],[9.9,55.514994],[9.905,55.5125],[9.943448,55.515],[9.995,55.5425],[10.016667,55.55],[10.021667,55.555],[10.02,55.562273],[10.025,55.566944],[10.045,55.57],[10.041719,55.565],[10.045,55.562237],[10.0625,55.565],[10.058333,55.57],[10.067857,55.575],[10.075,55.570652],[10.085,55.572656],[10.1,55.5905],[10.11,55.591],[10.12,55.595926],[10.125,55.593438],[10.13,55.597917],[10.145,55.587609],[10.15,55.590417],[10.168824,55.59],[10.155,55.598478],[10.140833,55.6],[10.141071,55.605],[10.145,55.608438],[10.17,55.609348],[10.1785,55.615],[10.18,55.62125],[10.185,55.615781],[10.205,55.612353],[10.21,55.608214],[10.225,55.6075],[10.244355,55.615],[10.2368,55.625],[10.24,55.631],[10.26,55.627955],[10.283125,55.63]]}},{"type":"Feature","properties":{"depth":2.0,"source":"DDM 2024 coarse contour","resolution":"0.005 degree sampled grid"},"geometry":{"type":"LineString","coordinates":[[11.87,54.755],[11.87,54.737708],[11.872619,54.75],[11.87,54.755]]}},{"type":"Feature","properties":{"depth":2.0,"source":"DDM 2024 coarse contour","resolution":"0.005 degree sampled grid"},"geometry":{"type":"LineString","coordinates":[[11.85,54.780013],[11.84,54.782353],[11.8384,54.78],[11.85,54.77675],[11.85,54.780013]]}},{"type":"Feature","properties":{"depth":2.0,"source":"DDM 2024 coarse contour","resolution":"0.005 degree sampled grid"},"geometry":{"type":"LineString","coordinates":[[10.985,54.811538],[10.983864,54.805],[10.99,54.803393],[10.991731,54.805],[10.985,54.811538]]}},{"type":"Feature","properties":{"depth":2.0,"source":"DDM 2024 coarse contour","resolution":"0.005 degree sampled grid"},"geometry":{"type":"LineString","coordinates":[[11.785,54.820026],[11.784985,54.81],[11.789079,54.81],[11.789732,54.82],[11.785,54.820026]]}},{"type":"Feature","properties":{"depth":2.0,"source":"DDM 2024 coarse contour","resolution":"0.005 degree sampled grid"},"geometry":{"type":"LineString","coordinates":[[10.98,54.825625],[10.97,54.820769],[10.968103,54.825],[10.962429,54.825],[10.97,54.813542],[10.983824,54.82],[10.98,54.825625]]}},{"type":"Feature","properties":{"depth":2.0,"source":"DDM 2024 coarse contour","resolution":"0.005 degree sampled grid"},"geometry":{"type":"LineString","coordinates":[[11.04,54.833269],[11.035,54.829],[11.025,54.829792],[11.015,54.826],[11.015,54.823],[11.03,54.815625],[11.035,54.822143],[11.05,54.812105],[11.052037,54.815],[11.0425,54.825],[11.044048,54.83],[11.04,54.833269]]}},{"type":"Feature","properties":{"depth":2.0,"source":"DDM 2024 coarse contour","resolution":"0.005 degree sampled grid"},"geometry":{"type":"LineString","coordinates":[[9.56,54.875056],[9.55,54.875016],[9.545,54.879324],[9.525,54.875017],[9.52,54.870015],[9.51,54.87001],[9.495,54.855008],[9.46,54.835062],[9.44,54.835002],[9.435,54.830039],[9.424977,54.83],[9.44,54.829933],[9.445,54.834968],[9.47,54.834925],[9.475,54.839958],[9.49,54.839933],[9.495,54.84496],[9.5,54.844948],[9.505,54.849966],[9.51,54.849961],[9.515,54.854969],[9.52,54.854951],[9.525,54.859962],[9.56,54.875056]]}},{"type":"Feature","properties":{"depth":2.0,"source":"DDM 2024 coarse contour","resolution":"0.005 degree sampled grid"},"geometry":{"type":"LineString","coordinates":[[11.065,54.846071],[11.05,54.845005],[11.045,54.848437],[11.042708,54.845],[11.045,54.84],[11.04,54.843243],[11.035862,54.84],[11.04,54.836364],[11.045,54.84],[11.042647,54.835],[11.045,54.831667],[11.05,54.833333],[11.05,54.84],[11.055,54.844995],[11.066875,54.845],[11.065,54.846071]]}},{"type":"Feature","properties":{"depth":2.0,"source":"DDM 2024 coarse contour","resolution":"0.005 degree sampled grid"},"geometry":{"type":"LineString","coordinates":[[11.75,54.867917],[11.745,54.868852],[11.740795,54.86],[11.75,54.846071],[11.775,54.846765],[11.79,54.841579],[11.792955,54.845],[11.75325,54.855],[11.75,54.867917]]}},{"type":"Feature","properties":{"depth":2.0,"source":"DDM 2024 coarse contour","resolution":"0.005 degree sampled grid"},"geometry":{"type":"LineString","coordinates":[[12.201875,54.86],[12.200833,54.855],[12.19,54.854062],[12.18,54.86],[12.19,54.857727],[12.195,54.860775],[12.201875,54.86]]}},{"type":"Feature","properties":{"depth":2.0,"source":"DDM 2024 coarse contour","resolution":"0.005 degree sampled grid"},"geometry":{"type":"LineString","coordinates":[[12.220833,54.86],[12.215,54.854091],[12.210714,54.855],[12.220833,54.86]]}},{"type":"Feature","properties":{"depth":2.0,"source":"DDM 2024 coarse contour","resolution":"0.005 degree sampled grid"},"geometry":{"type":"LineString","coordinates":[[11.506111,54.87],[11.51375,54.865],[11.51,54.863421],[11.50375,54.87],[11.506111,54.87]]}},{"type":"Feature","properties":{"depth":2.0,"source":"DDM 2024 coarse contour","resolution":"0.005 degree sampled grid"},"geometry":{"type":"LineString","coordinates":[[12.312051,56.13],[12.322,56.125],[12.345,56.124975],[12.382647,56.105],[12.405,56.104983],[12.412143,56.1],[12.433333,56.095],[12.445833,56.095],[12.455,56.099983],[12.462692,56.095],[12.5,56.094962],[12.505,56.09035],[12.52,56.089965],[12.525,56.084999],[12.535,56.084975],[12.54,56.079999],[12.565,56.069988],[12.575,56.060761],[12.585,56.059985],[12.59,56.054996],[12.595,56.054978],[12.606765,56.045],[12.615,56.046556],[12.624977,56.04],[12.59,56.005023],[12.581477,56.005],[12.554998,55.985],[12.554985,55.98],[12.54,55.959474],[12.539992,55.95],[12.529,55.94],[12.532273,55.93],[12.526719,55.925],[12.526806,55.92],[12.544999,55.89],[12.56125,55.87],[12.561667,55.865],[12.579969,55.85],[12.575784,55.845],[12.579992,55.83],[12.58,55.814706],[12.589993,55.805],[12.59499,55.795],[12.594997,55.775],[12.599992,55.77],[12.599997,55.755],[12.587105,55.74],[12.589996,55.725],[12.587308,55.72],[12.6,55.719986],[12.605,55.725948],[12.62,55.724988],[12.625,55.729981],[12.63,55.729975],[12.63495,55.725],[12.634952,55.72],[12.63,55.715048],[12.625,55.715039],[12.62,55.71003],[12.61,55.710009],[12.605,55.705],[12.604998,55.7],[12.625,55.699967],[12.629998,55.695],[12.630171,55.69],[12.635,55.689944],[12.639933,55.685],[12.64,55.679966],[12.645,55.679936],[12.64997,55.675],[12.645,55.670013],[12.637069,55.67],[12.645,55.657759],[12.65,55.659991],[12.654995,55.655],[12.649995,55.65],[12.65499,55.64],[12.663,55.635],[12.675,55.634987],[12.6815,55.63],[12.684986,55.625],[12.684969,55.615],[12.678929,55.605],[12.681863,55.59],[12.675,55.574211],[12.67,55.575417],[12.665,55.572273],[12.655,55.575909],[12.63,55.565333],[12.605,55.5475],[12.58,55.546562],[12.56,55.552333],[12.5475,55.57],[12.535,55.570008],[12.51501,55.585],[12.510004,55.6],[12.505001,55.605],[12.508243,55.62],[12.505,55.626786],[12.501571,55.62],[12.504997,55.615],[12.503636,55.605],[12.495,55.5975],[12.45,55.600008],[12.435,55.6084],[12.4,55.610003],[12.404999,55.605],[12.4,55.600006],[12.395,55.601875],[12.38,55.598636],[12.365,55.590002],[12.354688,55.59],[12.35,55.586591],[12.315,55.579138],[12.31,55.575008],[12.300833,55.575],[12.25,55.547875],[12.231935,55.53],[12.225,55.519375],[12.223438,55.51],[12.214348,55.5],[12.20913,55.485],[12.2,55.47575],[12.214974,55.46],[12.21,55.455028],[12.205,55.46002],[12.199989,55.455],[12.2,55.4486],[12.22,55.435],[12.225,55.428],[12.24381,55.42],[12.255,55.419996],[12.275,55.411905],[12.29,55.409995],[12.29675,55.405],[12.335,55.404986],[12.345,55.4],[12.365,55.399995],[12.395,55.384995],[12.407812,55.375],[12.415,55.37499],[12.425,55.362812],[12.451579,55.345],[12.45,55.335937],[12.454997,55.33],[12.45,55.323036],[12.45,55.3],[12.455,55.295],[12.45499,55.285],[12.445,55.275016],[12.42,55.26462],[12.41,55.255039],[12.4,55.255011],[12.395,55.250031],[12.39,55.250022],[12.385,55.254565],[12.38,55.250027],[12.365102,55.25],[12.361757,55.24],[12.355,55.235006],[12.26,55.236136],[12.24,55.232222],[12.23,55.224583],[12.213864,55.225],[12.205,55.218571],[12.188947,55.22],[12.17,55.210009],[12.155,55.21],[12.14,55.1925],[12.13,55.185002],[12.12,55.183478],[12.110909,55.175],[12.111493,55.15],[12.115,55.141509],[12.125,55.13641],[12.14,55.146],[12.143,55.145],[12.137955,55.135],[12.14,55.12999],[12.18,55.131111],[12.185,55.14],[12.18,55.143333],[12.18,55.1475],[12.185,55.14875],[12.19,55.143333],[12.196,55.145],[12.195,55.13],[12.205,55.13],[12.2025,55.135],[12.205,55.137187],[12.22,55.130714],[12.23,55.131458],[12.236429,55.125],[12.2325,55.12],[12.235,55.117778],[12.25,55.12],[12.25125,55.115],[12.2675,55.1],[12.262273,55.095],[12.263333,55.09],[12.27,55.09],[12.271818,55.085],[12.28,55.081667],[12.2925,55.07],[12.286111,55.06],[12.27875,55.055],[12.281964,55.045],[12.29,55.038214],[12.315,55.031098],[12.4,55.029986],[12.411786,55.025],[12.47,55.024966],[12.475,55.019998],[12.485,55.019972],[12.492903,55.015],[12.51,55.014969],[12.52,55.010631],[12.54998,54.98],[12.555862,54.965],[12.552381,54.955],[12.53,54.940026],[12.505,54.940026],[12.5,54.944278],[12.485,54.945027],[12.48,54.949138],[12.465,54.95002],[12.456522,54.955],[12.44,54.955032],[12.432273,54.96],[12.39,54.960023],[12.385,54.963672],[12.375,54.964468],[12.36,54.960016],[12.342,54.96],[12.335,54.955013],[12.3225,54.955],[12.295,54.940016],[12.29,54.940006],[12.285,54.935019],[12.28,54.935003],[12.265,54.920012],[12.245,54.910004],[12.23,54.893636],[12.21,54.880007],[12.185,54.875008],[12.165,54.874686],[12.156667,54.88],[12.14,54.880079],[12.125,54.894475],[12.115,54.899488],[12.105,54.900016],[12.1,54.904247],[12.085,54.907857],[12.07,54.905052],[12.065,54.909206],[12.01,54.915028],[11.99013,54.93],[11.9915,54.94],[11.980003,54.95],[11.980002,54.955],[11.985,54.95997],[11.995,54.959956],[12.0,54.954167],[12.013961,54.965],[12.0,54.965013],[11.994437,54.97],[11.985,54.97],[11.979643,54.975],[11.965,54.980006],[11.952391,54.995],[11.9275,54.995],[11.933462,54.99],[11.92,54.986842],[11.915,54.993273],[11.904643,54.99],[11.9005,54.975],[11.895,54.975021],[11.88879,54.98],[11.88,54.98],[11.880016,54.985],[11.865833,54.995],[11.875,54.999984],[11.885,55.000012],[11.875,55.000016],[11.837647,55.02],[11.83,55.020012],[11.81,55.035001],[11.8,55.035009],[11.795,55.04],[11.785,55.040013],[11.78,55.045],[11.77,55.045005],[11.76,55.049545],[11.735,55.050017],[11.727333,55.055],[11.715,55.055024],[11.71,55.060002],[11.685,55.065004],[11.68,55.071538],[11.66,55.070006],[11.65,55.076316],[11.635,55.075012],[11.62,55.085],[11.611364,55.085],[11.645,55.084973],[11.65,55.080921],[11.665,55.079982],[11.67,55.076759],[11.685,55.0785],[11.686129,55.075],[11.7,55.074979],[11.72,55.07],[11.725,55.073077],[11.73,55.0675],[11.739576,55.075],[11.735,55.086364],[11.72,55.0825],[11.705,55.084692],[11.699444,55.09],[11.705,55.093889],[11.71,55.091282],[11.715,55.093214],[11.715,55.1004],[11.725,55.095333],[11.728684,55.1],[11.715009,55.115],[11.70675,55.14],[11.6762,55.16],[11.66,55.160013],[11.647105,55.17],[11.645,55.175002],[11.635,55.175023],[11.63,55.180005],[11.615,55.180004],[11.595,55.188095],[11.59,55.185008],[11.575,55.185029],[11.57,55.190002],[11.535,55.190007],[11.529474,55.195],[11.496379,55.195],[11.495,55.191],[11.49,55.191],[11.485,55.195004],[11.48,55.190019],[11.471071,55.19],[11.465,55.185011],[11.41,55.185004],[11.395,55.188452],[11.385,55.183276],[11.365,55.182222],[11.34,55.190652],[11.295,55.190004],[11.280714,55.195],[11.28,55.200003],[11.255,55.200075],[11.24,55.214484],[11.23,55.219107],[11.227083,55.225],[11.235,55.23],[11.235,55.235],[11.225357,55.245],[11.227105,55.25],[11.24001,55.255],[11.24,55.267955],[11.231667,55.275],[11.235,55.275357],[11.233519,55.285],[11.224333,55.29],[11.21,55.290027],[11.1968,55.3],[11.185,55.300013],[11.18,55.305001],[11.17,55.305014],[11.147955,55.32],[11.125,55.32375],[11.125014,55.33],[11.13,55.335031],[11.12,55.335017],[11.109185,55.345],[11.095,55.345018],[11.090018,55.35],[11.11,55.37125],[11.151552,55.37],[11.165,55.374997],[11.17,55.379994],[11.185,55.384988],[11.196364,55.385],[11.21,55.391739],[11.21,55.401935],[11.189167,55.42],[11.2,55.437632],[11.2,55.447292],[11.174375,55.475],[11.174265,55.49],[11.17,55.497979],[11.145,55.509853],[11.13,55.520833],[11.122632,55.52],[11.115,55.510015],[11.09,55.510008],[11.079,55.515],[11.080016,55.525],[11.095,55.539991],[11.105,55.537105],[11.11,55.539992],[11.145,55.541333],[11.155,55.5575],[11.155,55.566071],[11.148173,55.585],[11.125,55.615002],[11.12,55.615008],[11.102381,55.625],[11.095,55.625013],[11.09,55.630004],[11.08,55.630011],[11.075,55.635005],[11.05,55.640016],[11.0328,55.65],[11.01,55.650029],[10.998077,55.655],[10.945,55.65502],[10.930001,55.665],[10.930002,55.67],[10.94,55.676389],[10.96,55.674967],[10.967333,55.67],[11.035,55.669957],[11.04,55.665794],[11.050333,55.665],[11.075,55.664972],[11.08,55.66999],[11.085,55.664995],[11.095,55.664998],[11.08939,55.67],[11.095034,55.675],[11.075,55.672625],[11.065,55.675005],[11.0515,55.685],[11.045,55.685007],[11.02,55.700012],[11.015,55.700017],[10.988571,55.725],[10.905,55.725038],[10.9,55.730008],[10.89,55.730028],[10.875005,55.74],[10.88,55.744993],[10.8992,55.745],[10.905,55.749981],[10.918913,55.75],[10.93,55.754975],[10.935,55.750481],[10.94,55.751182],[10.945,55.754979],[10.95,55.751484],[10.99,55.749974],[10.996136,55.745],[11.005,55.744983],[11.016,55.74],[11.03,55.739982],[11.037581,55.735],[11.067,55.735],[11.075,55.739978],[11.095,55.74],[11.1,55.744978],[11.109821,55.745],[11.125,55.754985],[11.1666,55.755],[11.175,55.759988],[11.2,55.741557],[11.215,55.748958],[11.225,55.749993],[11.25,55.735463],[11.27369,55.735],[11.284222,55.74],[11.29,55.748913],[11.280013,55.755],[11.285,55.75999],[11.293333,55.76],[11.295357,55.765],[11.290012,55.77],[11.29,55.775012],[11.285,55.775015],[11.280017,55.78],[11.280004,55.785],[11.275019,55.79],[11.285,55.799932],[11.299985,55.79],[11.296635,55.785],[11.32,55.757222],[11.33,55.755763],[11.34,55.759978],[11.35,55.759995],[11.361923,55.77],[11.365,55.777353],[11.37619,55.785],[11.375003,55.825],[11.370018,55.83],[11.370007,55.835],[11.36,55.843158],[11.353485,55.84],[11.36,55.845686],[11.37,55.844997],[11.39,55.836667],[11.4,55.836613],[11.42,55.839997],[11.425,55.844995],[11.4364,55.845],[11.445,55.849994],[11.495,55.851944],[11.518023,55.875],[11.522097,55.885],[11.517917,55.895],[11.52463,55.915],[11.523962,55.92],[11.515,55.930003],[11.495,55.938163],[11.48,55.940012],[11.472308,55.945],[11.455,55.94501],[11.445,55.948409],[11.44,55.945018],[11.435,55.948417],[11.425,55.94502],[11.416765,55.95],[11.375,55.950021],[11.368833,55.955],[11.36,55.955021],[11.345,55.965],[11.335,55.96502],[11.31,55.972813],[11.3,55.970023],[11.285009,55.985],[11.280007,56.0],[11.275009,56.005],[11.277083,56.01],[11.275,56.016042],[11.30527,55.99],[11.315,55.989964],[11.323333,55.985],[11.34,55.984969],[11.345,55.980465],[11.355,55.979984],[11.360667,55.975],[11.375,55.974975],[11.38,55.969993],[11.4,55.969974],[11.4082,55.965],[11.48,55.96498],[11.48661,55.96],[11.5,55.959967],[11.5082,55.955],[11.5518,55.955],[11.56,55.959967],[11.573871,55.96],[11.58,55.964969],[11.59,55.964985],[11.607321,55.95],[11.64,55.94],[11.675,55.949992],[11.701304,55.95],[11.72,55.956607],[11.74,55.969991],[11.749571,55.97],[11.755,55.974986],[11.768226,55.975],[11.775,55.979992],[11.7935,55.965],[11.795652,55.955],[11.809,55.945],[11.805,55.9335],[11.78,55.939667],[11.795,55.940505],[11.79989,55.945],[11.795,55.949541],[11.79,55.945009],[11.785,55.950008],[11.775357,55.95],[11.75625,55.93],[11.754979,55.905],[11.75,55.900026],[11.725,55.895017],[11.72,55.9],[11.71,55.900017],[11.702895,55.91],[11.695,55.906842],[11.68,55.912206],[11.674992,55.91],[11.67,55.901579],[11.67,55.892692],[11.677195,55.88],[11.685,55.879989],[11.695,55.874976],[11.71,55.863125],[11.734984,55.835],[11.734988,55.82],[11.715,55.805035],[11.71,55.808667],[11.660833,55.815],[11.66,55.808571],[11.665,55.80875],[11.681538,55.8],[11.655,55.798214],[11.645,55.790018],[11.62,55.784464],[11.616951,55.78],[11.625,55.774985],[11.655,55.775851],[11.675,55.781184],[11.685,55.789973],[11.696,55.79],[11.7,55.79564],[11.720476,55.795],[11.73,55.799985],[11.74,55.796739],[11.749991,55.785],[11.752742,55.775],[11.765,55.770467],[11.769857,55.775],[11.77,55.785172],[11.78,55.789989],[11.788226,55.79],[11.795,55.797778],[11.8,55.796667],[11.805,55.8],[11.80087,55.795],[11.81,55.788276],[11.818553,55.795],[11.814815,55.8],[11.82,55.811364],[11.835,55.81375],[11.84,55.810814],[11.842286,55.8],[11.851739,55.79],[11.851522,55.785],[11.85,55.773333],[11.84,55.765],[11.840441,55.76],[11.835556,55.755],[11.841277,55.745],[11.835,55.740016],[11.825,55.7475],[11.817879,55.745],[11.821111,55.74],[11.82,55.733929],[11.8,55.739762],[11.793983,55.745],[11.79375,55.75],[11.798478,55.755],[11.78,55.759889],[11.780526,55.765],[11.77,55.774806],[11.757391,55.76],[11.770964,55.75],[11.77,55.74375],[11.745,55.735011],[11.728636,55.735],[11.72,55.728523],[11.71,55.731774],[11.6725,55.73],[11.680667,55.72],[11.685,55.723095],[11.737059,55.725],[11.755,55.729318],[11.765,55.737609],[11.78,55.732],[11.794975,55.715],[11.795,55.7038],[11.805,55.701058],[11.814989,55.685],[11.805,55.67001],[11.8,55.674687],[11.794643,55.67],[11.805,55.666719],[11.810012,55.67],[11.810019,55.675],[11.815,55.679986],[11.82,55.679996],[11.825012,55.685],[11.825019,55.69],[11.83,55.695217],[11.835,55.690128],[11.835024,55.705],[11.854403,55.73],[11.86,55.734981],[11.869767,55.735],[11.855,55.735029],[11.850024,55.74],[11.855009,55.75],[11.85,55.750018],[11.845017,55.755],[11.855009,55.765],[11.855019,55.775],[11.86,55.787105],[11.858971,55.795],[11.850014,55.805],[11.85375,55.815],[11.86,55.815152],[11.875,55.802209],[11.87503,55.81],[11.885,55.819983],[11.915,55.822021],[11.921481,55.82],[11.925,55.826625],[11.93,55.823125],[11.943152,55.835],[11.950263,55.85],[11.945,55.867674],[11.935,55.87],[11.925016,55.88],[11.925,55.884571],[11.919494,55.89],[11.923525,55.895],[11.92,55.898909],[11.905,55.912791],[11.895,55.913173],[11.89,55.91],[11.885001,55.915],[11.899647,55.935],[11.909726,55.94],[11.905,55.94392],[11.9,55.940046],[11.861286,55.94],[11.84,55.935],[11.838437,55.945],[11.843636,55.95],[11.845026,55.96],[11.840013,55.965],[11.855,55.979987],[11.865,55.984981],[11.88,55.985781],[11.885,55.989987],[11.905,55.995],[11.91,55.99998],[11.93,56.004998],[11.935,56.009987],[11.945,56.011014],[11.965,56.019986],[11.975,56.02],[11.98,56.024987],[12.005,56.031508],[12.055,56.059976],[12.0625,56.06],[12.08,56.069977],[12.09,56.071067],[12.115,56.084976],[12.124483,56.085],[12.14,56.094974],[12.17,56.104999],[12.185,56.114974],[12.21,56.116233],[12.215,56.119978],[12.226905,56.12],[12.235,56.124972],[12.26,56.12625],[12.265,56.129975],[12.312051,56.13]]}},{"type":"Feature","properties":{"depth":2.0,"source":"DDM 2024 coarse contour","resolution":"0.005 degree sampled grid"},"geometry":{"type":"LineString","coordinates":[[10.429986,54.9],[10.425,54.893269],[10.417045,54.9],[10.425,54.904976],[10.429986,54.9]]}},{"type":"Feature","properties":{"depth":2.0,"source":"DDM 2024 coarse contour","resolution":"0.005 degree sampled grid"},"geometry":{"type":"LineString","coordinates":[[10.5,54.925015],[10.495,54.92875],[10.491667,54.925],[10.505,54.915783],[10.51,54.917083],[10.515,54.908462],[10.519,54.91],[10.519375,54.92],[10.5,54.925015]]}},{"type":"Feature","properties":{"depth":2.0,"source":"DDM 2024 coarse contour","resolution":"0.005 degree sampled grid"},"geometry":{"type":"LineString","coordinates":[[11.560833,54.92],[11.587143,54.91],[11.58,54.907963],[11.57,54.913125],[11.565,54.912222],[11.55875,54.915],[11.560833,54.92]]}},{"type":"Feature","properties":{"depth":2.0,"source":"DDM 2024 coarse contour","resolution":"0.005 degree sampled grid"},"geometry":{"type":"LineString","coordinates":[[9.64,54.930004],[9.619286,54.93],[9.617857,54.925],[9.6205,54.92],[9.63,54.916058],[9.635,54.916196],[9.64,54.921837],[9.655,54.912],[9.666579,54.915],[9.664286,54.92],[9.654074,54.925],[9.645,54.925013],[9.64,54.930004]]}},{"type":"Feature","properties":{"depth":2.0,"source":"DDM 2024 coarse contour","resolution":"0.005 degree sampled grid"},"geometry":{"type":"LineString","coordinates":[[11.35,54.99],[11.364286,54.985],[11.368125,54.97],[11.39,54.956951],[11.405,54.958125],[11.4,54.970769],[11.415,54.971667],[11.43,54.967222],[11.438,54.97],[11.435,54.975],[11.445,54.975875],[11.471585,54.955],[11.475946,54.95],[11.475,54.9465],[11.465,54.94001],[11.43,54.937609],[11.425,54.931154],[11.42,54.930714],[11.4,54.914429],[11.395,54.91413],[11.392174,54.925],[11.37,54.935021],[11.36504,54.94],[11.36,54.954892],[11.355,54.955038],[11.345043,54.965],[11.345833,54.97],[11.335,54.98],[11.34,54.9825],[11.345,54.978571],[11.3475,54.98],[11.345,54.99],[11.35,54.99]]}},{"type":"Feature","properties":{"depth":2.0,"source":"DDM 2024 coarse contour","resolution":"0.005 degree sampled grid"},"geometry":{"type":"LineString","coordinates":[[8.63,54.946667],[8.62,54.947143],[8.605,54.942],[8.596818,54.935],[8.594444,54.93],[8.5965,54.925],[8.61,54.917333],[8.625,54.917222],[8.635,54.9214],[8.64,54.938636],[8.63,54.946667]]}},{"type":"Feature","properties":{"depth":2.0,"source":"DDM 2024 coarse contour","resolution":"0.005 degree sampled grid"},"geometry":{"type":"LineString","coordinates":[[10.565962,54.925],[10.572941,54.92],[10.57,54.915455],[10.561,54.92],[10.56,54.925],[10.565962,54.925]]}},{"type":"Feature","properties":{"depth":2.0,"source":"DDM 2024 coarse contour","resolution":"0.005 degree sampled grid"},"geometry":{"type":"LineString","coordinates":[[12.015,54.956538],[12.01,54.957333],[12.003125,54.95],[12.006429,54.945],[12.02,54.938235],[12.04,54.942368],[12.074231,54.94],[12.075,54.945],[12.08,54.93],[12.085,54.933],[12.09,54.929333],[12.095,54.93],[12.1,54.924375],[12.105,54.935],[12.113,54.935],[12.114375,54.94],[12.11375,54.945],[12.105,54.95],[12.1,54.947143],[12.095,54.95],[12.07,54.945003],[12.06,54.949722],[12.02,54.951944],[12.015,54.956538]]}},{"type":"Feature","properties":{"depth":2.0,"source":"DDM 2024 coarse contour","resolution":"0.005 degree sampled grid"},"geometry":{"type":"LineString","coordinates":[[11.481667,54.935],[11.48,54.927727],[11.4738,54.935],[11.481667,54.935]]}},{"type":"Feature","properties":{"depth":2.0,"source":"DDM 2024 coarse contour","resolution":"0.005 degree sampled grid"},"geometry":{"type":"LineString","coordinates":[[11.915,54.94],[11.905,54.939211],[11.9,54.933333],[11.915,54.932143],[11.9175,54.935],[11.915,54.94]]}},{"type":"Feature","properties":{"depth":2.0,"source":"DDM 2024 coarse contour","resolution":"0.005 degree sampled grid"},"geometry":{"type":"LineString","coordinates":[[9.84,54.945],[9.83,54.9488],[9.82525,54.945],[9.835,54.9378],[9.853636,54.94],[9.845,54.940005],[9.84,54.945]]}},{"type":"Feature","properties":{"depth":2.0,"source":"DDM 2024 coarse contour","resolution":"0.005 degree sampled grid"},"geometry":{"type":"LineString","coordinates":[[11.551538,54.995],[11.565,54.986951],[11.5675,54.98],[11.574211,54.975],[11.547632,54.955],[11.54,54.936154],[11.53375,54.94],[11.535,54.945],[11.5312,54.95],[11.521944,54.955],[11.515,54.96875],[11.51,54.968462],[11.495,54.980833],[11.4895,54.98],[11.5,54.989997],[11.515,54.994992],[11.551538,54.995]]}},{"type":"Feature","properties":{"depth":2.0,"source":"DDM 2024 coarse contour","resolution":"0.005 degree sampled grid"},"geometry":{"type":"LineString","coordinates":[[8.64,54.965667],[8.62375,54.96],[8.63,54.953333],[8.645,54.9545],[8.648214,54.96],[8.64,54.965667]]}},{"type":"Feature","properties":{"depth":2.0,"source":"DDM 2024 coarse contour","resolution":"0.005 degree sampled grid"},"geometry":{"type":"LineString","coordinates":[[12.15,55.0675],[12.145,55.064545],[12.14,55.068],[12.125,55.06619],[12.125,55.063958],[12.14,55.0532],[12.15,55.051667],[12.155417,55.045],[12.1525,55.035],[12.156875,55.03],[12.156702,55.025],[12.175,55.0],[12.17,54.995004],[12.16,54.994286],[12.145,54.985],[12.135,54.984],[12.119286,54.97],[12.11,54.969351],[12.105,54.965019],[12.1,54.968929],[12.095658,54.965],[12.106231,54.96],[12.1032,54.955],[12.105,54.95],[12.115,54.950167],[12.118372,54.955],[12.115,54.960068],[12.155,54.974995],[12.1625,54.975],[12.165008,54.985],[12.17,54.989989],[12.19,54.988056],[12.209167,54.98],[12.215,54.974524],[12.255714,54.985],[12.249667,54.99],[12.251,54.995],[12.255,54.997857],[12.26,54.995769],[12.263333,55.01],[12.256,55.02],[12.25,55.022273],[12.24,55.016471],[12.225,55.0175],[12.215,55.020882],[12.21,55.03],[12.195,55.036607],[12.19,55.035556],[12.18,55.044375],[12.170081,55.04],[12.176429,55.035],[12.175,55.032],[12.17,55.0395],[12.165,55.037143],[12.162143,55.04],[12.17,55.040385],[12.1725,55.045],[12.15,55.0675]]}},{"type":"Feature","properties":{"depth":2.0,"source":"DDM 2024 coarse contour","resolution":"0.005 degree sampled grid"},"geometry":{"type":"LineString","coordinates":[[11.295714,54.985],[11.31,54.980417],[11.320825,54.97],[11.318864,54.96],[11.315,54.956731],[11.31,54.956935],[11.28,54.973906],[11.276154,54.98],[11.28,54.984167],[11.295714,54.985]]}},{"type":"Feature","properties":{"depth":2.0,"source":"DDM 2024 coarse contour","resolution":"0.005 degree sampled grid"},"geometry":{"type":"LineString","coordinates":[[12.085,54.971316],[12.075,54.965],[12.063462,54.965],[12.055,54.960029],[12.016154,54.96],[12.025,54.955625],[12.04,54.9559],[12.045,54.959973],[12.06,54.955673],[12.07,54.96],[12.085,54.961],[12.089286,54.965],[12.089167,54.97],[12.085,54.971316]]}},{"type":"Feature","properties":{"depth":2.0,"source":"DDM 2024 coarse contour","resolution":"0.005 degree sampled grid"},"geometry":{"type":"LineString","coordinates":[[10.382143,55.015],[10.39,55.001],[10.41,54.984545],[10.421,54.99],[10.425,54.997292],[10.43,54.996531],[10.431786,54.995],[10.4275,54.99],[10.428182,54.985],[10.445263,54.985],[10.438571,54.98],[10.448333,54.975],[10.448571,54.97],[10.425,54.960009],[10.415,54.960047],[10.405,54.968152],[10.395,54.970008],[10.39,54.97587],[10.375,54.970007],[10.365,54.970007],[10.360006,54.975],[10.365,54.981304],[10.3975,54.99],[10.395,54.994286],[10.385833,54.995],[10.389,55.0],[10.371667,55.005],[10.374259,55.015],[10.382143,55.015]]}},{"type":"Feature","properties":{"depth":2.0,"source":"DDM 2024 coarse contour","resolution":"0.005 degree sampled grid"},"geometry":{"type":"LineString","coordinates":[[10.68,54.970002],[10.662273,54.97],[10.665,54.965],[10.67,54.967069],[10.68,54.96425],[10.685,54.97],[10.68,54.970002]]}},{"type":"Feature","properties":{"depth":2.0,"source":"DDM 2024 coarse contour","resolution":"0.005 degree sampled grid"},"geometry":{"type":"LineString","coordinates":[[11.815,54.970357],[11.805,54.973182],[11.796364,54.97],[11.81,54.966591],[11.815,54.970357]]}},{"type":"Feature","properties":{"depth":2.0,"source":"DDM 2024 coarse contour","resolution":"0.005 degree sampled grid"},"geometry":{"type":"LineString","coordinates":[[11.316129,55.005],[11.336875,54.99],[11.335,54.98625],[11.33,54.993],[11.32,54.996905],[11.314737,54.995],[11.315937,55.0],[11.312308,55.005],[11.315,55.007692],[11.316129,55.005]]}},{"type":"Feature","properties":{"depth":2.0,"source":"DDM 2024 coarse contour","resolution":"0.005 degree sampled grid"},"geometry":{"type":"LineString","coordinates":[[14.779971,55.295],[14.781538,55.29],[14.79,55.289934],[14.795065,55.285],[14.8,55.284925],[14.819955,55.265],[14.819984,55.26],[14.825,55.254991],[14.85,55.249928],[14.855,55.244953],[14.865,55.244923],[14.885,55.229996],[14.895,55.229934],[14.9,55.225],[14.915,55.224939],[14.945,55.210607],[14.95,55.214956],[14.96,55.214972],[14.965,55.219917],[14.97,55.215],[14.975,55.214955],[14.989978,55.2],[14.990854,55.195],[15.03,55.175385],[15.04,55.174938],[15.055431,55.165],[15.065,55.164924],[15.08,55.155341],[15.095,55.154915],[15.1,55.150138],[15.11,55.149935],[15.115,55.145355],[15.145,55.144879],[15.154968,55.13],[15.155104,55.125],[15.146442,55.11],[15.147639,55.105],[15.159902,55.085],[15.145,55.070026],[15.139994,55.07],[15.139976,55.06],[15.135,55.05501],[15.130652,55.055],[15.114985,55.04],[15.114996,55.035],[15.122292,55.03],[15.121222,55.015],[15.08,54.985011],[15.06,54.985019],[15.055,54.990007],[15.04,54.990014],[15.035,54.995002],[14.995,54.995017],[14.99,54.999183],[14.96,55.000013],[14.935,55.014394],[14.93,55.015],[14.925,55.010043],[14.913649,55.02],[14.9,55.020025],[14.895,55.025023],[14.89,55.025029],[14.885,55.030013],[14.875,55.030018],[14.87,55.035005],[14.855,55.03502],[14.848902,55.04],[14.825,55.040019],[14.82,55.044231],[14.81,55.045027],[14.805,55.050013],[14.775,55.050024],[14.77,55.055001],[14.745,55.06004],[14.72,55.080006],[14.705,55.080003],[14.7,55.085003],[14.695,55.08502],[14.680029,55.1],[14.685,55.104966],[14.695,55.105897],[14.7,55.1118],[14.695002,55.12],[14.705008,55.13],[14.705006,55.145],[14.698571,55.15],[14.702419,55.155],[14.700003,55.16],[14.704187,55.165],[14.703969,55.17],[14.69505,55.185],[14.700022,55.19],[14.705022,55.215],[14.720022,55.235],[14.720068,55.24],[14.740019,55.255],[14.740046,55.26],[14.750033,55.27],[14.750076,55.29],[14.765,55.299951],[14.775,55.299969],[14.779971,55.295]]}},{"type":"Feature","properties":{"depth":2.0,"source":"DDM 2024 coarse contour","resolution":"0.005 degree sampled grid"},"geometry":{"type":"LineString","coordinates":[[10.475673,55.02],[10.468409,55.015],[10.485,55.011196],[10.495962,55.0],[10.475,54.992321],[10.46,54.995018],[10.453077,55.0],[10.449773,55.005],[10.452647,55.015],[10.465294,55.02],[10.475673,55.02]]}},{"type":"Feature","properties":{"depth":2.0,"source":"DDM 2024 coarse contour","resolution":"0.005 degree sampled grid"},"geometry":{"type":"LineString","coordinates":[[12.217143,55.015],[12.235,55.012857],[12.2375,55.01],[12.234091,55.005],[12.236,55.0],[12.23,54.995294],[12.225,54.9975],[12.212,55.015],[12.215,55.0175],[12.217143,55.015]]}},{"type":"Feature","properties":{"depth":2.0,"source":"DDM 2024 coarse contour","resolution":"0.005 degree sampled grid"},"geometry":{"type":"LineString","coordinates":[[10.255516,55.04],[10.285,55.020528],[10.305,55.020379],[10.311023,55.015],[10.323148,55.015],[10.335,55.019947],[10.34,55.01125],[10.348654,55.005],[10.34,55.00001],[10.335,55.000025],[10.329146,55.005],[10.315,55.005045],[10.305,55.010006],[10.295,55.02],[10.285,55.019015],[10.28,55.015047],[10.255,55.015112],[10.245,55.025001],[10.24,55.025012],[10.234773,55.03],[10.234167,55.035],[10.25,55.044915],[10.255516,55.04]]}},{"type":"Feature","properties":{"depth":2.0,"source":"DDM 2024 coarse contour","resolution":"0.005 degree sampled grid"},"geometry":{"type":"LineString","coordinates":[[11.3776,55.04],[11.379993,55.035],[11.375,55.030022],[11.366071,55.03],[11.345,55.018542],[11.3415,55.02],[11.34,55.028333],[11.335,55.025],[11.335,55.031538],[11.34,55.030313],[11.355,55.039989],[11.3614,55.04],[11.37,55.044999],[11.3776,55.04]]}},{"type":"Feature","properties":{"depth":2.0,"source":"DDM 2024 coarse contour","resolution":"0.005 degree sampled grid"},"geometry":{"type":"LineString","coordinates":[[10.149933,55.065],[10.142,55.06],[10.1434,55.055],[10.155,55.054982],[10.165,55.050508],[10.17,55.054913],[10.175,55.050405],[10.191087,55.05],[10.175,55.03501],[10.16,55.033596],[10.155,55.030021],[10.14,55.030015],[10.125,55.044324],[10.120009,55.055],[10.135,55.064929],[10.14,55.061515],[10.145,55.069894],[10.149933,55.065]]}},{"type":"Feature","properties":{"depth":2.0,"source":"DDM 2024 coarse contour","resolution":"0.005 degree sampled grid"},"geometry":{"type":"LineString","coordinates":[[10.645,55.049182],[10.645,55.035],[10.654672,55.035],[10.65,55.035028],[10.645018,55.04],[10.645,55.049182]]}},{"type":"Feature","properties":{"depth":2.0,"source":"DDM 2024 coarse contour","resolution":"0.005 degree sampled grid"},"geometry":{"type":"LineString","coordinates":[[10.6,55.048519],[10.58,55.04003],[10.565158,55.04],[10.57,55.035741],[10.58,55.035946],[10.585,55.039974],[10.595,55.039998],[10.6,55.048519]]}},{"type":"Feature","properties":{"depth":2.0,"source":"DDM 2024 coarse contour","resolution":"0.005 degree sampled grid"},"geometry":{"type":"LineString","coordinates":[[10.62,55.060004],[10.615,55.060015],[10.614981,55.055],[10.61,55.050027],[10.601569,55.05],[10.615,55.049994],[10.615019,55.055],[10.62,55.060004]]}},{"type":"Feature","properties":{"depth":2.0,"source":"DDM 2024 coarse contour","resolution":"0.005 degree sampled grid"},"geometry":{"type":"LineString","coordinates":[[10.655,55.055003],[10.635728,55.055],[10.64,55.049989],[10.655,55.055003]]}},{"type":"Feature","properties":{"depth":2.0,"source":"DDM 2024 coarse contour","resolution":"0.005 degree sampled grid"},"geometry":{"type":"LineString","coordinates":[[12.18,55.06375],[12.1625,55.06],[12.175,55.052222],[12.184286,55.06],[12.18,55.06375]]}},{"type":"Feature","properties":{"depth":2.0,"source":"DDM 2024 coarse contour","resolution":"0.005 degree sampled grid"},"geometry":{"type":"LineString","coordinates":[[11.795,55.072727],[11.785,55.074545],[11.7675,55.07],[11.77,55.0665],[11.779545,55.065],[11.773095,55.06],[11.805,55.055217],[11.808793,55.06],[11.795,55.072727]]}},{"type":"Feature","properties":{"depth":2.0,"source":"DDM 2024 coarse contour","resolution":"0.005 degree sampled grid"},"geometry":{"type":"LineString","coordinates":[[12.28,55.067419],[12.268333,55.065],[12.28,55.062],[12.284687,55.065],[12.28,55.067419]]}},{"type":"Feature","properties":{"depth":2.0,"source":"DDM 2024 coarse contour","resolution":"0.005 degree sampled grid"},"geometry":{"type":"LineString","coordinates":[[8.416111,55.075],[8.409643,55.075],[8.405,55.08],[8.416111,55.075]]}},{"type":"Feature","properties":{"depth":2.0,"source":"DDM 2024 coarse contour","resolution":"0.005 degree sampled grid"},"geometry":{"type":"LineString","coordinates":[[8.585,55.091667],[8.575,55.092069],[8.575,55.083611],[8.585,55.0806],[8.588548,55.085],[8.585,55.091667]]}},{"type":"Feature","properties":{"depth":2.0,"source":"DDM 2024 coarse contour","resolution":"0.005 degree sampled grid"},"geometry":{"type":"LineString","coordinates":[[10.23,55.098023],[10.219722,55.095],[10.23,55.091486],[10.23325,55.095],[10.23,55.098023]]}},{"type":"Feature","properties":{"depth":2.0,"source":"DDM 2024 coarse contour","resolution":"0.005 degree sampled grid"},"geometry":{"type":"LineString","coordinates":[[12.185,55.100357],[12.17875,55.095],[12.18,55.09],[12.185,55.091667],[12.19,55.1],[12.185,55.100357]]}},{"type":"Feature","properties":{"depth":2.0,"source":"DDM 2024 coarse contour","resolution":"0.005 degree sampled grid"},"geometry":{"type":"LineString","coordinates":[[12.22,55.1125],[12.195,55.113889],[12.189333,55.105],[12.19,55.1],[12.195,55.1],[12.195,55.095],[12.2,55.094],[12.2,55.1025],[12.195,55.1],[12.2,55.10625],[12.21,55.099167],[12.215,55.101364],[12.225,55.09875],[12.227778,55.105],[12.22,55.1125]]}},{"type":"Feature","properties":{"depth":2.0,"source":"DDM 2024 coarse contour","resolution":"0.005 degree sampled grid"},"geometry":{"type":"LineString","coordinates":[[9.564997,55.13],[9.57537,55.12],[9.575,55.115],[9.57,55.110007],[9.555,55.11011],[9.545002,55.12],[9.545088,55.13],[9.55,55.134908],[9.56,55.134904],[9.564997,55.13]]}},{"type":"Feature","properties":{"depth":2.0,"source":"DDM 2024 coarse contour","resolution":"0.005 degree sampled grid"},"geometry":{"type":"LineString","coordinates":[[10.14,55.150013],[10.136286,55.15],[10.135,55.141818],[10.125,55.148077],[10.12,55.141739],[10.112105,55.14],[10.135,55.127593],[10.155,55.127333],[10.159,55.13],[10.15375,55.14],[10.145,55.144333],[10.143714,55.15],[10.14,55.150013]]}},{"type":"Feature","properties":{"depth":2.0,"source":"DDM 2024 coarse contour","resolution":"0.005 degree sampled grid"},"geometry":{"type":"LineString","coordinates":[[12.115,55.1368],[12.101356,55.135],[12.115,55.133448],[12.115,55.1368]]}},{"type":"Feature","properties":{"depth":2.0,"source":"DDM 2024 coarse contour","resolution":"0.005 degree sampled grid"},"geometry":{"type":"LineString","coordinates":[[10.885574,55.155],[10.889955,55.145],[10.885,55.139419],[10.880007,55.145],[10.885,55.16],[10.885574,55.155]]}},{"type":"Feature","properties":{"depth":2.0,"source":"DDM 2024 coarse contour","resolution":"0.005 degree sampled grid"},"geometry":{"type":"LineString","coordinates":[[11.182857,55.18],[11.18,55.175],[11.180625,55.165],[11.175,55.160009],[11.165,55.15875],[11.1535,55.14],[11.145,55.140007],[11.14001,55.145],[11.14,55.152805],[11.130002,55.16],[11.135,55.164987],[11.143111,55.165],[11.155,55.174991],[11.168611,55.175],[11.18,55.182667],[11.182857,55.18]]}},{"type":"Feature","properties":{"depth":2.0,"source":"DDM 2024 coarse contour","resolution":"0.005 degree sampled grid"},"geometry":{"type":"LineString","coordinates":[[12.085,55.171667],[12.065,55.173333],[12.06,55.170003],[12.04,55.167625],[12.019412,55.15],[12.025,55.14625],[12.035,55.146538],[12.04,55.139999],[12.045,55.14],[12.045,55.145],[12.05,55.143333],[12.055,55.137857],[12.05875,55.14],[12.06,55.15],[12.07,55.145833],[12.078571,55.155],[12.075588,55.165],[12.09,55.17],[12.085,55.171667]]}},{"type":"Feature","properties":{"depth":2.0,"source":"DDM 2024 coarse contour","resolution":"0.005 degree sampled grid"},"geometry":{"type":"LineString","coordinates":[[8.61,55.190526],[8.605,55.1939],[8.60125,55.19],[8.60775,55.185],[8.61,55.178182],[8.612368,55.185],[8.61,55.190526]]}},{"type":"Feature","properties":{"depth":2.0,"source":"DDM 2024 coarse contour","resolution":"0.005 degree sampled grid"},"geometry":{"type":"LineString","coordinates":[[11.188333,55.25],[11.19056,55.245],[11.187632,55.235],[11.195,55.226557],[11.2,55.2125],[11.2225,55.2],[11.22,55.185],[11.21,55.180009],[11.195,55.19],[11.19,55.19001],[11.185,55.194681],[11.175,55.195108],[11.17,55.2],[11.169737,55.225],[11.165,55.25],[11.17,55.255],[11.188333,55.25]]}},{"type":"Feature","properties":{"depth":2.0,"source":"DDM 2024 coarse contour","resolution":"0.005 degree sampled grid"},"geometry":{"type":"LineString","coordinates":[[8.6,55.202083],[8.595,55.203654],[8.59025,55.2],[8.6,55.190783],[8.604321,55.195],[8.603846,55.2],[8.6,55.202083]]}},{"type":"Feature","properties":{"depth":2.0,"source":"DDM 2024 coarse contour","resolution":"0.005 degree sampled grid"},"geometry":{"type":"LineString","coordinates":[[11.705,55.205],[11.689333,55.205],[11.679615,55.2],[11.683,55.195],[11.69,55.193125],[11.695,55.203182],[11.705,55.205]]}},{"type":"Feature","properties":{"depth":2.0,"source":"DDM 2024 coarse contour","resolution":"0.005 degree sampled grid"},"geometry":{"type":"LineString","coordinates":[[8.432059,55.21],[8.43,55.205],[8.419091,55.21],[8.432059,55.21]]}},{"type":"Feature","properties":{"depth":2.0,"source":"DDM 2024 coarse contour","resolution":"0.005 degree sampled grid"},"geometry":{"type":"LineString","coordinates":[[10.892692,55.225],[10.885,55.215526],[10.88,55.214444],[10.89,55.228889],[10.892692,55.225]]}},{"type":"Feature","properties":{"depth":2.0,"source":"DDM 2024 coarse contour","resolution":"0.005 degree sampled grid"},"geometry":{"type":"LineString","coordinates":[[9.771364,55.29],[9.785,55.281667],[9.79,55.287241],[9.795833,55.285],[9.796786,55.28],[9.789444,55.27],[9.765,55.250001],[9.755,55.245003],[9.74,55.245005],[9.725069,55.255],[9.723919,55.27],[9.73,55.274992],[9.74,55.279993],[9.745,55.278103],[9.755,55.28425],[9.76,55.28],[9.76375,55.29],[9.771364,55.29]]}},{"type":"Feature","properties":{"depth":2.0,"source":"DDM 2024 coarse contour","resolution":"0.005 degree sampled grid"},"geometry":{"type":"LineString","coordinates":[[9.720962,55.295],[9.726087,55.29],[9.725,55.284684],[9.705,55.29],[9.71,55.295769],[9.720962,55.295]]}},{"type":"Feature","properties":{"depth":2.0,"source":"DDM 2024 coarse contour","resolution":"0.005 degree sampled grid"},"geometry":{"type":"LineString","coordinates":[[9.82,55.33],[9.830349,55.325],[9.832073,55.31],[9.83675,55.3],[9.825,55.295003],[9.795,55.295014],[9.790011,55.3],[9.793718,55.31],[9.7875,55.315],[9.787619,55.325],[9.7818,55.33],[9.79,55.335],[9.795,55.329167],[9.81,55.327125],[9.82,55.33]]}},{"type":"Feature","properties":{"depth":2.0,"source":"DDM 2024 coarse contour","resolution":"0.005 degree sampled grid"},"geometry":{"type":"LineString","coordinates":[[8.55,55.331],[8.54,55.330714],[8.53,55.321],[8.52,55.32],[8.536,55.32],[8.545,55.325],[8.545,55.33],[8.55,55.331]]}},{"type":"Feature","properties":{"depth":2.0,"source":"DDM 2024 coarse contour","resolution":"0.005 degree sampled grid"},"geometry":{"type":"LineString","coordinates":[[15.184908,55.325],[15.19,55.324929],[15.194941,55.32],[15.19,55.315333],[15.185,55.315308],[15.170122,55.325],[15.175,55.329964],[15.18,55.329848],[15.184908,55.325]]}},{"type":"Feature","properties":{"depth":2.0,"source":"DDM 2024 coarse contour","resolution":"0.005 degree sampled grid"},"geometry":{"type":"LineString","coordinates":[[10.989984,55.34],[10.991744,55.335],[10.985,55.330017],[10.97,55.330009],[10.965,55.325019],[10.955,55.325018],[10.950015,55.33],[10.955,55.334982],[10.96,55.334995],[10.965,55.33998],[10.974375,55.34],[10.98,55.344986],[10.985,55.344989],[10.989984,55.34]]}},{"type":"Feature","properties":{"depth":2.0,"source":"DDM 2024 coarse contour","resolution":"0.005 degree sampled grid"},"geometry":{"type":"LineString","coordinates":[[9.715709,55.37],[9.720612,55.365],[9.722262,55.355],[9.72,55.353582],[9.7,55.347167],[9.69,55.350022],[9.685009,55.355],[9.6866,55.36],[9.7,55.369988],[9.715709,55.37]]}},{"type":"Feature","properties":{"depth":2.0,"source":"DDM 2024 coarse contour","resolution":"0.005 degree sampled grid"},"geometry":{"type":"LineString","coordinates":[[8.51,55.436818],[8.5,55.438333],[8.496154,55.435],[8.505,55.428929],[8.51,55.43],[8.512857,55.435],[8.51,55.436818]]}},{"type":"Feature","properties":{"depth":2.0,"source":"DDM 2024 coarse contour","resolution":"0.005 degree sampled grid"},"geometry":{"type":"LineString","coordinates":[[8.415,55.475044],[8.4054,55.475],[8.415,55.451458],[8.42,55.453333],[8.43,55.4455],[8.475,55.440377],[8.485,55.433438],[8.49125,55.435],[8.494444,55.44],[8.478594,55.45],[8.45,55.450017],[8.44,55.460001],[8.435,55.455042],[8.425011,55.465],[8.4298,55.47],[8.42,55.470045],[8.415,55.475044]]}},{"type":"Feature","properties":{"depth":2.0,"source":"DDM 2024 coarse contour","resolution":"0.005 degree sampled grid"},"geometry":{"type":"LineString","coordinates":[[10.445,55.478551],[10.44,55.466228],[10.447308,55.47],[10.448657,55.475],[10.445,55.478551]]}},{"type":"Feature","properties":{"depth":2.0,"source":"DDM 2024 coarse contour","resolution":"0.005 degree sampled grid"},"geometry":{"type":"LineString","coordinates":[[11.08,55.48],[11.085,55.479986],[11.089983,55.475],[11.09,55.467609],[11.072045,55.475],[11.075,55.481833],[11.08,55.48]]}},{"type":"Feature","properties":{"depth":2.0,"source":"DDM 2024 coarse contour","resolution":"0.005 degree sampled grid"},"geometry":{"type":"LineString","coordinates":[[10.52,55.4825],[10.505,55.483768],[10.489091,55.48],[10.515,55.476702],[10.522429,55.48],[10.52,55.4825]]}},{"type":"Feature","properties":{"depth":2.0,"source":"DDM 2024 coarse contour","resolution":"0.005 degree sampled grid"},"geometry":{"type":"LineString","coordinates":[[11.094999,55.485],[11.09,55.48002],[11.085,55.484394],[11.08,55.48],[11.09,55.489988],[11.094999,55.485]]}},{"type":"Feature","properties":{"depth":2.0,"source":"DDM 2024 coarse contour","resolution":"0.005 degree sampled grid"},"geometry":{"type":"LineString","coordinates":[[10.799998,55.515],[10.795,55.507976],[10.785,55.505007],[10.775937,55.51],[10.775006,55.515],[10.78,55.519989],[10.785,55.519993],[10.795,55.51998],[10.799998,55.515]]}},{"type":"Feature","properties":{"depth":2.0,"source":"DDM 2024 coarse contour","resolution":"0.005 degree sampled grid"},"geometry":{"type":"LineString","coordinates":[[7.982222,55.53],[7.98,55.515],[7.96975,55.525],[7.975,55.531489],[7.982222,55.53]]}},{"type":"Feature","properties":{"depth":2.0,"source":"DDM 2024 coarse contour","resolution":"0.005 degree sampled grid"},"geometry":{"type":"LineString","coordinates":[[12.78275,55.675],[12.794643,55.66],[12.803125,55.63],[12.82,55.6325],[12.821667,55.63],[12.820851,55.615],[12.815,55.608696],[12.785,55.597143],[12.765,55.597609],[12.76,55.590016],[12.755,55.590019],[12.745,55.599268],[12.73,55.605008],[12.72502,55.61],[12.730769,55.615],[12.718421,55.64],[12.735,55.67],[12.76,55.677727],[12.775,55.678333],[12.78275,55.675]]}},{"type":"Feature","properties":{"depth":2.0,"source":"DDM 2024 coarse contour","resolution":"0.005 degree sampled grid"},"geometry":{"type":"LineString","coordinates":[[10.182273,55.645],[10.19,55.644997],[10.194992,55.64],[10.18,55.625016],[10.16001,55.64],[10.160002,55.645],[10.165,55.649995],[10.175,55.649987],[10.182273,55.645]]}},{"type":"Feature","properties":{"depth":2.0,"source":"DDM 2024 coarse contour","resolution":"0.005 degree sampled grid"},"geometry":{"type":"LineString","coordinates":[[11.99,55.736667],[11.984996,55.72],[11.96413,55.695],[11.968333,55.685],[11.962297,55.685],[11.96,55.690476],[11.95,55.68],[11.986667,55.68],[11.983235,55.685],[11.984773,55.69],[11.977667,55.695],[11.985,55.702581],[11.99,55.699993],[11.995,55.707424],[12.005,55.709987],[12.012593,55.705],[12.005,55.699286],[12.025,55.697778],[12.03,55.699991],[12.035,55.695],[12.045,55.69697],[12.047222,55.69],[12.055,55.683182],[12.06,55.689444],[12.064706,55.685],[12.056842,55.68],[12.062419,55.675],[12.06325,55.66],[12.073393,55.655],[12.080833,55.655],[12.085,55.666964],[12.07,55.673864],[12.065007,55.68],[12.066,55.685],[12.075714,55.69],[12.085,55.7],[12.097903,55.7],[12.092917,55.705],[12.1,55.706719],[12.1,55.713],[12.089167,55.715],[12.098333,55.72],[12.0875,55.725],[12.075,55.722917],[12.065,55.725],[12.065,55.731304],[12.065,55.725],[12.05,55.730003],[12.04,55.725],[12.027,55.725],[12.017222,55.72],[12.021667,55.715],[12.015,55.713148],[12.008696,55.715],[12.005,55.722353],[12.0,55.723393],[11.995,55.7134],[11.993333,55.72],[12.0,55.728],[12.005,55.7275],[12.005,55.731552],[11.995,55.73001],[11.99,55.736667]]}},{"type":"Feature","properties":{"depth":2.0,"source":"DDM 2024 coarse contour","resolution":"0.005 degree sampled grid"},"geometry":{"type":"LineString","coordinates":[[11.95,55.68],[11.945,55.676724],[11.939545,55.665],[11.9455,55.665],[11.95,55.68]]}},{"type":"Feature","properties":{"depth":2.0,"source":"DDM 2024 coarse contour","resolution":"0.005 degree sampled grid"},"geometry":{"type":"LineString","coordinates":[[12.015,55.685],[12.009999,55.685],[12.0104,55.68],[12.025,55.671071],[12.028548,55.675],[12.027308,55.68],[12.02,55.680007],[12.015,55.685]]}},{"type":"Feature","properties":{"depth":2.0,"source":"DDM 2024 coarse contour","resolution":"0.005 degree sampled grid"},"geometry":{"type":"LineString","coordinates":[[12.035,55.680003],[12.031667,55.675],[12.04,55.672714],[12.048913,55.675],[12.035,55.680003]]}},{"type":"Feature","properties":{"depth":2.0,"source":"DDM 2024 coarse contour","resolution":"0.005 degree sampled grid"},"geometry":{"type":"LineString","coordinates":[[10.310125,55.82],[10.313125,55.805],[10.331957,55.77],[10.325,55.745],[10.315,55.740002],[10.3,55.740011],[10.291346,55.745],[10.24,55.745002],[10.230007,55.755],[10.237639,55.76],[10.235,55.768125],[10.225,55.773214],[10.21,55.7665],[10.200833,55.775],[10.215,55.785937],[10.225,55.778125],[10.24,55.776957],[10.245588,55.77],[10.255417,55.765],[10.275,55.764],[10.270833,55.77],[10.285,55.775],[10.287353,55.78],[10.278437,55.785],[10.2975,55.79],[10.3075,55.805],[10.310125,55.82]]}},{"type":"Feature","properties":{"depth":2.0,"source":"DDM 2024 coarse contour","resolution":"0.005 degree sampled grid"},"geometry":{"type":"LineString","coordinates":[[12.065,55.755714],[12.065,55.749688],[12.07,55.745],[12.07,55.754],[12.065,55.755714]]}},{"type":"Feature","properties":{"depth":2.0,"source":"DDM 2024 coarse contour","resolution":"0.005 degree sampled grid"},"geometry":{"type":"LineString","coordinates":[[12.065,55.795278],[12.06,55.795],[12.0575,55.785],[12.07119,55.765],[12.066935,55.76],[12.075,55.753913],[12.08,55.7575],[12.079444,55.765],[12.082963,55.77],[12.075,55.785],[12.065,55.795278]]}},{"type":"Feature","properties":{"depth":2.0,"source":"DDM 2024 coarse contour","resolution":"0.005 degree sampled grid"},"geometry":{"type":"LineString","coordinates":[[10.572353,56.01],[10.572568,56.005],[10.565,55.9975],[10.5686,55.985],[10.564999,55.98],[10.569992,55.975],[10.57,55.968077],[10.580714,55.95],[10.605985,55.93],[10.635,55.926667],[10.640714,55.93],[10.636875,55.925],[10.65,55.92],[10.645556,55.915],[10.65,55.910088],[10.66,55.9125],[10.664015,55.92],[10.662143,55.925],[10.668968,55.93],[10.67,55.93609],[10.674474,55.935],[10.679966,55.925],[10.68,55.918095],[10.691,55.9],[10.679545,55.885],[10.68,55.87],[10.675,55.86501],[10.660978,55.86],[10.647317,55.845],[10.64,55.8275],[10.641667,55.815],[10.646905,55.81],[10.64499,55.795],[10.639994,55.79],[10.639989,55.785],[10.62725,55.775],[10.624997,55.765],[10.62,55.76002],[10.6065,55.765],[10.585,55.765025],[10.58,55.768986],[10.55,55.765017],[10.530014,55.785],[10.525017,55.795],[10.524737,55.845],[10.520769,55.85],[10.521111,55.855],[10.545,55.864988],[10.565,55.869983],[10.57,55.8669],[10.579333,55.87],[10.59,55.88125],[10.590007,55.89],[10.598152,55.905],[10.594615,55.915],[10.585,55.924438],[10.562241,55.935],[10.535,55.935031],[10.520025,55.955],[10.520008,55.98],[10.555,56.004444],[10.57,56.0125],[10.572353,56.01]]}},{"type":"Feature","properties":{"depth":2.0,"source":"DDM 2024 coarse contour","resolution":"0.005 degree sampled grid"},"geometry":{"type":"LineString","coordinates":[[12.04,55.849052],[12.035948,55.845],[12.036214,55.84],[12.0426,55.825],[12.054737,55.815],[12.055,55.806667],[12.06,55.808958],[12.07,55.8],[12.060009,55.825],[12.050018,55.835],[12.049304,55.84],[12.040023,55.845],[12.04,55.849052]]}},{"type":"Feature","properties":{"depth":2.0,"source":"DDM 2024 coarse contour","resolution":"0.005 degree sampled grid"},"geometry":{"type":"LineString","coordinates":[[10.3575,55.85],[10.359583,55.845],[10.355,55.84],[10.379444,55.83],[10.375,55.822917],[10.34,55.818958],[10.325556,55.825],[10.330909,55.83],[10.325,55.844167],[10.32,55.8325],[10.314,55.835],[10.311923,55.84],[10.315,55.842857],[10.32,55.841],[10.325,55.845143],[10.335,55.842424],[10.34,55.8478],[10.3575,55.85]]}},{"type":"Feature","properties":{"depth":2.0,"source":"DDM 2024 coarse contour","resolution":"0.005 degree sampled grid"},"geometry":{"type":"LineString","coordinates":[[12.005,55.965006],[12.0,55.9605],[11.975,55.962857],[11.935,55.949211],[11.93,55.945037],[11.907159,55.945],[11.91,55.94069],[11.925,55.937222],[11.94,55.9363],[11.947222,55.94],[11.953,55.935],[11.96,55.936275],[11.966875,55.93],[11.985,55.922241],[11.993125,55.925],[11.994286,55.92],[12.005,55.919986],[12.025,55.912065],[12.03,55.907021],[12.030581,55.9],[12.013929,55.885],[12.02,55.87],[12.017857,55.865],[12.035,55.8475],[12.049655,55.865],[12.05,55.875],[12.055,55.87],[12.057059,55.875],[12.055,55.878889],[12.05,55.875],[12.054333,55.88],[12.038654,55.9],[12.043191,55.915],[12.040005,55.925],[12.020012,55.945],[12.017368,55.955],[12.005,55.965006]]}},{"type":"Feature","properties":{"depth":2.0,"source":"DDM 2024 coarse contour","resolution":"0.005 degree sampled grid"},"geometry":{"type":"LineString","coordinates":[[11.081444,55.92],[11.1,55.919981],[11.105,55.914997],[11.115,55.914985],[11.125,55.904999],[11.145,55.900794],[11.16,55.889998],[11.17,55.886711],[11.175,55.879998],[11.185,55.879981],[11.197581,55.87],[11.205,55.869983],[11.212024,55.865],[11.215,55.857],[11.21,55.85501],[11.205,55.86001],[11.195,55.860018],[11.182714,55.865],[11.16,55.86501],[11.135,55.880006],[11.13,55.880015],[11.115,55.895002],[11.1,55.895016],[11.095,55.90001],[11.085,55.900019],[11.075011,55.915],[11.08,55.921585],[11.081444,55.92]]}},{"type":"Feature","properties":{"depth":2.0,"source":"DDM 2024 coarse contour","resolution":"0.005 degree sampled grid"},"geometry":{"type":"LineString","coordinates":[[8.2,56.086562],[8.19,56.09],[8.17,56.081538],[8.155,56.08],[8.148,56.07],[8.151667,56.06],[8.143333,56.055],[8.148333,56.05],[8.147857,56.045],[8.162143,56.035],[8.16,56.03],[8.14,56.03],[8.145,56.025],[8.145,56.016667],[8.155,56.0125],[8.159375,56.005],[8.15,55.9975],[8.15,55.99],[8.165,55.984167],[8.185,55.99],[8.21,55.990625],[8.22,55.987143],[8.22,55.983636],[8.2,55.975714],[8.195,55.97],[8.245,55.953929],[8.26,55.9545],[8.265,55.951],[8.2625,55.94],[8.275,55.931667],[8.285,55.93],[8.275,55.92],[8.297857,55.915],[8.298333,55.91],[8.28375,55.9],[8.298,55.885],[8.29,55.875],[8.295,55.87125],[8.305,55.875],[8.343077,55.9],[8.345714,55.92],[8.325,55.941364],[8.31,55.951667],[8.278571,55.965],[8.265,55.967083],[8.247708,55.98],[8.27,56.015],[8.276316,56.035],[8.275556,56.05],[8.24,56.075909],[8.22,56.078077],[8.2,56.086562]]}},{"type":"Feature","properties":{"depth":2.0,"source":"DDM 2024 coarse contour","resolution":"0.005 degree sampled grid"},"geometry":{"type":"LineString","coordinates":[[10.68,55.9014],[10.675,55.896667],[10.661667,55.895],[10.67,55.895],[10.675,55.889762],[10.681429,55.895],[10.68,55.9014]]}},{"type":"Feature","properties":{"depth":2.0,"source":"DDM 2024 coarse contour","resolution":"0.005 degree sampled grid"},"geometry":{"type":"LineString","coordinates":[[10.300556,55.915],[10.29,55.9],[10.275,55.899531],[10.275,55.909048],[10.28,55.9075],[10.29,55.917353],[10.300556,55.915]]}},{"type":"Feature","properties":{"depth":2.0,"source":"DDM 2024 coarse contour","resolution":"0.005 degree sampled grid"},"geometry":{"type":"LineString","coordinates":[[11.998,55.94],[11.989565,55.935],[11.995,55.942143],[11.998,55.94]]}},{"type":"Feature","properties":{"depth":2.0,"source":"DDM 2024 coarse contour","resolution":"0.005 degree sampled grid"},"geometry":{"type":"LineString","coordinates":[[10.427,55.96],[10.445,55.959993],[10.455625,55.955],[10.455435,55.95],[10.44,55.940012],[10.43,55.94001],[10.425,55.945005],[10.41,55.950008],[10.400003,55.96],[10.405,55.96499],[10.41,55.964995],[10.427,55.96]]}},{"type":"Feature","properties":{"depth":2.0,"source":"DDM 2024 coarse contour","resolution":"0.005 degree sampled grid"},"geometry":{"type":"LineString","coordinates":[[10.770254,55.945],[10.765,55.940015],[10.76,55.940007],[10.755,55.940032],[10.75001,55.945],[10.755,55.949994],[10.76,55.949994],[10.765,55.949993],[10.770254,55.945]]}},{"type":"Feature","properties":{"depth":2.0,"source":"DDM 2024 coarse contour","resolution":"0.005 degree sampled grid"},"geometry":{"type":"LineString","coordinates":[[10.375714,55.96],[10.365,55.957917],[10.357222,55.96],[10.36,55.963571],[10.375,55.965],[10.375714,55.96]]}},{"type":"Feature","properties":{"depth":2.0,"source":"DDM 2024 coarse contour","resolution":"0.005 degree sampled grid"},"geometry":{"type":"LineString","coordinates":[[10.814992,56.135],[10.81,56.130006],[10.8,56.130004],[10.795016,56.135],[10.8,56.139982],[10.81,56.139995],[10.814992,56.135]]}},{"type":"Feature","properties":{"depth":2.0,"source":"DDM 2024 coarse contour","resolution":"0.005 degree sampled grid"},"geometry":{"type":"LineString","coordinates":[[11.711184,56.2],[11.715909,56.195],[11.71,56.190037],[11.7,56.190062],[11.695029,56.195],[11.695,56.200323],[11.711184,56.2]]}},{"type":"Feature","properties":{"depth":2.0,"source":"DDM 2024 coarse contour","resolution":"0.005 degree sampled grid"},"geometry":{"type":"LineString","coordinates":[[10.465,56.225031],[10.448571,56.225],[10.430707,56.21],[10.435,56.205],[10.45,56.204977],[10.455,56.201296],[10.46,56.200833],[10.465,56.20629],[10.472927,56.205],[10.475,56.211667],[10.468987,56.225],[10.465,56.225031]]}},{"type":"Feature","properties":{"depth":2.0,"source":"DDM 2024 coarse contour","resolution":"0.005 degree sampled grid"},"geometry":{"type":"LineString","coordinates":[[9.125,57.017059],[9.08,57.017619],[9.06,57.011905],[9.050769,57.005],[9.05,57.0],[9.045,57.000625],[9.035,56.99375],[9.035,57.005],[9.03,57.008571],[9.02,57.008571],[9.01,57.016429],[8.993,57.015],[8.965,57.000003],[8.96,57.000007],[8.955,57.004412],[8.927742,57.0],[8.916892,56.985],[8.918571,56.98],[8.915,56.975833],[8.9,56.970004],[8.885,56.97625],[8.879167,56.99],[8.87,56.990003],[8.865,56.993378],[8.855,56.987037],[8.845,56.99125],[8.828393,56.99],[8.845,56.984991],[8.852143,56.975],[8.83,56.965003],[8.7975,56.96],[8.775,56.945028],[8.735,56.945036],[8.73,56.94977],[8.72,56.94504],[8.715,56.950001],[8.67,56.950026],[8.659985,56.94],[8.66,56.9325],[8.664994,56.925],[8.66,56.920005],[8.645058,56.915],[8.641226,56.91],[8.640606,56.9],[8.629999,56.89],[8.629993,56.875],[8.62587,56.87],[8.634943,56.865],[8.625,56.855034],[8.62108,56.855],[8.575,56.815006],[8.535,56.815004],[8.539167,56.81],[8.537692,56.805],[8.52,56.805],[8.515,56.800021],[8.4888,56.795],[8.475469,56.785],[8.477571,56.775],[8.498214,56.76],[8.50075,56.755],[8.491304,56.745],[8.48593,56.73],[8.477963,56.72],[8.505,56.719977],[8.545,56.70475],[8.547895,56.695],[8.545,56.693226],[8.53,56.695312],[8.519091,56.69],[8.52,56.677778],[8.535,56.6875],[8.55,56.687059],[8.58,56.694997],[8.5975,56.68],[8.585,56.675003],[8.58,56.667895],[8.576875,56.655],[8.586667,56.645],[8.595,56.642143],[8.597857,56.645],[8.584167,56.655],[8.595,56.665652],[8.62,56.664996],[8.635,56.660741],[8.64,56.664972],[8.645278,56.66],[8.643929,56.655],[8.635179,56.65],[8.632833,56.645],[8.639998,56.64],[8.635,56.631333],[8.636143,56.625],[8.648125,56.62],[8.63,56.620005],[8.62,56.629118],[8.6,56.635001],[8.599992,56.62],[8.595,56.614],[8.595,56.605],[8.59,56.600005],[8.55,56.598448],[8.537407,56.595],[8.532292,56.59],[8.555,56.582286],[8.55,56.575023],[8.535,56.57501],[8.52,56.585],[8.515,56.585006],[8.510015,56.59],[8.51,56.596786],[8.500003,56.605],[8.495001,56.62],[8.485,56.630002],[8.47,56.635],[8.459091,56.645],[8.435,56.655009],[8.4222,56.665],[8.41,56.665008],[8.402,56.67],[8.385,56.670006],[8.3735,56.675],[8.355,56.675008],[8.350008,56.68],[8.348205,56.69],[8.34,56.694079],[8.325,56.710003],[8.32,56.710012],[8.315,56.715004],[8.3105,56.715],[8.311667,56.71],[8.320313,56.705],[8.306154,56.695],[8.305417,56.685],[8.297143,56.68],[8.29875,56.675],[8.305769,56.67],[8.29,56.6588],[8.28,56.66],[8.2775,56.655],[8.27,56.652941],[8.255,56.653333],[8.25,56.658462],[8.24,56.655],[8.235,56.663788],[8.23,56.663913],[8.229868,56.675],[8.225,56.675018],[8.220417,56.67],[8.23,56.651146],[8.235,56.650859],[8.24,56.655],[8.24,56.6475],[8.256471,56.645],[8.245,56.640833],[8.242857,56.635],[8.260833,56.62],[8.25,56.620714],[8.24125,56.615],[8.256389,56.6],[8.284348,56.6],[8.29,56.603421],[8.3,56.599995],[8.309998,56.59],[8.305,56.58501],[8.289,56.585],[8.288889,56.58],[8.299996,56.565],[8.3,56.554997],[8.305008,56.555],[8.300002,56.56],[8.305,56.571667],[8.32,56.579992],[8.385,56.580946],[8.405,56.57999],[8.41,56.575179],[8.425,56.574993],[8.432143,56.57],[8.475385,56.56],[8.49,56.555],[8.504524,56.545],[8.525,56.544994],[8.555,56.564997],[8.56,56.572353],[8.560089,56.58],[8.565,56.584958],[8.569982,56.58],[8.57,56.563125],[8.579983,56.555],[8.57999,56.55],[8.574999,56.545],[8.58,56.544987],[8.59,56.536702],[8.595,56.527639],[8.611,56.52],[8.6,56.515012],[8.59,56.50375],[8.582187,56.5],[8.59,56.495],[8.595,56.499993],[8.602885,56.5],[8.61,56.504996],[8.614998,56.5],[8.616413,56.485],[8.625,56.477759],[8.64,56.472297],[8.67,56.47125],[8.68,56.474991],[8.698333,56.475],[8.723,56.485],[8.729412,56.5],[8.728421,56.53],[8.755263,56.555],[8.753621,56.56],[8.745882,56.565],[8.698667,56.58],[8.690003,56.605],[8.68,56.605018],[8.674609,56.61],[8.675,56.625],[8.69,56.63087],[8.72,56.625776],[8.735,56.630714],[8.76,56.645135],[8.774063,56.66],[8.784569,56.68],[8.815,56.699984],[8.83825,56.69],[8.85,56.696442],[8.864773,56.695],[8.870476,56.705],[8.861111,56.71],[8.855,56.705018],[8.821,56.705],[8.83495,56.72],[8.835017,56.725],[8.865,56.754975],[8.870001,56.755],[8.865009,56.76],[8.87,56.765045],[8.88,56.765941],[8.885,56.769962],[8.91,56.777045],[8.93,56.794992],[8.955,56.800952],[8.96,56.804976],[8.97,56.801266],[8.99,56.799955],[8.995,56.794999],[9.005,56.794987],[9.01,56.789994],[9.015,56.793065],[9.02,56.791818],[9.02,56.800039],[9.01,56.8],[9.005,56.795013],[9.0,56.795009],[8.989932,56.805],[8.975,56.810032],[8.965,56.825003],[8.951818,56.83],[8.95,56.837],[8.96,56.841552],[8.98,56.840915],[8.985,56.844982],[9.04,56.850556],[9.075,56.845083],[9.08,56.849976],[9.084956,56.845],[9.08,56.84003],[9.075,56.8449],[9.065,56.843421],[9.059993,56.835],[9.065,56.831429],[9.078684,56.83],[9.078333,56.825],[9.06,56.815033],[9.045,56.819516],[9.04,56.815032],[9.030385,56.815],[9.024996,56.81],[9.024998,56.805],[9.07,56.804984],[9.11,56.789981],[9.114964,56.785],[9.110357,56.78],[9.111444,56.775],[9.12,56.76629],[9.131528,56.745],[9.174286,56.715],[9.17566,56.71],[9.135878,56.69],[9.115,56.66501],[9.098519,56.665],[9.101622,56.66],[9.101087,56.65],[9.104998,56.645],[9.1,56.640017],[9.095,56.644571],[9.09,56.643478],[9.065,56.630012],[9.059998,56.63],[9.047353,56.61],[9.046346,56.6],[9.05,56.583333],[9.059993,56.575],[9.057187,56.57],[9.065,56.562857],[9.075,56.56625],[9.086667,56.58],[9.085,56.6],[9.101333,56.61],[9.117708,56.615],[9.097727,56.62],[9.125526,56.63],[9.145,56.660686],[9.15,56.660645],[9.159995,56.65],[9.155,56.642917],[9.155,56.636957],[9.158269,56.63],[9.165,56.626707],[9.19,56.626019],[9.21,56.634986],[9.222381,56.63],[9.265,56.6375],[9.27,56.631346],[9.2795,56.63],[9.281571,56.625],[9.285,56.624988],[9.3,56.610089],[9.312167,56.64],[9.313026,56.66],[9.301818,56.68],[9.285,56.6925],[9.265,56.692857],[9.25,56.685005],[9.232292,56.685],[9.215,56.675014],[9.2,56.67473],[9.18,56.663583],[9.17,56.665008],[9.158158,56.675],[9.157143,56.68],[9.17,56.689967],[9.175,56.689994],[9.185,56.699942],[9.199592,56.705],[9.21,56.714982],[9.222805,56.72],[9.231607,56.73],[9.23825,56.745],[9.227727,56.76],[9.22,56.760026],[9.215,56.763795],[9.18,56.765],[9.185001,56.785],[9.17,56.805001],[9.164535,56.805],[9.17,56.814988],[9.182344,56.82],[9.1975,56.835],[9.2038,56.85],[9.20375,56.86],[9.2,56.866905],[9.165682,56.885],[9.162917,56.89],[9.175005,56.92],[9.18,56.924993],[9.186346,56.925],[9.195,56.929993],[9.198684,56.94],[9.21,56.945],[9.209286,56.955],[9.184167,56.965],[9.18875,56.97],[9.203,56.975],[9.201818,56.98],[9.185,56.993077],[9.125,57.017059]]}},{"type":"Feature","properties":{"depth":2.0,"source":"DDM 2024 coarse contour","resolution":"0.005 degree sampled grid"},"geometry":{"type":"LineString","coordinates":[[8.545,56.489],[8.54,56.485007],[8.532857,56.485],[8.545,56.48499],[8.545,56.489]]}},{"type":"Feature","properties":{"depth":2.0,"source":"DDM 2024 coarse contour","resolution":"0.005 degree sampled grid"},"geometry":{"type":"LineString","coordinates":[[8.575,56.502907],[8.55,56.500005],[8.548333,56.495],[8.555,56.499995],[8.565,56.499988],[8.576429,56.495],[8.578906,56.5],[8.575,56.502907]]}},{"type":"Feature","properties":{"depth":2.0,"source":"DDM 2024 coarse contour","resolution":"0.005 degree sampled grid"},"geometry":{"type":"LineString","coordinates":[[8.66913,56.58],[8.635,56.55],[8.632833,56.545],[8.639992,56.535],[8.639984,56.525],[8.625,56.51501],[8.619559,56.515],[8.62501,56.53],[8.615021,56.54],[8.615,56.54875],[8.610003,56.555],[8.63,56.578182],[8.64,56.584993],[8.65,56.584997],[8.66,56.579444],[8.665,56.583065],[8.66913,56.58]]}},{"type":"Feature","properties":{"depth":2.0,"source":"DDM 2024 coarse contour","resolution":"0.005 degree sampled grid"},"geometry":{"type":"LineString","coordinates":[[9.29,56.605023],[9.275,56.588077],[9.262,56.58],[9.269643,56.575],[9.27125,56.555],[9.285,56.544706],[9.315,56.5405],[9.316,56.535],[9.32,56.534998],[9.335,56.547778],[9.35,56.55],[9.34,56.5525],[9.295,56.550006],[9.29,56.5545],[9.283409,56.565],[9.295,56.598636],[9.29,56.605023]]}},{"type":"Feature","properties":{"depth":2.0,"source":"DDM 2024 coarse contour","resolution":"0.005 degree sampled grid"},"geometry":{"type":"LineString","coordinates":[[9.135,56.615002],[9.120833,56.61],[9.13,56.603182],[9.136316,56.605],[9.142,56.61],[9.135,56.615002]]}},{"type":"Feature","properties":{"depth":2.0,"source":"DDM 2024 coarse contour","resolution":"0.005 degree sampled grid"},"geometry":{"type":"LineString","coordinates":[[10.33,56.607979],[10.325,56.60502],[10.32,56.608571],[10.316324,56.605],[10.33,56.602083],[10.332979,56.605],[10.33,56.607979]]}},{"type":"Feature","properties":{"depth":2.0,"source":"DDM 2024 coarse contour","resolution":"0.005 degree sampled grid"},"geometry":{"type":"LineString","coordinates":[[9.87,56.645013],[9.86,56.645034],[9.855,56.648889],[9.85,56.645013],[9.82,56.645009],[9.82,56.642353],[9.847708,56.64],[9.855,56.644976],[9.873649,56.645],[9.87,56.645013]]}},{"type":"Feature","properties":{"depth":2.0,"source":"DDM 2024 coarse contour","resolution":"0.005 degree sampled grid"},"geometry":{"type":"LineString","coordinates":[[9.93,56.655007],[9.925,56.650056],[9.885934,56.65],[9.89,56.645978],[9.895,56.649967],[9.939423,56.65],[9.93,56.655007]]}},{"type":"Feature","properties":{"depth":2.0,"source":"DDM 2024 coarse contour","resolution":"0.005 degree sampled grid"},"geometry":{"type":"LineString","coordinates":[[10.065,56.70001],[10.055,56.700006],[10.05,56.695014],[10.04,56.69501],[10.035,56.690028],[10.02,56.690006],[10.01,56.680044],[10.0,56.680062],[9.995,56.675091],[9.98,56.675011],[9.965,56.665064],[9.955,56.665004],[9.9562,56.66],[9.937162,56.655],[9.940824,56.65],[9.95,56.649941],[9.965,56.654994],[9.97,56.659883],[9.975,56.65992],[9.98,56.654981],[9.995,56.669889],[10.005,56.669918],[10.01,56.674917],[10.015,56.674924],[10.02,56.670153],[10.025,56.674939],[10.03,56.674987],[10.05,56.694986],[10.055,56.694982],[10.06,56.689998],[10.07,56.689999],[10.075,56.684999],[10.092222,56.69],[10.09,56.695],[10.075,56.690003],[10.065,56.70001]]}},{"type":"Feature","properties":{"depth":2.0,"source":"DDM 2024 coarse contour","resolution":"0.005 degree sampled grid"},"geometry":{"type":"LineString","coordinates":[[8.505,56.680002],[8.4935,56.68],[8.493333,56.675],[8.499,56.67],[8.505,56.669998],[8.517727,56.675],[8.505,56.680002]]}},{"type":"Feature","properties":{"depth":2.0,"source":"DDM 2024 coarse contour","resolution":"0.005 degree sampled grid"},"geometry":{"type":"LineString","coordinates":[[8.941765,56.985],[8.950294,56.98],[8.931667,56.97],[8.93119,56.965],[8.912903,56.955],[8.910714,56.95],[8.916538,56.94],[8.915,56.933696],[8.924995,56.92],[8.923214,56.915],[8.910732,56.905],[8.909999,56.895],[8.901486,56.885],[8.89125,56.855],[8.881667,56.855],[8.88,56.872941],[8.87,56.872368],[8.855,56.883966],[8.849167,56.88],[8.853125,56.875],[8.830625,56.865],[8.839998,56.855],[8.845,56.833333],[8.86,56.817368],[8.88,56.805],[8.880179,56.785],[8.875,56.785004],[8.87,56.791538],[8.867143,56.79],[8.865789,56.78],[8.86,56.775032],[8.848913,56.775],[8.840484,56.76],[8.840109,56.75],[8.832917,56.745],[8.834967,56.74],[8.83,56.735035],[8.822419,56.735],[8.81,56.725001],[8.8,56.725],[8.78,56.71],[8.775,56.701053],[8.77997,56.695],[8.775,56.690039],[8.76,56.688607],[8.73,56.678538],[8.700714,56.68],[8.695,56.675023],[8.679231,56.675],[8.67,56.670022],[8.65,56.669783],[8.645,56.665021],[8.614615,56.69],[8.62,56.694995],[8.625,56.692571],[8.627656,56.695],[8.608889,56.705],[8.61,56.715003],[8.59,56.715385],[8.593,56.71],[8.585,56.705007],[8.575,56.700017],[8.56,56.698806],[8.5546,56.7],[8.557353,56.705],[8.555,56.7082],[8.539444,56.715],[8.537667,56.72],[8.545,56.724997],[8.562857,56.725],[8.557353,56.73],[8.54,56.735682],[8.51,56.720029],[8.505,56.720023],[8.500005,56.725],[8.503077,56.735],[8.500017,56.74],[8.51,56.749993],[8.525,56.752105],[8.54,56.759996],[8.551087,56.76],[8.550001,56.775],[8.541538,56.785],[8.542727,56.79],[8.55,56.794999],[8.557857,56.79],[8.565,56.789988],[8.585,56.799995],[8.605,56.799996],[8.611875,56.795],[8.625,56.795],[8.63,56.799971],[8.635,56.796863],[8.65,56.804982],[8.66,56.8058],[8.662692,56.815],[8.61,56.819561],[8.605004,56.825],[8.61,56.82996],[8.624231,56.835],[8.644786,56.855],[8.645006,56.87],[8.640041,56.875],[8.640037,56.88],[8.635,56.880056],[8.630045,56.885],[8.635,56.889936],[8.665,56.890741],[8.675,56.895112],[8.678824,56.89],[8.7,56.891212],[8.705,56.894971],[8.73,56.894974],[8.735,56.890519],[8.75,56.899979],[8.78,56.900411],[8.785,56.904982],[8.815,56.904999],[8.825,56.916389],[8.825008,56.93],[8.86,56.959976],[8.865,56.954984],[8.9,56.956964],[8.941765,56.985]]}},{"type":"Feature","properties":{"depth":2.0,"source":"DDM 2024 coarse contour","resolution":"0.005 degree sampled grid"},"geometry":{"type":"LineString","coordinates":[[11.696818,56.745],[11.645,56.728983],[11.615,56.71475],[11.58,56.684375],[11.531667,56.685],[11.535,56.69],[11.53,56.690625],[11.516667,56.71],[11.51,56.710004],[11.50501,56.715],[11.51,56.721923],[11.53,56.731667],[11.58,56.726792],[11.61,56.734991],[11.625937,56.735],[11.635,56.739982],[11.655,56.73999],[11.66,56.737121],[11.68,56.745263],[11.696818,56.745]]}},{"type":"Feature","properties":{"depth":2.0,"source":"DDM 2024 coarse contour","resolution":"0.005 degree sampled grid"},"geometry":{"type":"LineString","coordinates":[[8.47,56.69],[8.46,56.6925],[8.444286,56.69],[8.47,56.69]]}},{"type":"Feature","properties":{"depth":2.0,"source":"DDM 2024 coarse contour","resolution":"0.005 degree sampled grid"},"geometry":{"type":"LineString","coordinates":[[8.885,56.711429],[8.877159,56.705],[8.89119,56.695],[8.904706,56.695],[8.915,56.704],[8.905,56.708333],[8.89,56.705018],[8.885,56.711429]]}},{"type":"Feature","properties":{"depth":2.0,"source":"DDM 2024 coarse contour","resolution":"0.005 degree sampled grid"},"geometry":{"type":"LineString","coordinates":[[10.105,56.696875],[10.1,56.699255],[10.09,56.695],[10.105,56.696875]]}},{"type":"Feature","properties":{"depth":2.0,"source":"DDM 2024 coarse contour","resolution":"0.005 degree sampled grid"},"geometry":{"type":"LineString","coordinates":[[10.2,56.7025],[10.184167,56.7],[10.1809,56.695],[10.185,56.691339],[10.19,56.696538],[10.2,56.696667],[10.204286,56.7],[10.2,56.7025]]}},{"type":"Feature","properties":{"depth":2.0,"source":"DDM 2024 coarse contour","resolution":"0.005 degree sampled grid"},"geometry":{"type":"LineString","coordinates":[[8.255,56.705556],[8.25,56.71],[8.245909,56.7],[8.25,56.6955],[8.255,56.705556]]}},{"type":"Feature","properties":{"depth":2.0,"source":"DDM 2024 coarse contour","resolution":"0.005 degree sampled grid"},"geometry":{"type":"LineString","coordinates":[[10.27,56.702037],[10.265,56.7],[10.26,56.704643],[10.25675,56.7],[10.2725,56.7],[10.27,56.702037]]}},{"type":"Feature","properties":{"depth":2.0,"source":"DDM 2024 coarse contour","resolution":"0.005 degree sampled grid"},"geometry":{"type":"LineString","coordinates":[[10.31,56.705004],[10.3,56.706731],[10.297143,56.7],[10.312857,56.705],[10.31,56.705004]]}},{"type":"Feature","properties":{"depth":2.0,"source":"DDM 2024 coarse contour","resolution":"0.005 degree sampled grid"},"geometry":{"type":"LineString","coordinates":[[8.275,56.719167],[8.27,56.719149],[8.265,56.7115],[8.26,56.714306],[8.256702,56.71],[8.26,56.705811],[8.27,56.705357],[8.279082,56.715],[8.275,56.719167]]}},{"type":"Feature","properties":{"depth":2.0,"source":"DDM 2024 coarse contour","resolution":"0.005 degree sampled grid"},"geometry":{"type":"LineString","coordinates":[[10.155,56.715001],[10.145,56.7128],[10.133571,56.715],[10.14,56.709998],[10.16,56.709993],[10.155,56.715001]]}},{"type":"Feature","properties":{"depth":2.0,"source":"DDM 2024 coarse contour","resolution":"0.005 degree sampled grid"},"geometry":{"type":"LineString","coordinates":[[10.21,56.715],[10.204987,56.71],[10.205,56.705],[10.22,56.70625],[10.22,56.713971],[10.21,56.715]]}},{"type":"Feature","properties":{"depth":2.0,"source":"DDM 2024 coarse contour","resolution":"0.005 degree sampled grid"},"geometry":{"type":"LineString","coordinates":[[9.195,56.73],[9.2,56.724273],[9.185,56.715032],[9.18,56.72],[9.185026,56.725],[9.185,56.73],[9.195,56.73]]}},{"type":"Feature","properties":{"depth":2.0,"source":"DDM 2024 coarse contour","resolution":"0.005 degree sampled grid"},"geometry":{"type":"LineString","coordinates":[[8.27,56.770004],[8.261667,56.77],[8.269375,56.765],[8.27,56.758889],[8.275,56.762],[8.29,56.748571],[8.295,56.747692],[8.295,56.741818],[8.29,56.74],[8.3,56.736875],[8.29875,56.755],[8.27,56.770004]]}},{"type":"Feature","properties":{"depth":2.0,"source":"DDM 2024 coarse contour","resolution":"0.005 degree sampled grid"},"geometry":{"type":"LineString","coordinates":[[8.64,56.835002],[8.63,56.838889],[8.627667,56.835],[8.64,56.835002]]}},{"type":"Feature","properties":{"depth":2.0,"source":"DDM 2024 coarse contour","resolution":"0.005 degree sampled grid"},"geometry":{"type":"LineString","coordinates":[[9.090857,56.905],[9.104986,56.89],[9.1,56.881111],[9.111923,56.87],[9.11,56.868333],[9.103333,56.87],[9.090882,56.88],[9.075,56.884815],[9.065005,56.895],[9.075,56.904988],[9.090857,56.905]]}},{"type":"Feature","properties":{"depth":2.0,"source":"DDM 2024 coarse contour","resolution":"0.005 degree sampled grid"},"geometry":{"type":"LineString","coordinates":[[8.950508,56.935],[8.945,56.9245],[8.944255,56.935],[8.950508,56.935]]}},{"type":"Feature","properties":{"depth":2.0,"source":"DDM 2024 coarse contour","resolution":"0.005 degree sampled grid"},"geometry":{"type":"LineString","coordinates":[[10.315,56.96175],[10.31,56.963966],[10.305,56.960556],[10.3,56.963182],[10.298333,56.96],[10.315,56.955625],[10.315,56.96175]]}},{"type":"Feature","properties":{"depth":2.0,"source":"DDM 2024 coarse contour","resolution":"0.005 degree sampled grid"},"geometry":{"type":"LineString","coordinates":[[10.315,56.990001],[10.31,56.986471],[10.31,56.975],[10.315,56.972222],[10.32,56.962955],[10.329211,56.98],[10.325,56.987308],[10.315,56.990001]]}},{"type":"Feature","properties":{"depth":2.0,"source":"DDM 2024 coarse contour","resolution":"0.005 degree sampled grid"},"geometry":{"type":"LineString","coordinates":[[9.25,56.9734],[9.235,56.973553],[9.231538,56.97],[9.235,56.966707],[9.24,56.969985],[9.25,56.969992],[9.25,56.9734]]}},{"type":"Feature","properties":{"depth":2.0,"source":"DDM 2024 coarse contour","resolution":"0.005 degree sampled grid"},"geometry":{"type":"LineString","coordinates":[[9.285,56.998269],[9.276111,56.995],[9.266111,56.985],[9.263333,56.98],[9.267167,56.975],[9.280008,56.98],[9.280037,56.985],[9.289146,56.995],[9.285,56.998269]]}},{"type":"Feature","properties":{"depth":2.0,"source":"DDM 2024 coarse contour","resolution":"0.005 degree sampled grid"},"geometry":{"type":"LineString","coordinates":[[10.035,57.075008],[10.027714,57.075],[10.04,57.059995],[10.045,57.059993],[10.06,57.049993],[10.07,57.04996],[10.08,57.039993],[10.09,57.039991],[10.106481,57.03],[10.121957,57.025],[10.14,57.009982],[10.16,57.004989],[10.186731,56.99],[10.2,56.989952],[10.205,56.984999],[10.225,56.984949],[10.23,56.979991],[10.24,56.979967],[10.25,56.979994],[10.255,56.984952],[10.3,56.985636],[10.309178,56.99],[10.270673,56.99],[10.265,56.985051],[10.225,56.985051],[10.22,56.99],[10.21,56.990028],[10.18,57.005005],[10.157391,57.02],[10.15,57.020013],[10.144906,57.025],[10.14,57.025026],[10.13,57.034368],[10.11,57.04407],[10.07,57.055005],[10.055,57.0647],[10.045,57.065041],[10.035,57.075008]]}},{"type":"Feature","properties":{"depth":2.0,"source":"DDM 2024 coarse contour","resolution":"0.005 degree sampled grid"},"geometry":{"type":"LineString","coordinates":[[9.75,57.063472],[9.74,57.063417],[9.73,57.056944],[9.715,57.055937],[9.708571,57.06],[9.68,57.0625],[9.67,57.058125],[9.645,57.029],[9.64,57.027857],[9.635,57.031944],[9.630833,57.025],[9.625,57.0235],[9.610833,57.01],[9.63,56.997083],[9.635,56.9985],[9.66,57.015833],[9.6655,57.03],[9.68,57.040263],[9.69,57.039994],[9.695,57.044985],[9.745,57.051034],[9.752917,57.055],[9.753472,57.06],[9.75,57.063472]]}},{"type":"Feature","properties":{"depth":2.0,"source":"DDM 2024 coarse contour","resolution":"0.005 degree sampled grid"},"geometry":{"type":"LineString","coordinates":[[9.33,57.013393],[9.308056,57.01],[9.301957,57.005],[9.324643,57.005],[9.33413,57.01],[9.33,57.013393]]}},{"type":"Feature","properties":{"depth":2.0,"source":"DDM 2024 coarse contour","resolution":"0.005 degree sampled grid"},"geometry":{"type":"LineString","coordinates":[[9.4,57.02],[9.375,57.017353],[9.35,57.0198],[9.336,57.015],[9.34,57.011],[9.353667,57.01],[9.365,57.012885],[9.37,57.009998],[9.375,57.014996],[9.401818,57.015],[9.4,57.02]]}},{"type":"Feature","properties":{"depth":2.0,"source":"DDM 2024 coarse contour","resolution":"0.005 degree sampled grid"},"geometry":{"type":"LineString","coordinates":[[9.455,57.035003],[9.436364,57.035],[9.43,57.0315],[9.407941,57.03],[9.4,57.025011],[9.39125,57.025],[9.4,57.02],[9.505,57.021058],[9.5072,57.02],[9.504998,57.015],[9.51,57.014985],[9.516923,57.015],[9.512414,57.02],[9.524,57.025],[9.515,57.033269],[9.51,57.02875],[9.505,57.034687],[9.49,57.025026],[9.485,57.028676],[9.48,57.023776],[9.450714,57.025],[9.461471,57.03],[9.455,57.035003]]}},{"type":"Feature","properties":{"depth":2.0,"source":"DDM 2024 coarse contour","resolution":"0.005 degree sampled grid"},"geometry":{"type":"LineString","coordinates":[[9.615,57.034265],[9.58,57.031875],[9.576429,57.025],[9.565,57.023889],[9.555,57.034318],[9.535,57.033594],[9.525,57.03],[9.537273,57.025],[9.536111,57.02],[9.54,57.015333],[9.565,57.0158],[9.605,57.01],[9.61,57.011],[9.615,57.02],[9.588125,57.025],[9.605,57.025678],[9.61,57.029976],[9.615,57.026915],[9.619833,57.03],[9.615,57.034265]]}},{"type":"Feature","properties":{"depth":2.0,"source":"DDM 2024 coarse contour","resolution":"0.005 degree sampled grid"},"geometry":{"type":"LineString","coordinates":[[9.81,57.059286],[9.805714,57.055],[9.806939,57.05],[9.825,57.049968],[9.83,57.046818],[9.832593,57.05],[9.825,57.054012],[9.815,57.05375],[9.81,57.059286]]}},{"type":"Feature","properties":{"depth":2.0,"source":"DDM 2024 coarse contour","resolution":"0.005 degree sampled grid"},"geometry":{"type":"LineString","coordinates":[[9.79,57.073929],[9.785,57.070035],[9.78,57.073933],[9.765,57.071304],[9.763,57.07],[9.773158,57.065],[9.762727,57.06],[9.77,57.055962],[9.79,57.065875],[9.794648,57.07],[9.79,57.073929]]}},{"type":"Feature","properties":{"depth":2.0,"source":"DDM 2024 coarse contour","resolution":"0.005 degree sampled grid"},"geometry":{"type":"LineString","coordinates":[[9.8,57.068898],[9.793333,57.065],[9.8,57.056056],[9.804667,57.06],[9.8,57.068898]]}},{"type":"Feature","properties":{"depth":2.0,"source":"DDM 2024 coarse contour","resolution":"0.005 degree sampled grid"},"geometry":{"type":"LineString","coordinates":[[9.885,57.065001],[9.875,57.063966],[9.870741,57.06],[9.888636,57.06],[9.88875,57.065],[9.885,57.065001]]}},{"type":"Feature","properties":{"depth":2.0,"source":"DDM 2024 coarse contour","resolution":"0.005 degree sampled grid"},"geometry":{"type":"LineString","coordinates":[[10.015,57.085043],[9.985365,57.085],[9.970833,57.075],[9.96,57.06],[9.965,57.059983],[9.98,57.074972],[9.984831,57.075],[9.99,57.079988],[10.02,57.079997],[10.025,57.075826],[10.025,57.080047],[10.015,57.08],[10.019143,57.085],[10.015,57.085043]]}},{"type":"Feature","properties":{"depth":2.0,"source":"DDM 2024 coarse contour","resolution":"0.005 degree sampled grid"},"geometry":{"type":"LineString","coordinates":[[10.465333,57.16],[10.455,57.15375],[10.455833,57.16],[10.465333,57.16]]}},{"type":"Feature","properties":{"depth":2.0,"source":"DDM 2024 coarse contour","resolution":"0.005 degree sampled grid"},"geometry":{"type":"LineString","coordinates":[[10.93,57.36],[10.937031,57.34],[10.955,57.32],[10.96,57.307571],[10.99,57.309985],[10.995,57.306667],[11.0,57.309986],[11.012742,57.31],[11.025,57.322368],[11.111071,57.32],[11.12,57.324973],[11.133559,57.325],[11.14,57.331429],[11.16,57.331518],[11.17,57.326429],[11.195,57.328571],[11.201889,57.32],[11.199999,57.29],[11.19,57.280278],[11.18,57.277727],[11.163333,57.26],[11.158636,57.25],[11.165385,57.235],[11.15,57.225],[11.145909,57.215],[11.14,57.214231],[11.13,57.206071],[11.125,57.208182],[11.12,57.201667],[11.105,57.198462],[11.06,57.1775],[11.056563,57.175],[11.06,57.17],[11.05,57.173333],[11.046087,57.17],[11.050833,57.165],[11.045,57.168214],[11.025,57.159333],[11.023,57.16],[11.025,57.165],[11.02,57.167667],[11.01,57.159167],[10.985,57.164],[10.985,57.171458],[10.96,57.162143],[10.94,57.164063],[10.915,57.173333],[10.915667,57.19],[10.91,57.2],[10.9105,57.205],[10.895,57.224],[10.89,57.22],[10.894167,57.225],[10.894,57.23],[10.885667,57.24],[10.84,57.274167],[10.835,57.275],[10.85,57.276],[10.865,57.269],[10.88,57.272586],[10.895,57.277812],[10.915,57.290926],[10.92,57.2974],[10.92881,57.3],[10.936818,57.325],[10.925,57.344286],[10.904808,57.345],[10.92,57.346],[10.924286,57.35],[10.924706,57.355],[10.92,57.355008],[10.915019,57.36],[10.92,57.36498],[10.925,57.364991],[10.93,57.36]]}},{"type":"Feature","properties":{"depth":2.0,"source":"DDM 2024 coarse contour","resolution":"0.005 degree sampled grid"},"geometry":{"type":"LineString","coordinates":[[11.17125,57.2],[11.175417,57.195],[11.175,57.19],[11.17,57.196667],[11.165,57.19],[11.175,57.18],[11.1425,57.175],[11.143333,57.18],[11.152917,57.19],[11.149444,57.195],[11.165,57.2025],[11.17125,57.2]]}},{"type":"Feature","properties":{"depth":2.0,"source":"DDM 2024 coarse contour","resolution":"0.005 degree sampled grid"},"geometry":{"type":"LineString","coordinates":[[9.408519,58.0],[9.375,57.981243],[9.37,57.981247],[9.365,57.976207],[9.36,57.976211],[9.35,57.966142],[9.335,57.961123],[9.325,57.951079],[9.3,57.941023],[9.29,57.930982],[9.275,57.925965],[9.265,57.915917],[9.24,57.905869],[9.23,57.895828],[9.215,57.890815],[9.205,57.880794],[9.2,57.8808],[9.195,57.875785],[9.19,57.875792],[9.18,57.865724],[9.155,57.855629],[9.145,57.845587],[9.13,57.840578],[9.12,57.830576],[9.095,57.820563],[9.07,57.800556],[9.045,57.790565],[9.035,57.780562],[9.02,57.775574],[9.01,57.765583],[8.995,57.76061],[8.985,57.75058],[8.96,57.740538],[8.95,57.730528],[8.935,57.725496],[8.925,57.715486],[8.91,57.710455],[8.9,57.700432],[8.895,57.700431],[8.89,57.695426],[8.88,57.695428],[8.875,57.690435],[8.855,57.690449],[8.85,57.685464],[8.825,57.685478],[8.82,57.680497],[8.795,57.680501],[8.79,57.675502],[8.77,57.675515],[8.765,57.670521],[8.745,57.670557],[8.74,57.665566],[8.715,57.665619],[8.71,57.660615],[8.69,57.660662],[8.685,57.655644],[8.66,57.655701],[8.655,57.650671],[8.635,57.65071],[8.63,57.645669],[8.605,57.645711],[8.6,57.64066],[8.58,57.640708],[8.575,57.635678],[8.55,57.635718],[8.545,57.630712],[8.525,57.630712],[8.52,57.625705],[8.5,57.625702],[8.495,57.620688],[8.47,57.620691],[8.465,57.615677],[8.445,57.615685],[8.44,57.610671],[8.425,57.61068],[8.42,57.605669],[8.405,57.605677],[8.4,57.600669],[8.385,57.600676],[8.38,57.595669],[8.365,57.595677],[8.36,57.590666],[8.35,57.590672],[8.345,57.585661],[8.325,57.585672],[8.32,57.580661],[8.31,57.580666],[8.305,57.575652],[8.29,57.575658],[8.285,57.570645],[8.265,57.570652],[8.26,57.565639],[8.25,57.565644],[8.245,57.560633],[8.23,57.560643],[8.225,57.555634],[8.21,57.555643],[8.205,57.550636],[8.19,57.550643],[8.185,57.545635],[8.17,57.545643],[8.165,57.540634],[8.15,57.540643],[8.145,57.535633],[8.13,57.535643],[8.125,57.530636],[8.11,57.530648],[8.105,57.525639],[8.09,57.525647],[8.085,57.520639],[8.07,57.520641],[8.065,57.515633],[8.05,57.515633],[8.045,57.510625],[8.03,57.510626],[8.025,57.505618],[8.01,57.505618],[8.005,57.500602],[7.99,57.500579],[7.985,57.495584],[7.975,57.495579],[7.97,57.49058],[7.955,57.490578],[7.95,57.485578],[7.925,57.480574],[7.92,57.475572],[7.91,57.47557],[7.905,57.470562],[7.89,57.470565],[7.885,57.465552],[7.875,57.465559],[7.87,57.460543],[7.86,57.460551],[7.855,57.455534],[7.84,57.455541],[7.835,57.450542],[7.825,57.450533],[7.82,57.44556],[7.81,57.445515],[7.805,57.440524],[7.795,57.440489],[7.79,57.435455],[7.775,57.435446],[7.77,57.430407],[7.76,57.430419],[7.755,57.425397],[7.745,57.425401],[7.74,57.42039],[7.73,57.420389],[7.725,57.415382],[7.71,57.415379],[7.705,57.410376],[7.695,57.410379],[7.69,57.405377],[7.665,57.400383],[7.66,57.395377],[7.645,57.395382],[7.64,57.390384],[7.63,57.390386],[7.625,57.385396],[7.615,57.385392],[7.61,57.380408],[7.595,57.380406],[7.59,57.375418],[7.58,57.37542],[7.575,57.370419],[7.565,57.370424],[7.56,57.365417],[7.55,57.365423],[7.545,57.360414],[7.53,57.360421],[7.525,57.355407],[7.515,57.355412],[7.51,57.35039],[7.5,57.350401],[7.495,57.345376],[7.485,57.345383],[7.48,57.34036],[7.465,57.340366],[7.46,57.335349],[7.45,57.335346],[7.445,57.33033],[7.42,57.325308],[7.415,57.320293],[7.405,57.320295],[7.4,57.315281]]}},{"type":"Feature","properties":{"depth":2.0,"source":"DDM 2024 coarse contour","resolution":"0.005 degree sampled grid"},"geometry":{"type":"LineString","coordinates":[[10.600313,57.5],[10.618636,57.49],[10.625,57.489985],[10.630519,57.485],[10.625,57.480028],[10.62,57.480025],[10.615,57.48619],[10.6,57.490952],[10.596731,57.495],[10.600313,57.5]]}},{"type":"Feature","properties":{"depth":3.0,"source":"DDM 2024 coarse contour","resolution":"0.005 degree sampled grid"},"geometry":{"type":"LineString","coordinates":[[7.4,55.199902],[7.41,55.199902],[7.415,55.194901],[7.435,55.1949],[7.44,55.189899],[7.46,55.189896],[7.465,55.184897],[7.485,55.184892],[7.49,55.179896],[7.51,55.1799],[7.515,55.174902],[7.535,55.174904],[7.54,55.169905],[7.565,55.169905],[7.57,55.164906],[7.6,55.164908],[7.605,55.159909],[7.635,55.159909],[7.64,55.154909],[7.675,55.154908],[7.68,55.149908],[7.71,55.149905],[7.715,55.144908],[7.745,55.144911],[7.75,55.139912],[7.78,55.139914],[7.785,55.134915],[7.815,55.134917],[7.82,55.129918],[7.855,55.129919],[7.86,55.124919],[7.89,55.124919],[7.895,55.119919],[7.925,55.119919],[7.93,55.114919],[7.965,55.114921],[7.97,55.10992],[8.0,55.109921],[8.005,55.104921],[8.035,55.104924],[8.04,55.099927],[8.07,55.099927],[8.075,55.094929],[8.11,55.094931],[8.115,55.089933],[8.14,55.089935],[8.145,55.084935],[8.18,55.084938],[8.185,55.079938],[8.215,55.079942],[8.22,55.074942],[8.25,55.074947],[8.255,55.069948],[8.285,55.069986],[8.29,55.064968],[8.355,55.064945],[8.36,55.069987],[8.415,55.06993],[8.42,55.064905],[8.44,55.064875],[8.445,55.059907],[8.465,55.059854],[8.47,55.054919],[8.475,55.054865],[8.479876,55.05],[8.479989,55.04],[8.474979,55.035],[8.474991,55.025],[8.49,55.009956],[8.497647,55.01],[8.487105,55.025],[8.499351,55.04],[8.497308,55.06],[8.49,55.06396],[8.468958,55.065],[8.460833,55.07],[8.474138,55.08],[8.47,55.082667],[8.455,55.08],[8.45,55.083837],[8.445769,55.08],[8.45,55.075541],[8.455,55.08],[8.451333,55.075],[8.453929,55.07],[8.45,55.069613],[8.444923,55.07],[8.44,55.075],[8.429286,55.07],[8.425,55.075],[8.368077,55.08],[8.385,55.086786],[8.405,55.086429],[8.41,55.083],[8.4175,55.085],[8.416364,55.08],[8.42,55.076364],[8.424444,55.08],[8.421667,55.085],[8.425,55.086],[8.44,55.075],[8.44375,55.08],[8.443,55.085],[8.465,55.089],[8.455,55.093272],[8.42,55.0925],[8.415625,55.095],[8.44,55.096228],[8.4465,55.1],[8.44,55.104388],[8.43,55.105],[8.445,55.10825],[8.464444,55.125],[8.453333,55.13],[8.465,55.131731],[8.468148,55.135],[8.465,55.138864],[8.453333,55.14],[8.466765,55.145],[8.463182,55.155],[8.457083,55.16],[8.463571,55.17],[8.441875,55.175],[8.445,55.179167],[8.45,55.175323],[8.463846,55.18],[8.455,55.183462],[8.445,55.180192],[8.425,55.181111],[8.418333,55.185],[8.428636,55.19],[8.425,55.194444],[8.415,55.192093],[8.398636,55.195],[8.415,55.198472],[8.425,55.195227],[8.43,55.197429],[8.433214,55.2],[8.43,55.203214],[8.414286,55.21],[8.425,55.215],[8.435,55.21],[8.44,55.199048],[8.475,55.200612],[8.4825,55.205],[8.48,55.208684],[8.468333,55.21],[8.473,55.215],[8.465,55.217167],[8.45,55.217692],[8.446818,55.215],[8.451071,55.21],[8.445,55.2125],[8.435,55.21],[8.438396,55.215],[8.435,55.225],[8.439808,55.23],[8.435,55.2375],[8.4275,55.235],[8.424167,55.23],[8.417222,55.23],[8.424688,55.235],[8.425,55.241667],[8.435,55.241111],[8.442143,55.25],[8.456429,55.255],[8.447813,55.26],[8.458333,55.265],[8.452,55.275],[8.457273,55.28],[8.455,55.284167],[8.43,55.286486],[8.395,55.283261],[8.375,55.289038],[8.366,55.295],[8.375,55.3],[8.37,55.304286],[8.36,55.3025],[8.359375,55.305],[8.370625,55.305],[8.375,55.3],[8.38,55.3],[8.38125,55.295],[8.39,55.293704],[8.405,55.29931],[8.42,55.295643],[8.43,55.300976],[8.465,55.307],[8.475,55.305],[8.48625,55.31],[8.46,55.3115],[8.435,55.32],[8.425,55.318056],[8.415,55.307963],[8.395,55.31],[8.396,55.315],[8.387692,55.32],[8.401923,55.325],[8.4,55.328571],[8.3925,55.33],[8.402222,55.335],[8.39875,55.34],[8.400333,55.355],[8.393125,55.36],[8.397222,55.365],[8.38875,55.37],[8.38125,55.39],[8.374,55.395],[8.38075,55.4],[8.37,55.402368],[8.35875,55.41],[8.362727,55.415],[8.34,55.425],[8.344583,55.43],[8.335,55.431364],[8.33,55.427857],[8.323333,55.43],[8.32,55.436458],[8.31,55.435],[8.295962,55.445],[8.314091,55.45],[8.31125,55.455],[8.325,55.45625],[8.345,55.469961],[8.35,55.469957],[8.368021,55.48],[8.39,55.481084],[8.405,55.47602],[8.405,55.484333],[8.396579,55.485],[8.39,55.491053],[8.373913,55.49],[8.35,55.522414],[8.334706,55.515],[8.345,55.506429],[8.35,55.5125],[8.351667,55.51],[8.346081,55.505],[8.35,55.495714],[8.345,55.493125],[8.325,55.496471],[8.31,55.491324],[8.31,55.488448],[8.32,55.482187],[8.33,55.48],[8.345,55.481667],[8.35,55.48625],[8.345096,55.48],[8.325,55.477778],[8.32,55.468775],[8.295,55.473],[8.28,55.47],[8.28,55.480003],[8.275,55.479231],[8.270909,55.485],[8.255,55.489412],[8.235,55.502647],[8.175,55.527917],[8.135,55.5368],[8.131923,55.54],[8.12,55.5402],[8.115714,55.545],[8.11,55.537586],[8.095,55.532857],[8.09,55.538333],[8.07,55.522381],[8.065417,55.525],[8.065,55.532727],[8.04,55.513684],[8.03,55.518158],[8.017727,55.515],[8.028333,55.545],[8.02125,55.55],[8.019848,55.56],[8.025,55.560333],[8.03,55.556],[8.035,55.558846],[8.04,55.556786],[8.056,55.56],[8.055,55.568571],[8.025,55.569118],[8.025,55.57375],[8.045,55.575526],[8.055,55.570588],[8.070227,55.57],[8.074286,55.58],[8.108437,55.62],[8.1115,55.635],[8.121667,55.645],[8.121515,55.65],[8.130735,55.665],[8.129773,55.67],[8.14,55.679808],[8.152045,55.71],[8.158182,55.715],[8.155909,55.72],[8.17,55.75125],[8.172105,55.775],[8.17,55.804444],[8.163214,55.82],[8.155,55.865833],[8.150833,55.87],[8.153382,55.875],[8.148,55.89],[8.149265,55.9],[8.145,55.926],[8.137632,55.94],[8.14,55.945185],[8.12,55.989688],[8.105001,56.0],[8.107069,56.005],[8.09875,56.02],[8.1,56.025],[8.095,56.042826],[8.091875,56.045],[8.095,56.051739],[8.091429,56.055],[8.090667,56.065],[8.095,56.071071],[8.10375,56.125],[8.11,56.137979],[8.107727,56.145],[8.125,56.209737],[8.125,56.268448],[8.115006,56.325],[8.115,56.366818],[8.111852,56.375],[8.115,56.381176],[8.115004,56.42],[8.118857,56.43],[8.115577,56.44],[8.12,56.460893],[8.12,56.479615],[8.115007,56.495],[8.11287,56.515],[8.115012,56.52],[8.110019,56.525],[8.115003,56.53],[8.115004,56.545],[8.120009,56.56],[8.12501,56.565],[8.130003,56.585],[8.145,56.610806],[8.145017,56.62],[8.150001,56.625],[8.15641,56.645],[8.180006,56.68],[8.193947,56.695],[8.21,56.709988],[8.22,56.709982],[8.224984,56.705],[8.235,56.68038],[8.242143,56.68],[8.244545,56.675],[8.25,56.673],[8.252273,56.675],[8.252222,56.685],[8.235055,56.705],[8.230005,56.72],[8.218,56.725],[8.22501,56.785],[8.265011,56.855],[8.285007,56.875],[8.285011,56.88],[8.310007,56.905],[8.32501,56.925],[8.365,56.964991],[8.3788,56.965],[8.401389,56.98],[8.453594,57.025],[8.45501,57.03],[8.475,57.049982],[8.48,57.046053],[8.495,57.046556],[8.515,57.054999],[8.56,57.094987],[8.563971,57.095],[8.575,57.109989],[8.58,57.11],[8.580008,57.115],[8.588396,57.125],[8.6,57.124999],[8.605,57.129984],[8.61,57.126667],[8.62,57.129981],[8.66,57.12],[8.675,57.119985],[8.725385,57.105],[8.76,57.102143],[8.825,57.110606],[8.83,57.11499],[8.85,57.115],[8.855,57.119989],[8.885,57.124994],[8.89,57.129991],[8.899583,57.13],[8.905,57.134987],[8.925,57.139998],[8.93,57.144991],[8.93875,57.145],[8.965,57.159993],[9.05,57.159992],[9.075,57.15125],[9.1125,57.145],[9.165,57.141304],[9.27,57.147083],[9.293333,57.15],[9.3,57.154993],[9.313667,57.155],[9.33,57.159997],[9.37,57.16125],[9.408043,57.17],[9.425,57.178889],[9.434286,57.18],[9.443182,57.185],[9.445,57.19],[9.452778,57.19],[9.485,57.207857],[9.49,57.205],[9.495,57.209998],[9.530238,57.225],[9.567179,57.25],[9.59,57.272143],[9.6034,57.28],[9.65,57.326724],[9.675,57.344999],[9.71,57.382857],[9.716724,57.385],[9.715,57.39],[9.72,57.388393],[9.762586,57.445],[9.8,57.484999],[9.805,57.485],[9.81,57.489993],[9.815,57.489997],[9.82,57.49625],[9.832679,57.5],[9.885,57.535],[9.925004,57.575],[9.926296,57.58],[9.96,57.599964],[9.965,57.594982],[9.975,57.594982],[9.975,57.6],[10.025,57.593939],[10.156944,57.595],[10.215,57.609997],[10.225455,57.61],[10.235,57.615125],[10.282424,57.625],[10.29,57.629991],[10.3376,57.645],[10.385,57.669992],[10.39,57.669999],[10.395,57.674996],[10.4,57.674997],[10.405,57.679999],[10.411719,57.68],[10.425,57.689992],[10.465,57.704999],[10.47,57.709992],[10.477609,57.71],[10.525,57.734996],[10.53,57.734999],[10.535,57.739987],[10.543676,57.74],[10.55,57.744987],[10.560185,57.745],[10.59,57.754999],[10.635,57.754987],[10.654545,57.745],[10.61119,57.725],[10.605,57.715051],[10.595,57.710032],[10.566579,57.71],[10.53,57.688605],[10.49,57.660007],[10.461591,57.635],[10.456613,57.625],[10.45,57.6225],[10.44,57.610435],[10.435,57.6],[10.430385,57.575],[10.4408,57.56],[10.440455,57.555],[10.45,57.543571],[10.48,57.515],[10.505,57.499194],[10.525,57.478553],[10.540571,57.47],[10.555,57.455238],[10.56,57.452778],[10.573333,57.455],[10.582805,57.45],[10.58,57.444038],[10.57,57.45],[10.564982,57.435],[10.56,57.430054],[10.555,57.435012],[10.55,57.435031],[10.54,57.425015],[10.535,57.426739],[10.530833,57.41],[10.532143,57.395],[10.525,57.385],[10.531667,57.38],[10.526111,57.365],[10.536667,57.355],[10.534375,57.35],[10.538333,57.335],[10.545,57.325],[10.541875,57.32],[10.545,57.31],[10.550833,57.305],[10.547222,57.3],[10.556429,57.29],[10.56,57.28],[10.5605,57.225],[10.545,57.207778],[10.525,57.206286],[10.52,57.202727],[10.51,57.202955],[10.505,57.1982],[10.495,57.197544],[10.485,57.18875],[10.455,57.1725],[10.438636,57.155],[10.437167,57.15],[10.44,57.146458],[10.445,57.151667],[10.45,57.150882],[10.455,57.1615],[10.47,57.166429],[10.48,57.177],[10.49,57.178333],[10.495,57.185],[10.503333,57.185],[10.503333,57.18],[10.49,57.173571],[10.4825,57.165],[10.475,57.161],[10.47,57.163333],[10.465,57.151667],[10.46,57.152222],[10.45,57.147],[10.445,57.138],[10.43,57.135],[10.415,57.115312],[10.392857,57.065],[10.383684,57.055],[10.383846,57.05],[10.35,56.990625],[10.35,56.985],[10.364,56.97],[10.355,56.963409],[10.338182,56.96],[10.33625,56.95],[10.339545,56.94],[10.335,56.936429],[10.311667,56.935],[10.3125,56.93],[10.305,56.92375],[10.295,56.923333],[10.28,56.909286],[10.274219,56.895],[10.283889,56.88],[10.285,56.87],[10.279524,56.865],[10.282778,56.835],[10.277857,56.83],[10.2875,56.81],[10.285,56.804688],[10.29,56.8],[10.29,56.795],[10.305,56.7825],[10.31,56.785],[10.311,56.775],[10.308333,56.77],[10.315,56.769167],[10.33,56.758333],[10.335,56.76],[10.35,56.750833],[10.3575,56.75],[10.343,56.745],[10.36,56.742857],[10.358889,56.735],[10.3675,56.725],[10.39,56.706875],[10.41,56.7],[10.415,56.695],[10.405,56.6825],[10.391429,56.675],[10.395,56.665],[10.39,56.6675],[10.389286,56.665],[10.395,56.665],[10.396429,56.66],[10.388571,56.65],[10.393333,56.645],[10.393,56.64],[10.374,56.63],[10.37,56.624792],[10.365,56.624583],[10.361944,56.62],[10.362692,56.61],[10.357222,56.605],[10.36375,56.6],[10.3595,56.595],[10.359231,56.58],[10.362,56.575],[10.395,56.548784],[10.44,56.527959],[10.465,56.527121],[10.513333,56.515],[10.6,56.522935],[10.65,56.537],[10.705,56.536667],[10.71,56.539987],[10.725,56.536339],[10.76,56.544375],[10.785,56.546111],[10.814545,56.535],[10.835,56.534995],[10.86,56.52413],[10.870385,56.51],[10.875,56.489992],[10.9,56.484981],[10.912935,56.475],[10.925,56.474979],[10.94,56.462119],[10.95,56.459993],[10.955,56.455214],[10.955417,56.45],[10.960842,56.445],[10.959983,56.44],[10.955,56.435005],[10.943333,56.435],[10.931636,56.425],[10.935702,56.415],[10.929978,56.415],[10.925,56.400484],[10.926154,56.395],[10.920741,56.38],[10.915,56.342093],[10.875,56.310003],[10.865,56.298],[10.84,56.290007],[10.815,56.257],[10.800481,56.25],[10.79,56.240022],[10.77,56.240006],[10.747273,56.225],[10.740667,56.215],[10.737065,56.2],[10.739996,56.175],[10.725,56.149583],[10.715,56.140006],[10.69,56.137826],[10.675,56.144103],[10.629583,56.175],[10.62,56.185192],[10.615,56.195618],[10.645,56.197444],[10.66,56.188205],[10.6625,56.195],[10.671207,56.2],[10.673088,56.21],[10.67,56.214038],[10.650263,56.225],[10.601163,56.225],[10.59,56.219753],[10.575,56.200011],[10.563594,56.195],[10.555,56.185012],[10.55,56.184767],[10.54,56.175],[10.535282,56.165],[10.555,56.147143],[10.555,56.137321],[10.562576,56.13],[10.561613,56.12],[10.545,56.100011],[10.525,56.095004],[10.51,56.095082],[10.476964,56.14],[10.49,56.149935],[10.505,56.149955],[10.51,56.14615],[10.5185,56.15],[10.524346,56.16],[10.525,56.170002],[10.512766,56.17],[10.51,56.164],[10.5,56.16375],[10.48,56.171136],[10.478583,56.175],[10.445,56.180005],[10.43,56.165007],[10.42,56.160006],[10.385,56.160012],[10.374167,56.17],[10.37,56.182788],[10.35,56.188125],[10.345,56.186154],[10.34,56.195],[10.346111,56.205],[10.343333,56.21],[10.35,56.213514],[10.365,56.208152],[10.38,56.213833],[10.391711,56.21],[10.402656,56.22],[10.4,56.22425],[10.394375,56.225],[10.405,56.230797],[10.4005,56.225],[10.405,56.221786],[10.42,56.22625],[10.435,56.224967],[10.44,56.221726],[10.45,56.234989],[10.48,56.254643],[10.478182,56.26],[10.465,56.269333],[10.458548,56.27],[10.46,56.275],[10.453511,56.28],[10.448571,56.29],[10.44,56.290018],[10.435,56.293293],[10.42,56.289342],[10.394762,56.29],[10.387812,56.285],[10.391058,56.28],[10.388,56.275],[10.375,56.266081],[10.36,56.26734],[10.349516,56.26],[10.354987,56.25],[10.345821,56.245],[10.335,56.230018],[10.31,56.223148],[10.286304,56.2],[10.275,56.195005],[10.262553,56.195],[10.242105,56.185],[10.226583,56.17],[10.234964,56.165],[10.235,56.154964],[10.24,56.15495],[10.245,56.159943],[10.254963,56.15],[10.24,56.140037],[10.23,56.14002],[10.225,56.135043],[10.214,56.135],[10.239993,56.11],[10.249997,56.095],[10.26375,56.06],[10.278636,56.05],[10.278889,56.035],[10.271552,56.03],[10.286932,56.02],[10.27,56.009167],[10.264993,56.0],[10.257553,55.995],[10.257368,55.975],[10.271667,55.96],[10.265,55.94625],[10.26629,55.94],[10.260714,55.925],[10.265,55.8975],[10.26,55.902273],[10.255,55.9],[10.254643,55.905],[10.2498,55.89],[10.254118,55.88],[10.24,55.8714],[10.23,55.871667],[10.22,55.880833],[10.206667,55.875],[10.218684,55.87],[10.21225,55.865],[10.215,55.834048],[10.195,55.83125],[10.155,55.841087],[10.145,55.848462],[10.115,55.839375],[10.1125,55.84],[10.116364,55.845],[10.095,55.8495],[10.08,55.845002],[10.06475,55.845],[10.065,55.84],[10.07,55.845],[10.1075,55.84],[10.100833,55.835],[10.11125,55.83],[10.1125,55.825],[10.095,55.82],[10.096064,55.815],[10.086019,55.815],[10.085,55.810769],[10.07,55.815084],[10.055,55.829503],[10.050735,55.825],[10.07044,55.805],[10.065,55.806375],[10.045,55.790005],[10.02,55.778559],[10.019999,55.765],[10.025,55.761667],[10.075,55.755227],[10.090556,55.745],[10.055,55.745002],[10.035,55.730013],[10.005,55.729636],[10.000364,55.725],[10.002308,55.72],[10.015,55.719969],[10.025,55.71049],[10.03,55.715725],[10.034167,55.715],[10.03125,55.71],[10.039474,55.695],[10.035,55.691731],[10.015,55.699744],[10.003833,55.7],[9.995,55.695008],[9.96,55.693961],[9.955,55.690024],[9.911667,55.69],[9.9,55.685021],[9.875,55.684252],[9.845,55.670043],[9.83,55.669252],[9.82,55.665057],[9.81,55.675015],[9.795,55.675029],[9.79,55.679067],[9.745,55.678871],[9.712708,55.7],[9.7,55.700023],[9.695,55.705008],[9.685,55.705024],[9.68,55.710014],[9.656167,55.71],[9.65,55.705019],[9.609259,55.705],[9.605,55.702386],[9.595,55.705],[9.5775,55.7],[9.585,55.695],[9.67,55.696605],[9.7,55.669999],[9.715,55.66995],[9.72,55.665856],[9.741296,55.66],[9.7492,55.645],[9.75,55.633571],[9.755,55.627843],[9.785,55.626378],[9.79,55.629975],[9.815,55.630702],[9.84,55.629981],[9.845,55.626867],[9.855,55.629959],[9.86,55.625769],[9.865,55.628889],[9.868889,55.625],[9.84,55.610006],[9.8328,55.61],[9.82,55.600022],[9.812424,55.6],[9.8,55.594355],[9.795,55.590455],[9.79587,55.585],[9.775,55.57],[9.774032,55.56],[9.765,55.55514],[9.755,55.555171],[9.75,55.560029],[9.745,55.555094],[9.735,55.555049],[9.730479,55.55],[9.730734,55.545],[9.735101,55.535],[9.74487,55.525],[9.744943,55.52],[9.74,55.515036],[9.715,55.515124],[9.71,55.520099],[9.7,55.520165],[9.695,55.525016],[9.67,55.525039],[9.64,55.505056],[9.633871,55.51],[9.605,55.509615],[9.6,55.506111],[9.59,55.506111],[9.589997,55.5],[9.585,55.495014],[9.540568,55.495],[9.57,55.494983],[9.575,55.489984],[9.591111,55.49],[9.6,55.499984],[9.625,55.500303],[9.66,55.484749],[9.670297,55.475],[9.685,55.469823],[9.697213,55.46],[9.691,55.45],[9.66,55.432872],[9.635,55.425217],[9.63,55.428028],[9.625,55.425021],[9.615,55.427589],[9.603684,55.425],[9.597778,55.42],[9.599028,55.415],[9.631321,55.385],[9.628571,55.375],[9.608409,55.365],[9.608,55.36],[9.625,55.359991],[9.655,55.343148],[9.6675,55.34],[9.65,55.337083],[9.65,55.332826],[9.657619,55.33],[9.650294,55.32],[9.668529,55.305],[9.675,55.292935],[9.68,55.296],[9.685,55.294545],[9.69125,55.285],[9.69,55.278125],[9.685,55.284706],[9.670556,55.28],[9.705,55.269355],[9.719964,55.255],[9.718077,55.235],[9.695,55.223396],[9.701429,55.2],[9.69,55.19001],[9.665,55.184796],[9.646897,55.175],[9.63,55.170079],[9.620008,55.18],[9.62,55.190001],[9.582625,55.19],[9.575,55.181724],[9.56,55.175001],[9.55,55.174221],[9.525,55.16001],[9.5,55.155013],[9.50525,55.15],[9.506311,55.14],[9.523056,55.13],[9.515,55.125009],[9.495,55.125079],[9.49,55.12939],[9.485,55.125069],[9.48,55.130005],[9.475,55.130006],[9.466277,55.125],[9.470609,55.12],[9.5,55.119935],[9.505,55.114975],[9.515,55.11493],[9.52,55.109988],[9.525,55.109982],[9.54,55.094996],[9.55,55.094969],[9.555,55.090909],[9.555,55.085],[9.559286,55.08],[9.525,55.055045],[9.505,55.045013],[9.465,55.045032],[9.46,55.040026],[9.43,55.040024],[9.427187,55.035],[9.43,55.026],[9.44,55.029952],[9.450889,55.02],[9.508452,55.02],[9.52,55.029904],[9.534009,55.03],[9.54,55.034906],[9.57,55.034998],[9.57383,55.045],[9.595,55.044923],[9.605,55.039973],[9.62,55.019999],[9.625,55.019955],[9.63,55.014994],[9.65,55.009964],[9.655,55.005657],[9.665,55.004935],[9.67,55.000754],[9.68,54.999944],[9.694194,54.99],[9.71,54.99098],[9.715,54.994937],[9.72,54.990909],[9.745,54.99047],[9.741284,54.98],[9.75,54.97067],[9.754773,54.975],[9.752115,54.98],[9.76,54.984968],[9.772451,54.975],[9.785,54.974967],[9.795,54.97],[9.825,54.946222],[9.8284,54.95],[9.824853,54.96],[9.835,54.96225],[9.835,54.968],[9.821667,54.97],[9.824444,54.975],[9.785,54.980038],[9.774884,54.99],[9.775,55.0],[9.78,55.004956],[9.79,55.004982],[9.79,55.010006],[9.76,55.009333],[9.755,55.005063],[9.695,55.005079],[9.688649,55.01],[9.68,55.010075],[9.675,55.015004],[9.67,55.015048],[9.65502,55.025],[9.67,55.034957],[9.679651,55.035],[9.645,55.035083],[9.635046,55.045],[9.635017,55.05],[9.64,55.054998],[9.65,55.055695],[9.665,55.069091],[9.68,55.074986],[9.69,55.075959],[9.695,55.079991],[9.725,55.083125],[9.735,55.087653],[9.76,55.09022],[9.775,55.08145],[9.815,55.069987],[9.845,55.050606],[9.85625,55.05],[9.87,55.037857],[9.875,55.036],[9.880222,55.04],[9.875833,55.035],[9.885,55.026512],[9.904583,55.02],[9.915,55.023611],[9.965,55.015085],[9.975,55.000851],[9.98,54.997255],[9.985,54.999959],[10.0,54.985143],[10.045,54.935122],[10.052353,54.91],[10.069999,54.895],[10.074994,54.88],[10.065,54.870007],[10.035,54.872262],[10.018103,54.87],[9.99,54.850004],[9.945,54.84858],[9.93,54.85],[9.9146,54.86],[9.89,54.861552],[9.879324,54.87],[9.875,54.870047],[9.865012,54.88],[9.885,54.894917],[9.9,54.89995],[9.92,54.886016],[9.95,54.879978],[9.955,54.873158],[9.96,54.871639],[9.975,54.868077],[9.978409,54.87],[9.980192,54.875],[9.973707,54.88],[9.962969,54.885],[9.955,54.885039],[9.95,54.890006],[9.94,54.89005],[9.935,54.895016],[9.925,54.895058],[9.91,54.9049],[9.886538,54.905],[9.88,54.895097],[9.87,54.899323],[9.85,54.890032],[9.84,54.889735],[9.835,54.885094],[9.83,54.885116],[9.825,54.889908],[9.805,54.890085],[9.795,54.895001],[9.78501,54.905],[9.785,54.910059],[9.78499,54.905],[9.78,54.900003],[9.77,54.899613],[9.765,54.895035],[9.745,54.895099],[9.734658,54.9],[9.705583,54.9],[9.705,54.892302],[9.73,54.889933],[9.74,54.884999],[9.744999,54.88],[9.745095,54.87],[9.75,54.86588],[9.760192,54.865],[9.759999,54.855],[9.764992,54.85],[9.757,54.845],[9.75,54.835038],[9.725,54.835007],[9.72,54.840027],[9.71,54.840059],[9.703919,54.845],[9.705,54.850004],[9.695,54.850021],[9.69,54.854646],[9.67,54.8528],[9.64,54.856818],[9.63375,54.865],[9.647727,54.875],[9.646974,54.88],[9.634815,54.885],[9.632115,54.89],[9.615,54.900015],[9.6,54.900022],[9.595,54.903684],[9.588448,54.9],[9.586194,54.89],[9.6,54.889989],[9.605,54.884956],[9.625,54.884972],[9.629941,54.88],[9.605,54.854934],[9.625,54.854952],[9.63,54.849941],[9.645,54.849978],[9.65,54.844929],[9.665,54.844891],[9.67,54.839931],[9.685,54.839922],[9.69,54.834917],[9.71,54.834923],[9.715,54.829913],[9.73,54.829952],[9.735,54.82489],[9.75,54.824904],[9.755,54.829903],[9.79,54.829903],[9.795,54.834899],[9.83,54.834869],[9.835,54.839886],[9.875,54.839869],[9.88,54.844872],[9.895,54.844872],[9.94,54.819884],[9.945,54.819886],[9.95,54.814881],[9.955,54.814884],[9.96,54.809875],[9.97,54.809886],[9.975,54.804884],[9.98,54.804907],[9.985,54.799887],[9.99,54.799902],[9.995,54.794888],[10.02,54.784896],[10.045,54.769876],[10.07,54.769943],[10.075,54.764886],[10.185,54.764895],[10.19,54.759897],[10.215,54.759897],[10.225,54.749889],[10.23,54.749895],[10.26,54.719898],[10.265,54.719904],[10.335,54.649913],[10.34,54.649913],[10.36,54.629916],[10.365,54.629916],[10.375,54.619919],[10.39,54.619921],[10.395,54.614922],[10.41,54.614926],[10.415,54.609923],[10.425,54.60992],[10.43,54.604919],[10.445,54.604927],[10.45,54.599928],[10.465,54.599924],[10.47,54.594924],[10.48,54.594923],[10.485,54.589922],[10.5,54.589928],[10.505,54.584928],[10.515,54.584927],[10.52,54.579927],[10.535,54.579927],[10.54,54.57493],[10.55,54.57493],[10.555,54.56993],[10.565,54.569929],[10.57,54.564928],[10.595,54.559933],[10.6,54.55493],[10.62,54.554925],[10.625,54.549924],[10.65,54.549919],[10.655,54.544919],[10.685,54.544906],[10.69,54.549907],[10.735,54.549905],[10.74,54.554903],[10.745,54.554903],[10.75,54.559901],[10.755,54.559901],[10.76,54.564899],[10.765,54.564899],[10.77,54.569898],[10.805,54.584909],[10.81,54.58991],[10.815,54.589912],[10.82,54.594914],[10.825,54.594914],[10.83,54.599917],[10.845,54.604913],[10.855,54.614909],[10.89,54.629895],[10.9,54.639907],[10.985,54.639918],[10.99,54.644922],[11.02,54.644926],[11.025,54.639923],[11.085,54.63991],[11.09,54.634903],[11.11,54.634901],[11.115,54.629898],[11.135,54.629898],[11.14,54.624895],[11.16,54.624894],[11.165,54.619892],[11.18,54.619895],[11.185,54.614891],[11.2,54.61489],[11.205,54.609887],[11.215,54.609887],[11.23,54.59988],[11.235,54.599881],[11.24,54.59488],[11.25,54.594883],[11.265,54.584879],[11.28,54.584881],[11.285,54.579878],[11.295,54.57988],[11.3,54.574878],[11.315,54.574883],[11.32,54.56988],[11.335,54.564878],[11.345,54.554877],[11.36,54.549876],[11.37,54.539873],[11.395,54.529873],[11.405,54.519878],[11.42,54.514878],[11.43,54.504878],[11.435,54.504879],[11.48,54.479886],[11.485,54.479886],[11.49,54.474887],[11.5,54.474888],[11.545,54.449891],[11.56,54.444892],[11.57,54.434892],[11.585,54.429893],[11.61,54.409893],[11.615,54.409894],[11.625,54.399893],[11.63,54.399894],[11.64,54.389894],[11.645,54.389894],[11.665,54.369893],[11.67,54.369893],[11.675,54.364893],[11.715,54.364894],[11.72,54.369895],[11.725,54.364894],[11.735,54.364894],[11.74,54.369896],[11.755,54.369898],[11.76,54.364896],[11.765,54.3699],[11.95,54.369929],[11.955,54.37493],[11.97,54.374931],[11.975,54.379932],[11.99,54.379931],[11.995,54.384932],[12.01,54.384926],[12.015,54.389926],[12.025,54.389923],[12.03,54.394925],[12.05,54.39492],[12.055,54.399921],[12.065,54.399919],[12.07,54.404919],[12.085,54.404916],[12.09,54.40992],[12.105,54.409912],[12.11,54.414913],[12.115,54.41491],[12.14,54.439921],[12.145,54.439919],[12.17,54.464955],[12.175,54.464951],[12.2,54.489918],[12.205,54.489915],[12.23,54.514915],[12.235,54.514916],[12.26,54.539896],[12.265,54.539889],[12.295,54.569899],[12.3,54.5699],[12.325,54.594916],[12.33,54.594918],[12.385,54.644928],[12.39,54.644928],[12.41,54.664927],[12.415,54.664927],[12.44,54.689926],[12.45,54.689926],[12.455,54.694926],[12.47,54.694926],[12.475,54.699925],[12.49,54.699926],[12.495,54.704926],[12.51,54.704927],[12.515,54.709927],[12.53,54.709928],[12.535,54.714928],[12.55,54.714929],[12.555,54.719929],[12.57,54.719929],[12.575,54.724929],[12.59,54.724928],[12.595,54.729927],[12.61,54.729925],[12.615,54.734924],[12.63,54.734922],[12.635,54.739925],[12.65,54.739923],[12.655,54.744929],[12.67,54.744928],[12.675,54.749929],[12.69,54.749928],[12.695,54.754927],[12.71,54.754926],[12.715,54.759926],[12.73,54.759926],[12.735,54.764926],[12.75,54.764924],[12.755,54.769924],[12.765,54.769923],[12.78,54.779923],[12.79,54.779922],[12.805,54.789921],[12.815,54.78992],[12.82,54.79492],[12.83,54.794919],[12.845,54.804917],[12.87,54.809914],[12.885,54.819911],[12.91,54.824908],[12.915,54.829907],[12.93,54.834902],[12.94,54.844895],[12.945,54.844894],[12.96,54.859876],[12.965,54.859874],[12.99,54.88483],[12.995,54.884828],[13.045,54.929815],[13.05,54.929815],[13.075,54.954816],[13.08,54.954815],[13.1,54.97485],[13.105,54.974851],[13.125,54.99489],[13.13,54.994888],[13.140098,55.005],[13.140097,55.01],[13.135,55.015097],[13.12,55.020087],[13.11,55.030084],[13.095,55.035079],[13.085,55.045074],[13.07,55.050077],[13.06,55.060075],[13.055,55.060078],[13.05,55.065076],[13.04,55.065079],[13.025,55.075078],[13.015,55.075077],[13.0,55.085102],[12.99,55.085099],[12.975,55.095118],[12.965,55.095119],[12.95,55.105146],[12.925,55.110144],[12.91,55.120152],[12.9,55.120151],[12.885,55.130155],[12.875,55.130154],[12.86,55.14015],[12.85,55.140151],[12.835,55.150147],[12.825,55.150147],[12.81,55.160144],[12.8,55.160144],[12.795,55.165143],[12.79,55.165143],[12.78,55.175143],[12.775,55.175142],[12.765,55.185137],[12.76,55.185137],[12.745,55.200131],[12.74,55.200132],[12.73,55.210123],[12.725,55.210123],[12.71,55.2251],[12.705,55.225106],[12.695,55.235093],[12.69,55.235102],[12.66509,55.26],[12.665088,55.265],[12.655086,55.275],[12.655087,55.28],[12.635082,55.305],[12.635068,55.35],[12.630068,55.355],[12.630064,55.365],[12.625064,55.37],[12.625062,55.38],[12.620063,55.385],[12.615059,55.41],[12.610057,55.415],[12.610052,55.425],[12.605055,55.43],[12.62,55.439951],[12.625,55.439951],[12.635,55.449956],[12.67,55.464959],[12.68,55.474955],[12.705,55.484955],[12.715042,55.495],[12.715041,55.51],[12.720043,55.515],[12.720039,55.53],[12.73,55.544967],[12.735,55.544963],[12.76,55.559978],[12.775,55.564967],[12.8,55.579991],[12.81,55.579964],[12.825,55.589988],[12.83,55.589977],[12.865,55.609977],[12.88,55.614973],[12.88003,55.62],[12.885033,55.625],[12.885016,55.635],[12.89002,55.64],[12.890031,55.645],[12.87004,55.665],[12.870047,55.67],[12.79,55.750046],[12.785,55.750054],[12.725,55.810086],[12.72,55.810084],[12.695072,55.835],[12.695055,55.845],[12.690055,55.85],[12.690052,55.865],[12.680052,55.88],[12.675062,55.895],[12.665,55.905071],[12.66,55.90507],[12.655063,55.91],[12.655054,55.915],[12.645129,55.925],[12.645068,55.96],[12.650066,55.965],[12.650062,56.02],[12.655075,56.025],[12.655169,56.04],[12.645166,56.05],[12.645165,56.055],[12.62,56.065083],[12.61,56.07511],[12.595,56.080109],[12.585,56.090132],[12.57,56.095123],[12.56,56.105128],[12.555,56.105124],[12.53,56.12011],[12.52,56.120109],[12.465,56.150106],[12.455,56.150106],[12.425,56.175103],[12.42,56.175103],[12.41,56.185103],[12.405,56.185103],[12.395,56.195102],[12.39,56.195102],[12.375,56.210103],[12.35,56.215104],[12.345,56.220106],[12.335,56.220106],[12.33,56.225106],[12.32,56.225106],[12.315,56.230107],[12.305,56.230108],[12.3,56.235108],[12.29,56.235109],[12.285,56.24011],[12.275,56.240111],[12.27,56.245113],[12.26,56.245114],[12.255,56.250115],[12.24,56.250116],[12.235,56.255117],[12.225,56.255118],[12.22,56.260121],[12.21,56.260121],[12.205,56.265123],[12.195,56.265124],[12.19,56.270126],[12.18,56.270126],[12.175,56.275128],[12.165,56.275129],[12.16,56.28013],[12.145,56.280131],[12.14,56.285133],[12.13,56.285134],[12.125,56.290135],[12.1,56.295143],[12.085141,56.305],[12.08514,56.315],[12.090141,56.32],[12.090141,56.335],[12.095136,56.34],[12.095135,56.35],[12.100137,56.355],[12.100142,56.365],[12.10514,56.37],[12.105134,56.385],[12.110132,56.39],[12.115126,56.415],[12.120131,56.42],[12.120138,56.435],[12.125141,56.44],[12.125142,56.45],[12.130142,56.455],[12.130132,56.47],[12.135128,56.475],[12.13513,56.485],[12.140135,56.49],[12.140143,56.5],[12.145155,56.505],[12.140151,56.51],[12.140154,56.515],[12.125119,56.53],[12.125111,56.535],[12.110069,56.55],[12.110047,56.555],[12.070106,56.6],[12.070113,56.605],[12.055102,56.62],[12.055106,56.625],[12.040119,56.64],[12.040125,56.645],[12.020136,56.665],[12.020147,56.67],[12.005147,56.685],[12.005148,56.69],[11.965149,56.735],[11.965146,56.74],[11.950192,56.755],[11.950189,56.76],[11.930121,56.78],[11.930137,56.785],[11.91512,56.8],[11.915112,56.805],[11.875139,56.85],[11.875142,56.855],[11.855163,56.875],[11.855116,56.88],[11.840089,56.895],[11.840098,56.9],[11.820128,56.92],[11.820129,56.925],[11.800199,56.945],[11.800215,56.95],[11.780191,56.97],[11.780191,56.975],[11.735197,57.025],[11.73525,57.03],[11.700147,57.07],[11.700143,57.075],[11.680164,57.095],[11.680159,57.1],[11.660179,57.12],[11.660165,57.125],[11.635215,57.15],[11.635248,57.155],[11.620341,57.17],[11.620194,57.175],[11.60012,57.195],[11.600167,57.2],[11.575277,57.225],[11.575282,57.23],[11.53532,57.275],[11.535326,57.28],[11.51532,57.3],[11.515314,57.305],[11.495228,57.325],[11.495268,57.33],[11.470326,57.355],[11.470335,57.36],[11.450273,57.38],[11.450382,57.385],[11.425253,57.41],[11.425247,57.415],[11.40523,57.435],[11.405224,57.44],[11.260223,57.59],[11.260219,57.595],[11.150172,57.705],[11.150173,57.71],[11.130175,57.725],[11.130178,57.73],[11.04,57.820214],[11.035,57.820215],[11.025,57.830227],[11.01,57.835243],[10.985,57.855302],[10.98,57.855309],[10.97,57.865357],[10.955,57.870405],[10.93,57.890486],[10.915,57.895514],[10.89,57.915611],[10.875,57.920633],[10.85,57.940711],[10.835,57.945734],[10.825,57.955764],[10.82,57.955766],[10.795,57.975807],[10.78,57.980809],[10.77,57.990817],[10.765,57.990811],[10.750801,58.0]]}},{"type":"Feature","properties":{"depth":3.0,"source":"DDM 2024 coarse contour","resolution":"0.005 degree sampled grid"},"geometry":{"type":"LineString","coordinates":[[16.2,55.425345],[16.185,55.425348],[16.18,55.430348],[16.165,55.430351],[16.16,55.43535],[16.14,55.435354],[16.135,55.440353],[16.12,55.440356],[16.115,55.445357],[16.1,55.445361],[16.095,55.450361],[16.075,55.450363],[16.07,55.455363],[16.055,55.455365],[16.05,55.460364],[16.03,55.460366],[16.025,55.465365],[16.01,55.465368],[16.005,55.470367],[15.99,55.47037],[15.985,55.475368],[15.965,55.475371],[15.96,55.48037],[15.945,55.480372],[15.94,55.485371],[15.92,55.485374],[15.915,55.490373],[15.9,55.490376],[15.895,55.495375],[15.875,55.495378],[15.87,55.500376],[15.855,55.500378],[15.85,55.505373],[15.835,55.505373],[15.83,55.510366],[15.81,55.510373],[15.805,55.515368],[15.79,55.515368],[15.785,55.520363],[15.77,55.520359],[15.765,55.525354],[15.745,55.525349],[15.74,55.530344],[15.725,55.530342],[15.72,55.535338],[15.705,55.535335],[15.7,55.540332],[15.685,55.540332],[15.68,55.545329],[15.66,55.545328],[15.655,55.550326],[15.64,55.550327],[15.635,55.555324],[15.62,55.555327],[15.615,55.560323],[15.595,55.560326],[15.59,55.56532],[15.575,55.565322],[15.57,55.570317],[15.555,55.570316],[15.55,55.575315],[15.53,55.575315],[15.525,55.580315],[15.51,55.580313],[15.505,55.585313],[15.485,55.585312],[15.48,55.590309],[15.465,55.590309],[15.46,55.595308],[15.445,55.595309],[15.44,55.600305],[15.425,55.600312],[15.42,55.605313],[15.4,55.605312],[15.395,55.610311],[15.38,55.610314],[15.375,55.615313],[15.355,55.615317],[15.35,55.620319],[15.335,55.620317],[15.33,55.625317],[15.315,55.625318],[15.31,55.630318],[15.29,55.63032],[15.285,55.635318],[15.27,55.63532],[15.265,55.640319],[15.245,55.64032],[15.24,55.645319],[15.225,55.64532],[15.22,55.650315],[15.205,55.650315],[15.2,55.65531],[15.185,55.655312],[15.18,55.66031],[15.16,55.660312],[15.155,55.665309],[15.14,55.665307],[15.135,55.670302],[15.115,55.670305],[15.11,55.675302],[15.095,55.675298],[15.09,55.680296],[15.07,55.680286],[15.065,55.685288],[15.05,55.685278],[15.045,55.690276],[15.04,55.69027],[15.03,55.680267],[15.025,55.68025],[15.015,55.670274],[15.01,55.670289],[14.985,55.650312],[14.98,55.650315],[14.97,55.640318],[14.955,55.635333],[14.93,55.615343],[14.925,55.615343],[14.915,55.605346],[14.9,55.600346],[14.875,55.580344],[14.87,55.580343],[14.86,55.570339],[14.855,55.570339],[14.845,55.560334],[14.84,55.560333],[14.83,55.55033],[14.815,55.545326],[14.805,55.535327],[14.8,55.535326],[14.79,55.525295],[14.785,55.525316],[14.775,55.515295],[14.77,55.515298],[14.76,55.50529],[14.755,55.505293],[14.73,55.485302],[14.715,55.480309],[14.705,55.470316],[14.7,55.470318],[14.69,55.460306],[14.685,55.460306],[14.66,55.440312],[14.655,55.440311],[14.645,55.430314],[14.64,55.430315],[14.63,55.420316],[14.625,55.42032],[14.615,55.410324],[14.61,55.410333],[14.585,55.39034],[14.57,55.385312],[14.545,55.365288],[14.54,55.365295],[14.53,55.355288],[14.525,55.355286],[14.515,55.345269],[14.51,55.345284],[14.5,55.335241],[14.495,55.335242],[14.485,55.325217],[14.48,55.325219],[14.47,55.315198],[14.465,55.315201],[14.455,55.305197],[14.45,55.305219],[14.435,55.290194],[14.43,55.290197],[14.415,55.275194],[14.41,55.275199],[14.395,55.260193],[14.39,55.260193],[14.355,55.230194],[14.35,55.230192],[14.34,55.220195],[14.335,55.220195],[14.3,55.190207],[14.295,55.190208],[14.28,55.175208],[14.275,55.175208],[14.26,55.160208],[14.255,55.160208],[14.24,55.145208],[14.235,55.145208],[14.22,55.130209],[14.215,55.130208],[14.2,55.115211],[14.195,55.11521],[14.18,55.100212],[14.175,55.100211],[14.16,55.085212],[14.155,55.085213],[14.14,55.070214],[14.135,55.070214],[14.12,55.055214],[14.115,55.055214],[14.1,55.040214],[14.095,55.040214],[14.08,55.025214],[14.075,55.025213],[14.06,55.010213],[14.055,55.010214],[14.04,54.995213],[14.035,54.995213],[13.994791,54.96],[14.0,54.954792],[14.005,54.954792],[14.025,54.934797],[14.03,54.934798],[14.06,54.904808],[14.065,54.904808],[14.085,54.884816],[14.09,54.884816],[14.12,54.854833],[14.125,54.854834],[14.145,54.834854],[14.15,54.834853],[14.17,54.814871],[14.41,54.814936],[14.414939,54.81],[14.414863,54.66],[14.42,54.654865],[14.445,54.644873],[14.455,54.634868],[14.46,54.634869],[14.465,54.629871],[14.5,54.614882],[14.51,54.604883],[14.515,54.604884],[14.52,54.599887],[14.555,54.584892],[14.565,54.574898],[14.6,54.559904],[14.61,54.549906],[14.625,54.544906],[14.63,54.539907],[14.635,54.539906],[14.6451,54.55],[14.645102,54.555],[14.675175,54.595],[14.67518,54.6],[14.69,54.614801],[14.71,54.6148],[14.715,54.609803],[14.735,54.6098],[14.74,54.604803],[14.76,54.604802],[14.765,54.599804],[14.785,54.599803],[14.79,54.594806],[14.815,54.594803],[14.82,54.589805],[14.85,54.589802],[14.855,54.584803],[14.885,54.5848],[14.89,54.579802],[14.93,54.579796],[14.935,54.574799],[14.985,54.574793],[14.99,54.569796],[15.155,54.569784],[15.16,54.574781],[15.225,54.574779],[15.23,54.579778],[15.255,54.579771],[15.26,54.584767],[15.285,54.584766],[15.29,54.589762],[15.305,54.589762],[15.31,54.594758],[15.32,54.594758],[15.325,54.599753],[15.335,54.599753],[15.34,54.604749],[15.355,54.604749],[15.36,54.609744],[15.37,54.609744],[15.375,54.61474],[15.39,54.614739],[15.395,54.619735],[15.42,54.624731],[15.425,54.629727],[15.435,54.629726],[15.44,54.634725],[15.46,54.634725],[15.465,54.639722],[15.48,54.639723],[15.485,54.64472],[15.505,54.644721],[15.51,54.649718],[15.525,54.649719],[15.53,54.654717],[15.545,54.654717],[15.55,54.659715],[15.57,54.659716],[15.575,54.664713],[15.59,54.664714],[15.595,54.669711],[15.615,54.669712],[15.62,54.67471],[15.635,54.67471],[15.64,54.679708],[15.65,54.679708],[15.655,54.684707],[15.665,54.684708],[15.69,54.704705],[15.695,54.704707],[15.71,54.719704],[15.715,54.719706],[15.725,54.729704],[15.73,54.729705],[15.74,54.739703],[15.745,54.739705],[15.755,54.749703],[15.76,54.749704],[15.79,54.779696],[15.795,54.779699],[15.815,54.799694],[15.820305,54.8],[15.820306,54.805],[15.830309,54.815],[15.830311,54.82],[15.840314,54.83],[15.840316,54.835],[15.870326,54.87],[15.870327,54.875],[15.915335,54.925],[15.915336,54.93],[15.940339,54.955],[15.94034,54.96],[15.970344,54.99],[15.960325,55.005],[15.960309,55.02],[15.955316,55.025],[15.95533,55.045],[15.950337,55.05],[15.950353,55.075],[15.94536,55.08],[15.945372,55.1],[15.940379,55.105],[15.940395,55.135],[15.965398,55.165],[15.965398,55.17],[15.980399,55.185],[15.980399,55.19],[15.9954,55.205],[15.9954,55.21],[16.010402,55.225],[16.010402,55.23],[16.020403,55.24],[16.020405,55.25],[16.025,55.254595],[16.035,55.254601],[16.04,55.259606],[16.06,55.259612],[16.065,55.264618],[16.085,55.264619],[16.09,55.269628],[16.11,55.269628],[16.115,55.274637],[16.13,55.274636],[16.135,55.279645],[16.155,55.279644],[16.16,55.284652],[16.18,55.284651],[16.185,55.289659],[16.2,55.289659]]}},{"type":"Feature","properties":{"depth":3.0,"source":"DDM 2024 coarse contour","resolution":"0.005 degree sampled grid"},"geometry":{"type":"LineString","coordinates":[[11.315645,55.01],[11.32,55.003108],[11.34,54.99],[11.345,54.992174],[11.365,54.987105],[11.373,54.975],[11.372187,54.97],[11.39,54.958171],[11.400625,54.96],[11.401429,54.965],[11.397586,54.97],[11.4,54.972692],[11.434167,54.97],[11.431429,54.975],[11.433462,54.98],[11.43,54.9845],[11.424286,54.985],[11.43,54.985263],[11.44925,54.975],[11.477297,54.95],[11.477333,54.945],[11.485,54.938333],[11.488333,54.93],[11.479167,54.92],[11.5,54.920741],[11.515,54.915],[11.51,54.905],[11.52,54.901667],[11.53,54.9025],[11.535,54.906129],[11.530455,54.9],[11.538333,54.89],[11.6,54.863333],[11.616,54.87],[11.627727,54.885],[11.629,54.89],[11.619722,54.9],[11.62175,54.905],[11.613846,54.92],[11.62,54.920909],[11.645,54.915833],[11.675,54.917031],[11.688929,54.895],[11.702273,54.885],[11.725,54.877714],[11.745,54.88],[11.75,54.870676],[11.753509,54.88],[11.75,54.882941],[11.745,54.88],[11.747846,54.885],[11.74,54.8875],[11.728864,54.905],[11.73,54.911111],[11.744103,54.915],[11.72,54.925909],[11.698846,54.925],[11.687222,54.935],[11.68,54.95],[11.695,54.951038],[11.705,54.957083],[11.725,54.954565],[11.718333,54.96],[11.728095,54.965],[11.72,54.975],[11.725,54.97625],[11.75,54.974375],[11.755,54.968333],[11.775,54.967222],[11.79,54.960833],[11.793,54.965],[11.787273,54.97],[11.790833,54.975],[11.79,54.988333],[11.795,54.98375],[11.8,54.990455],[11.800769,54.985],[11.805,54.982885],[11.81,54.981447],[11.815,54.985],[11.811,54.98],[11.815,54.976716],[11.825,54.979773],[11.83,54.9727],[11.843571,54.97],[11.853889,54.96],[11.86,54.96006],[11.875,54.952083],[11.915,54.950311],[11.93,54.945205],[11.96,54.944969],[11.965,54.940517],[11.975,54.939913],[11.984937,54.93],[11.981494,54.925],[11.99,54.906761],[12.0,54.905206],[12.005,54.900652],[12.015,54.90034],[12.02,54.896146],[12.05,54.89497],[12.055,54.891707],[12.06,54.894979],[12.075,54.89543],[12.09,54.894932],[12.095,54.8908],[12.12,54.88993],[12.124974,54.885],[12.125,54.8775],[12.13,54.8725],[12.136765,54.875],[12.132273,54.87],[12.1592,54.85],[12.160714,54.845],[12.167857,54.84],[12.168553,54.835],[12.16,54.825016],[12.136563,54.82],[12.133889,54.815],[12.135769,54.81],[12.13,54.804],[12.125,54.805002],[12.115,54.795007],[12.08,54.785002],[12.055,54.7612],[12.043636,54.755],[12.02,54.72],[11.985,54.701364],[11.975,54.691087],[11.965,54.665],[11.964999,54.65],[11.966778,54.625],[11.971944,54.605],[11.9704,54.6],[11.974998,54.59],[11.976667,54.575],[11.973085,54.56],[11.975,54.554643],[11.963393,54.56],[11.955,54.560003],[11.948542,54.565],[11.94,54.565007],[11.935,54.570003],[11.923462,54.57],[11.925,54.564167],[11.92,54.559583],[11.895,54.557143],[11.865,54.55913],[11.845,54.563333],[11.835,54.570882],[11.81,54.577609],[11.795,54.577273],[11.77,54.585],[11.767222,54.59],[11.785,54.591613],[11.79,54.585857],[11.805,54.586196],[11.81,54.581719],[11.82,54.58217],[11.825,54.576667],[11.84,54.577642],[11.855,54.572872],[11.87,54.573171],[11.905,54.5825],[11.9125,54.58],[11.915,54.5728],[11.919545,54.59],[11.915,54.599167],[11.892187,54.62],[11.885,54.633077],[11.872,54.64],[11.866333,54.65],[11.86,54.653333],[11.850833,54.65],[11.85,54.645],[11.84375,54.64],[11.847,54.635],[11.84,54.62975],[11.825,54.629737],[11.82,54.635],[11.78,54.639432],[11.779,54.645],[11.755,54.647778],[11.741364,54.645],[11.75,54.638333],[11.755,54.641739],[11.75625,54.635],[11.762143,54.63],[11.74,54.6225],[11.73,54.627292],[11.71,54.628077],[11.7025,54.625],[11.7125,54.62],[11.705,54.613276],[11.684667,54.615],[11.6825,54.61],[11.695,54.602727],[11.725,54.602907],[11.732292,54.6],[11.735,54.59],[11.7375,54.595],[11.745,54.595769],[11.75,54.590625],[11.755625,54.59],[11.745,54.585],[11.74,54.585],[11.735,54.59],[11.715,54.59],[11.71,54.586944],[11.67,54.590469],[11.61,54.5856],[11.56,54.591324],[11.505,54.590006],[11.485,54.595004],[11.430857,54.62],[11.425,54.620009],[11.398333,54.635],[11.39,54.635006],[11.3825,54.64],[11.36,54.645003],[11.35,54.651389],[11.345,54.649828],[11.295,54.685002],[11.29,54.685004],[11.263529,54.7],[11.244,54.705],[11.225,54.705006],[11.2025,54.715],[11.17,54.720007],[11.165,54.725],[11.15,54.725008],[11.138889,54.73],[11.095,54.738889],[11.07,54.740003],[11.060667,54.745],[11.03,54.7508],[11.025,54.755],[11.015,54.755005],[11.003889,54.76],[10.97,54.795001],[10.949,54.81],[10.950278,54.815],[10.945,54.815833],[10.94,54.825],[10.938333,54.82],[10.933125,54.82],[10.932667,54.825],[10.945,54.83871],[10.955,54.835833],[10.96,54.839999],[10.97,54.83999],[10.98,54.833036],[11.0,54.830196],[11.009697,54.835],[11.002222,54.84],[11.002258,54.845],[10.99,54.85625],[10.98,54.864167],[10.973333,54.865],[10.985,54.871458],[10.995,54.863235],[11.0,54.865],[10.997917,54.87],[11.0,54.872273],[11.01,54.87],[11.015,54.874688],[11.02,54.871667],[11.022222,54.875],[11.006136,54.88],[11.005,54.89125],[10.997667,54.895],[11.0,54.9],[11.015,54.904118],[11.013056,54.91],[11.017308,54.915],[11.014545,54.92],[11.03,54.927963],[11.035,54.9375],[11.04,54.9385],[11.05,54.948333],[11.06,54.950345],[11.065,54.9475],[11.075,54.948333],[11.085,54.951],[11.105,54.964375],[11.11,54.959423],[11.115,54.965],[11.13,54.970417],[11.145,54.9675],[11.16,54.975417],[11.17,54.971538],[11.175,54.977917],[11.18,54.970833],[11.185,54.9695],[11.19,54.975],[11.21,54.965833],[11.22,54.9652],[11.225,54.968043],[11.245,54.961932],[11.265,54.964423],[11.269423,54.96],[11.28,54.959138],[11.3,54.949737],[11.31,54.95],[11.306842,54.945],[11.325,54.931429],[11.34,54.93175],[11.361786,54.925],[11.369286,54.915],[11.370909,54.905],[11.376818,54.895],[11.383846,54.89],[11.405,54.885588],[11.41,54.891],[11.42,54.892321],[11.43,54.888171],[11.455,54.885673],[11.453333,54.875],[11.47,54.865],[11.475,54.866429],[11.485,54.857222],[11.4925,54.86],[11.495,54.855],[11.5,54.855],[11.505,54.849615],[11.51,54.851],[11.515,54.846],[11.52,54.850714],[11.525,54.845],[11.54,54.845],[11.54,54.850789],[11.515,54.857],[11.5,54.867143],[11.49,54.875],[11.49,54.880735],[11.47,54.882903],[11.4625,54.9],[11.45,54.903],[11.443333,54.91],[11.442778,54.915],[11.47,54.9305],[11.476667,54.94],[11.435,54.937679],[11.429545,54.935],[11.425,54.926111],[11.42,54.927647],[11.41,54.918947],[11.395,54.911957],[11.39,54.925],[11.37,54.935016],[11.365035,54.94],[11.36,54.954355],[11.355,54.955033],[11.345038,54.965],[11.345,54.969578],[11.335,54.978214],[11.328182,54.99],[11.314079,54.995],[11.304688,55.01],[11.315645,55.01]]}},{"type":"Feature","properties":{"depth":3.0,"source":"DDM 2024 coarse contour","resolution":"0.005 degree sampled grid"},"geometry":{"type":"LineString","coordinates":[[11.63,54.62375],[11.625,54.615833],[11.61,54.614643],[11.6,54.61],[11.617778,54.605],[11.606667,54.6],[11.631111,54.6],[11.625,54.605],[11.6325,54.61],[11.63,54.62375]]}},{"type":"Feature","properties":{"depth":3.0,"source":"DDM 2024 coarse contour","resolution":"0.005 degree sampled grid"},"geometry":{"type":"LineString","coordinates":[[11.595,54.606579],[11.5825,54.605],[11.595,54.602273],[11.595,54.606579]]}},{"type":"Feature","properties":{"depth":3.0,"source":"DDM 2024 coarse contour","resolution":"0.005 degree sampled grid"},"geometry":{"type":"LineString","coordinates":[[11.783,54.63],[11.7675,54.63],[11.77,54.632222],[11.783,54.63]]}},{"type":"Feature","properties":{"depth":3.0,"source":"DDM 2024 coarse contour","resolution":"0.005 degree sampled grid"},"geometry":{"type":"LineString","coordinates":[[11.63,54.644444],[11.614688,54.64],[11.62,54.64],[11.625,54.635],[11.63,54.636364],[11.632222,54.64],[11.63,54.644444]]}},{"type":"Feature","properties":{"depth":3.0,"source":"DDM 2024 coarse contour","resolution":"0.005 degree sampled grid"},"geometry":{"type":"LineString","coordinates":[[11.69,54.660003],[11.687273,54.66],[11.687857,54.655],[11.685,54.6525],[11.677813,54.65],[11.68,54.645],[11.6725,54.645],[11.675,54.64],[11.68,54.638125],[11.682045,54.64],[11.68,54.645],[11.685,54.6425],[11.69,54.6446],[11.698333,54.655],[11.69,54.660003]]}},{"type":"Feature","properties":{"depth":3.0,"source":"DDM 2024 coarse contour","resolution":"0.005 degree sampled grid"},"geometry":{"type":"LineString","coordinates":[[10.1906,55.645],[10.194997,55.64],[10.193684,55.635],[10.182763,55.62],[10.19,55.616],[10.211,55.615],[10.22,55.608649],[10.242742,55.615],[10.234737,55.625],[10.24,55.632],[10.29,55.63061],[10.32,55.624998],[10.369,55.605],[10.42,55.593158],[10.464091,55.565],[10.47,55.564993],[10.535,55.538036],[10.555,55.524986],[10.559937,55.52],[10.559993,55.515],[10.555,55.510019],[10.535,55.5075],[10.53,55.503],[10.525,55.508077],[10.516786,55.505],[10.548256,55.485],[10.538167,55.48],[10.55,55.479961],[10.55375,55.485],[10.546563,55.495],[10.55,55.499783],[10.56,55.488571],[10.57,55.493913],[10.58,55.489091],[10.6,55.488625],[10.614286,55.495],[10.607187,55.5],[10.606552,55.505],[10.591458,55.51],[10.58,55.510006],[10.57,55.515015],[10.565,55.519875],[10.565007,55.525],[10.58,55.53496],[10.595,55.534964],[10.61,55.521923],[10.622581,55.52],[10.6235,55.525],[10.615009,55.53],[10.6115,55.55],[10.601528,55.56],[10.6,55.57],[10.595008,55.575],[10.595007,55.59],[10.607436,55.6],[10.585012,55.615],[10.59,55.622364],[10.602857,55.62],[10.62,55.624737],[10.637162,55.605],[10.652321,55.595],[10.66,55.581944],[10.675,55.570455],[10.69,55.55],[10.695,55.549985],[10.707368,55.54],[10.709516,55.525],[10.72,55.511892],[10.735,55.502917],[10.75,55.487368],[10.750612,55.48],[10.735,55.470018],[10.71,55.473361],[10.69,55.46501],[10.675,55.462951],[10.67,55.458],[10.670357,55.45],[10.715,55.420893],[10.725,55.419993],[10.745,55.40125],[10.765,55.3925],[10.778654,55.375],[10.797381,55.36],[10.8,55.3525],[10.814318,55.335],[10.815,55.319839],[10.83,55.312414],[10.835,55.306154],[10.85,55.304985],[10.854987,55.3],[10.854993,55.29],[10.85,55.285009],[10.825,55.284766],[10.82,55.293261],[10.815,55.29125],[10.805,55.30001],[10.790238,55.3],[10.78575,55.295],[10.796667,55.285],[10.795,55.280263],[10.789997,55.28],[10.795,55.271316],[10.8,55.2775],[10.810764,55.28],[10.801765,55.27],[10.815571,55.255],[10.810588,55.25],[10.816176,55.245],[10.81,55.247143],[10.809996,55.24],[10.821091,55.23],[10.812308,55.22],[10.815758,55.2],[10.81,55.190667],[10.811429,55.18],[10.795,55.161563],[10.776607,55.105],[10.761875,55.095],[10.758846,55.085],[10.745,55.068687],[10.74,55.065022],[10.715857,55.06],[10.713085,55.05],[10.726667,55.03],[10.725,55.028235],[10.687308,55.03],[10.68,55.025037],[10.67,55.025029],[10.665029,55.03],[10.665,55.039538],[10.660164,55.035],[10.664643,55.025],[10.654808,55.02],[10.655,55.012143],[10.648214,55.01],[10.645,55.005],[10.65,54.998],[10.638548,54.995],[10.637,54.99],[10.64,54.988],[10.65,54.985455],[10.675,54.999999],[10.69,54.999999],[10.6975,54.995],[10.693286,54.985],[10.695,54.978],[10.707647,54.97],[10.71,54.965],[10.715,54.975],[10.7225,54.975],[10.720556,54.97],[10.725,54.968788],[10.755,54.976918],[10.77,54.984998],[10.79,54.985],[10.809672,55.0],[10.809565,55.005],[10.817738,55.01],[10.824091,55.02],[10.8225,55.025],[10.825769,55.03],[10.83,55.033929],[10.84,55.035],[10.85814,55.06],[10.859643,55.07],[10.869792,55.09],[10.863667,55.095],[10.869444,55.105],[10.876912,55.11],[10.878864,55.12],[10.874,55.125],[10.879091,55.13],[10.875,55.135],[10.88,55.134444],[10.880321,55.12],[10.885,55.116456],[10.899299,55.13],[10.900017,55.14],[10.925,55.157222],[10.939167,55.175],[10.95,55.17],[10.958824,55.16],[10.961316,55.15],[10.950294,55.13],[10.94499,55.105],[10.94,55.096429],[10.939991,55.085],[10.93225,55.075],[10.919998,55.045],[10.907222,55.025],[10.907841,55.02],[10.9,55.00963],[10.897381,55.0],[10.899524,54.995],[10.863611,54.97],[10.84,54.942381],[10.839991,54.935],[10.832812,54.93],[10.835,54.916667],[10.815,54.878289],[10.788,54.845],[10.778378,54.82],[10.764219,54.795],[10.754999,54.785],[10.74999,54.765],[10.739994,54.75],[10.739997,54.745],[10.725,54.730008],[10.7,54.720012],[10.685,54.720017],[10.665006,54.74],[10.663824,54.75],[10.673143,54.755],[10.669687,54.765],[10.655011,54.78],[10.658605,54.79],[10.65,54.804375],[10.62,54.823769],[10.605,54.82502],[10.595,54.837442],[10.589444,54.835],[10.591563,54.84],[10.585833,54.845],[10.57,54.850937],[10.54,54.848462],[10.53,54.841974],[10.52,54.840013],[10.463,54.84],[10.44,54.830002],[10.439994,54.825],[10.43,54.815008],[10.415,54.815009],[10.389688,54.83],[10.37,54.835012],[10.34,54.85501],[10.32,54.875],[10.315,54.875015],[10.3,54.883896],[10.29,54.885026],[10.259636,54.91],[10.255,54.910025],[10.242667,54.92],[10.2379,54.94],[10.224508,54.95],[10.21,54.955047],[10.200016,54.97],[10.205,54.974982],[10.21,54.974983],[10.223276,54.97],[10.226386,54.96],[10.25,54.949947],[10.255,54.944993],[10.28,54.94497],[10.285,54.940442],[10.29,54.940413],[10.3,54.930745],[10.328676,54.915],[10.34,54.899994],[10.36,54.899957],[10.375,54.888021],[10.4,54.899996],[10.402234,54.905],[10.385588,54.915],[10.4,54.914946],[10.42,54.901139],[10.425,54.904981],[10.429991,54.9],[10.425,54.892308],[10.415,54.899286],[10.415556,54.89],[10.435,54.884993],[10.445,54.878235],[10.459167,54.885],[10.45,54.885006],[10.445012,54.89],[10.445,54.8975],[10.46,54.897903],[10.465,54.9],[10.466389,54.905],[10.464375,54.91],[10.45,54.92],[10.465,54.933333],[10.485,54.929792],[10.49,54.92584],[10.494291,54.93],[10.489648,54.935],[10.492222,54.945],[10.465,54.965],[10.46,54.973357],[10.455,54.968621],[10.44,54.967143],[10.435,54.961731],[10.425,54.960004],[10.415,54.960042],[10.41,54.965006],[10.39,54.973235],[10.365,54.970002],[10.360001,54.975],[10.3625,54.98],[10.375556,54.985],[10.375,54.99],[10.36,54.993667],[10.359167,55.0],[10.38,54.996667],[10.38,55.000357],[10.365,55.0],[10.372407,55.015],[10.38,55.016812],[10.405,54.99],[10.4125,54.99],[10.405,54.99],[10.41,54.997],[10.415,54.992222],[10.42,54.993214],[10.425,54.999375],[10.432976,54.995],[10.431154,54.99],[10.435,54.985833],[10.447895,54.985],[10.445909,54.98],[10.45,54.977],[10.47,54.99],[10.475,54.98625],[10.477143,54.99],[10.47,54.99],[10.466935,54.995],[10.46,54.995013],[10.451154,55.0],[10.445,55.008667],[10.4325,55.01],[10.44,55.01],[10.46125,55.02],[10.475,55.020817],[10.470625,55.015],[10.485,55.012283],[10.496667,55.005],[10.497885,55.0],[10.481667,54.99],[10.485,54.983],[10.495,54.98],[10.51,54.983421],[10.512826,54.98],[10.51,54.975],[10.515,54.970405],[10.53,54.967763],[10.531932,54.97],[10.525,54.971875],[10.518125,54.98],[10.520862,54.995],[10.510016,55.005],[10.52,55.014965],[10.53,55.011863],[10.54,55.01999],[10.555833,55.025],[10.555556,55.03],[10.56481,55.035],[10.546622,55.035],[10.54,55.030049],[10.526986,55.03],[10.52,55.025054],[10.5,55.025059],[10.475,55.040017],[10.426786,55.04],[10.415,55.035032],[10.41,55.039844],[10.39,55.044167],[10.387093,55.04],[10.38,55.039717],[10.373478,55.045],[10.37,55.054286],[10.36,55.045968],[10.355,55.047544],[10.345862,55.04],[10.325,55.034472],[10.319375,55.04],[10.33,55.048947],[10.335741,55.05],[10.32,55.05],[10.314492,55.055],[10.318786,55.06],[10.305,55.060047],[10.285,55.073652],[10.275714,55.065],[10.2752,55.055],[10.28,55.04951],[10.275,55.054792],[10.26,55.050071],[10.245,55.060008],[10.24,55.060056],[10.230056,55.07],[10.23,55.074222],[10.217295,55.07],[10.2225,55.065],[10.22,55.06125],[10.2,55.059631],[10.195,55.06891],[10.185,55.075025],[10.165,55.075063],[10.158182,55.08],[10.135,55.08504],[10.13,55.089454],[10.11,55.080049],[10.095,55.07941],[10.09,55.075071],[10.075,55.075002],[10.070008,55.08],[10.070009,55.09],[10.078704,55.1],[10.08,55.106739],[10.095,55.112812],[10.097045,55.11],[10.105,55.109993],[10.108387,55.115],[10.105769,55.125],[10.115,55.126016],[10.119113,55.13],[10.11,55.133535],[10.105,55.13004],[10.09,55.132105],[10.059545,55.13],[10.07,55.13119],[10.075,55.136875],[10.09,55.137895],[10.115,55.150066],[10.125,55.151744],[10.1298,55.16],[10.125006,55.17],[10.11,55.178095],[10.095,55.173272],[10.035,55.176979],[10.03,55.173125],[10.025,55.177187],[10.01,55.173033],[10.00625,55.175],[10.014156,55.185],[10.015,55.193095],[10.002571,55.195],[10.007935,55.19],[9.996901,55.175],[9.998452,55.17],[10.02,55.16025],[10.050833,55.13],[10.03,55.120004],[10.005,55.120045],[9.998295,55.125],[9.985,55.12502],[9.975008,55.135],[9.983514,55.14],[9.987234,55.15],[9.978214,55.165],[9.983942,55.205],[9.98,55.209409],[9.970172,55.215],[9.93,55.21504],[9.915,55.23001],[9.906481,55.235],[9.895,55.236],[9.89,55.243485],[9.885,55.238065],[9.88,55.2386],[9.86,55.249677],[9.845,55.25],[9.845,55.255],[9.865,55.256176],[9.88,55.254989],[9.89,55.246515],[9.8946,55.25],[9.895001,55.255],[9.885,55.255011],[9.869744,55.275],[9.87,55.280313],[9.885,55.271707],[9.885003,55.29],[9.889492,55.31],[9.870781,55.335],[9.870001,55.345],[9.865,55.3477],[9.825,55.350045],[9.82,55.354306],[9.805,55.355051],[9.8,55.359672],[9.79,55.360012],[9.781282,55.365],[9.782917,55.375],[9.79,55.379991],[9.816552,55.38],[9.835,55.386321],[9.838095,55.39],[9.82,55.395],[9.820227,55.4],[9.815,55.405],[9.8,55.405006],[9.778571,55.41],[9.785,55.410577],[9.795,55.419965],[9.815,55.415522],[9.825,55.42],[9.795952,55.43],[9.745,55.432041],[9.73875,55.435],[9.736719,55.44],[9.742805,55.445],[9.73,55.449867],[9.715053,55.47],[9.72,55.474927],[9.725,55.475031],[9.728,55.47],[9.775,55.44875],[9.795,55.442456],[9.802614,55.445],[9.793469,55.45],[9.785,55.450018],[9.772453,55.46],[9.778542,55.465],[9.755,55.465028],[9.735,55.475046],[9.725,55.490043],[9.705,55.490096],[9.715,55.489924],[9.719964,55.485],[9.71992,55.48],[9.715,55.475052],[9.705,55.47434],[9.7,55.470148],[9.695,55.470144],[9.675045,55.49],[9.675,55.500485],[9.69,55.499921],[9.695,55.494992],[9.700103,55.495],[9.675054,55.51],[9.675024,55.515],[9.68,55.519942],[9.7,55.519835],[9.705317,55.515],[9.715,55.514876],[9.720582,55.51],[9.75,55.509979],[9.755019,55.515],[9.755043,55.52],[9.765,55.526022],[9.765028,55.535],[9.760031,55.54],[9.765,55.544995],[9.785,55.545897],[9.8,55.554928],[9.83,55.558152],[9.853667,55.55],[9.852959,55.525],[9.865,55.516859],[9.905,55.51375],[9.941724,55.515],[9.985,55.537143],[9.994167,55.545],[10.015,55.550968],[10.019464,55.555],[10.017,55.56],[10.018667,55.565],[10.025,55.569722],[10.055,55.570769],[10.07,55.577708],[10.075,55.572826],[10.08,55.572667],[10.085781,55.575],[10.084286,55.58],[10.099444,55.595],[10.11,55.593],[10.125,55.599167],[10.122222,55.605],[10.125,55.609167],[10.135,55.59775],[10.1386,55.6],[10.141875,55.61],[10.16,55.614545],[10.175,55.61431],[10.1758,55.62],[10.1846,55.625],[10.17,55.630011],[10.160005,55.64],[10.16,55.649167],[10.175,55.649992],[10.1906,55.645]]}},{"type":"Feature","properties":{"depth":3.0,"source":"DDM 2024 coarse contour","resolution":"0.005 degree sampled grid"},"geometry":{"type":"LineString","coordinates":[[11.785,54.820021],[11.78499,54.81],[11.787763,54.81],[11.788839,54.82],[11.785,54.820021]]}},{"type":"Feature","properties":{"depth":3.0,"source":"DDM 2024 coarse contour","resolution":"0.005 degree sampled grid"},"geometry":{"type":"LineString","coordinates":[[11.025,54.827708],[11.02,54.825],[11.023824,54.82],[11.03,54.81875],[11.029063,54.825],[11.025,54.827708]]}},{"type":"Feature","properties":{"depth":3.0,"source":"DDM 2024 coarse contour","resolution":"0.005 degree sampled grid"},"geometry":{"type":"LineString","coordinates":[[9.44,54.834809],[9.435,54.830034],[9.424982,54.83],[9.44,54.829938],[9.44,54.834809]]}},{"type":"Feature","properties":{"depth":3.0,"source":"DDM 2024 coarse contour","resolution":"0.005 degree sampled grid"},"geometry":{"type":"LineString","coordinates":[[9.56,54.875051],[9.535,54.877407],[9.525,54.875012],[9.52,54.87001],[9.51,54.870005],[9.5025,54.86],[9.48,54.845011],[9.465,54.840001],[9.46,54.835057],[9.440424,54.835],[9.47,54.83493],[9.475,54.839963],[9.49,54.839938],[9.495,54.844965],[9.5,54.844953],[9.505,54.849971],[9.51,54.849966],[9.515,54.854974],[9.52,54.854956],[9.525,54.859967],[9.56,54.875051]]}},{"type":"Feature","properties":{"depth":3.0,"source":"DDM 2024 coarse contour","resolution":"0.005 degree sampled grid"},"geometry":{"type":"LineString","coordinates":[[10.675,54.933077],[10.67,54.92881],[10.665,54.929333],[10.65,54.916364],[10.635,54.908333],[10.631667,54.905],[10.63375,54.9],[10.615,54.885536],[10.605,54.885],[10.595,54.891346],[10.57,54.892222],[10.545,54.885],[10.548846,54.89],[10.542143,54.895],[10.543542,54.9],[10.535,54.9],[10.525,54.895],[10.527,54.9],[10.525,54.902],[10.525,54.895],[10.52,54.897353],[10.499286,54.895],[10.51,54.894048],[10.52,54.885],[10.515,54.880714],[10.501429,54.88],[10.518529,54.865],[10.525,54.865],[10.526712,54.855],[10.533478,54.855],[10.535,54.867727],[10.545,54.864231],[10.55,54.868],[10.555,54.8644],[10.56,54.869167],[10.596667,54.86],[10.615,54.84],[10.62,54.851607],[10.625,54.851923],[10.635,54.844],[10.65,54.846],[10.6605,54.855],[10.664286,54.885],[10.675,54.888393],[10.685,54.8865],[10.69087,54.89],[10.69,54.895],[10.685,54.891522],[10.675,54.891452],[10.667419,54.895],[10.671944,54.915],[10.680238,54.925],[10.679444,54.93],[10.675,54.933077]]}},{"type":"Feature","properties":{"depth":3.0,"source":"DDM 2024 coarse contour","resolution":"0.005 degree sampled grid"},"geometry":{"type":"LineString","coordinates":[[11.745,54.868033],[11.741932,54.86],[11.745,54.851746],[11.755,54.846765],[11.76375,54.85],[11.75075,54.855],[11.749625,54.865],[11.745,54.868033]]}},{"type":"Feature","properties":{"depth":3.0,"source":"DDM 2024 coarse contour","resolution":"0.005 degree sampled grid"},"geometry":{"type":"LineString","coordinates":[[12.226042,54.86],[12.215,54.852576],[12.195,54.852308],[12.18,54.855],[12.177222,54.86],[12.2,54.861455],[12.21,54.856957],[12.215,54.865],[12.226042,54.86]]}},{"type":"Feature","properties":{"depth":3.0,"source":"DDM 2024 coarse contour","resolution":"0.005 degree sampled grid"},"geometry":{"type":"LineString","coordinates":[[12.313333,56.13],[12.3275,56.125],[12.345,56.12498],[12.385,56.105357],[12.405,56.104988],[12.413333,56.1],[12.435,56.09569],[12.455,56.099988],[12.464615,56.095],[12.5,56.094967],[12.505,56.09085],[12.52,56.08997],[12.525,56.085422],[12.535,56.08498],[12.565,56.069993],[12.575,56.061848],[12.595,56.054983],[12.608235,56.045],[12.615,56.047667],[12.624982,56.04],[12.59,56.005018],[12.582614,56.005],[12.57,55.995015],[12.565,55.995],[12.555833,55.985],[12.545,55.967927],[12.539997,55.95],[12.532083,55.94],[12.539,55.93],[12.537667,55.925],[12.535,55.923095],[12.53,55.927115],[12.528194,55.92],[12.54,55.900577],[12.5475,55.895],[12.557451,55.875],[12.572111,55.855],[12.579974,55.85],[12.576765,55.845],[12.581957,55.815],[12.597,55.79],[12.595556,55.775],[12.60125,55.765],[12.59875,55.75],[12.588421,55.74],[12.590937,55.72],[12.6,55.719991],[12.605,55.72681],[12.62,55.724993],[12.625,55.729986],[12.63,55.72998],[12.634955,55.725],[12.634956,55.72],[12.63,55.715044],[12.625,55.715034],[12.62,55.710025],[12.61,55.710004],[12.606042,55.7],[12.625,55.699972],[12.630231,55.695],[12.630598,55.69],[12.635,55.689949],[12.639938,55.685],[12.64,55.679971],[12.645,55.679941],[12.649975,55.675],[12.645,55.670008],[12.638793,55.67],[12.645,55.659483],[12.65,55.659996],[12.655,55.655],[12.65,55.65],[12.67,55.64125],[12.669444,55.635],[12.683167,55.63],[12.684974,55.615],[12.679997,55.61],[12.682917,55.605],[12.682843,55.59],[12.675,55.571579],[12.665,55.568214],[12.655,55.570714],[12.63,55.561538],[12.62875,55.555],[12.595,55.54],[12.59,55.543125],[12.565,55.542857],[12.55,55.548333],[12.545,55.544828],[12.55,55.555],[12.5425,55.57],[12.535,55.570003],[12.525,55.575005],[12.511538,55.59],[12.51,55.599783],[12.5,55.592],[12.485,55.597308],[12.47,55.595],[12.463333,55.6],[12.45,55.600003],[12.435,55.6064],[12.41,55.608333],[12.405,55.601111],[12.37,55.587917],[12.303611,55.575],[12.293214,55.57],[12.29,55.563824],[12.263,55.555],[12.25,55.546625],[12.23,55.524167],[12.229167,55.51],[12.22,55.4975],[12.21625,55.485],[12.202187,55.475],[12.214979,55.46],[12.21,55.455023],[12.205,55.460015],[12.2,55.451],[12.229167,55.435],[12.227,55.43],[12.25,55.420952],[12.26,55.420238],[12.29925,55.405],[12.36,55.401892],[12.38,55.395385],[12.415,55.374995],[12.454211,55.345],[12.45,55.340789],[12.455429,55.33],[12.45,55.32125],[12.45,55.30225],[12.455877,55.295],[12.454995,55.285],[12.445,55.275011],[12.43,55.270008],[12.41,55.255034],[12.4,55.255006],[12.395,55.250026],[12.385,55.253841],[12.38,55.250022],[12.366122,55.25],[12.36,55.2354],[12.26,55.233684],[12.245,55.231053],[12.23,55.220417],[12.215,55.2225],[12.205,55.216786],[12.195,55.218437],[12.16,55.208889],[12.135,55.1875],[12.115,55.179375],[12.11,55.165],[12.112239,55.15],[12.115,55.142453],[12.125,55.137692],[12.14,55.149333],[12.145,55.149],[12.149,55.145],[12.140333,55.135],[12.145,55.133056],[12.178333,55.135],[12.176071,55.145],[12.156071,55.16],[12.148611,55.17],[12.15,55.172778],[12.16,55.171154],[12.17,55.165],[12.16625,55.16],[12.185,55.1565],[12.2,55.147727],[12.205714,55.14],[12.23,55.133542],[12.25,55.122],[12.2675,55.12],[12.264286,55.115],[12.276,55.105],[12.2755,55.1],[12.285,55.09],[12.29,55.09],[12.295625,55.085],[12.293,55.08],[12.298333,55.075],[12.291364,55.06],[12.283571,55.055],[12.28375,55.045],[12.3035,55.035],[12.335,55.030833],[12.4,55.029991],[12.4155,55.025],[12.435,55.027315],[12.47,55.024971],[12.475937,55.02],[12.52,55.011117],[12.542857,54.99],[12.556724,54.965],[12.553571,54.955],[12.541625,54.945],[12.53,54.940021],[12.505,54.940021],[12.5,54.943722],[12.485,54.945022],[12.454063,54.955],[12.44,54.955027],[12.43,54.959537],[12.39,54.960018],[12.375,54.963404],[12.344,54.96],[12.335,54.955008],[12.323889,54.955],[12.280625,54.935],[12.265,54.920007],[12.245,54.909865],[12.23,54.892121],[12.21,54.880002],[12.172222,54.875],[12.195,54.87],[12.175,54.867738],[12.1704,54.865],[12.17,54.856],[12.165,54.86],[12.174167,54.87],[12.17,54.874612],[12.155,54.879903],[12.14,54.880074],[12.123608,54.895],[12.1,54.90371],[12.085,54.906429],[12.07,54.905047],[12.065,54.908738],[12.01,54.915023],[11.990125,54.93],[11.99,54.939807],[11.98,54.949444],[11.974474,54.95],[11.97,54.954928],[11.963333,54.955],[11.965,54.96],[11.97,54.955455],[11.975,54.958],[11.98,54.955714],[11.985,54.959975],[11.995,54.959961],[12.0,54.955889],[12.013312,54.965],[11.995,54.9655],[11.993732,54.97],[11.99,54.970026],[11.985726,54.97],[11.985,54.965],[11.97625,54.965],[11.9675,54.97],[11.96,54.98],[11.95,54.98],[11.945,54.984565],[11.94,54.983611],[11.93,54.988061],[11.915,54.98],[11.92,54.975],[11.93,54.98],[11.945,54.975227],[11.95,54.98],[11.9452,54.975],[11.955,54.966667],[11.955,54.9625],[11.945,54.969],[11.94,54.966],[11.935,54.974911],[11.93,54.974808],[11.925,54.969286],[11.92,54.975],[11.9,54.974214],[11.887984,54.98],[11.88,54.97918],[11.877917,54.98],[11.88,54.985011],[11.862333,54.995],[11.875,54.999989],[11.885,55.000007],[11.875,55.000011],[11.852308,55.01],[11.819286,55.025],[11.806111,55.035],[11.785,55.040008],[11.78,55.044],[11.73,55.050806],[11.725667,55.055],[11.715,55.055019],[11.71,55.059554],[11.61,55.082308],[11.607083,55.085],[11.61,55.086944],[11.64,55.086321],[11.65,55.081579],[11.675,55.076984],[11.69,55.080865],[11.692143,55.08],[11.687742,55.075],[11.715,55.071744],[11.728235,55.08],[11.705,55.083923],[11.694,55.09],[11.694667,55.095],[11.69,55.1],[11.7,55.1],[11.71,55.092564],[11.713958,55.095],[11.712931,55.1],[11.719333,55.105],[11.72,55.11],[11.71,55.122143],[11.705,55.137],[11.685,55.153421],[11.671667,55.16],[11.66,55.160008],[11.63,55.18],[11.62,55.177727],[11.605,55.18],[11.6025,55.185],[11.575,55.185024],[11.57,55.189286],[11.535,55.190002],[11.526842,55.195],[11.515,55.190588],[11.5,55.195005],[11.495,55.18375],[11.486667,55.185],[11.488919,55.19],[11.485,55.194677],[11.48,55.190014],[11.465,55.185006],[11.435,55.182368],[11.395,55.187262],[11.385,55.181552],[11.36,55.179773],[11.29,55.190167],[11.275,55.1975],[11.255,55.20007],[11.224722,55.225],[11.23,55.23],[11.229444,55.235],[11.227917,55.24],[11.22,55.246],[11.23,55.253],[11.240005,55.255],[11.24,55.266818],[11.2225,55.275],[11.235,55.277143],[11.232593,55.285],[11.223222,55.29],[11.21,55.290022],[11.195,55.299922],[11.17,55.305009],[11.145682,55.32],[11.125,55.3225],[11.121774,55.325],[11.13,55.335026],[11.12,55.335012],[11.108641,55.345],[11.095,55.345013],[11.090013,55.35],[11.11,55.372292],[11.15,55.370139],[11.175,55.382119],[11.193182,55.385],[11.21,55.392826],[11.21,55.400323],[11.2,55.410003],[11.187143,55.415],[11.185,55.42],[11.199706,55.44],[11.2,55.445208],[11.172813,55.475],[11.17,55.496915],[11.127857,55.52],[11.123947,55.52],[11.115,55.51001],[11.095,55.509091],[11.077571,55.515],[11.080011,55.525],[11.09,55.538462],[11.141944,55.54],[11.145,55.542444],[11.154643,55.56],[11.147212,55.585],[11.122692,55.615],[11.095,55.625008],[11.089091,55.63],[11.08,55.630006],[11.075,55.635],[11.065,55.635012],[11.059583,55.64],[11.05,55.640011],[11.045,55.645002],[11.0308,55.65],[11.01,55.650024],[10.993889,55.655],[10.945,55.655015],[10.93,55.663571],[10.928571,55.67],[10.935,55.6775],[10.94,55.677778],[10.96,55.674972],[10.970385,55.67],[11.035,55.669962],[11.04,55.666262],[11.055,55.664977],[11.075,55.664977],[11.08,55.669995],[11.085,55.665],[11.093636,55.665],[11.085,55.674815],[11.075,55.671375],[11.05,55.684756],[11.04,55.686667],[11.02,55.700007],[11.015,55.700012],[10.987381,55.725],[10.905,55.725033],[10.9,55.730003],[10.89,55.730023],[10.875,55.74],[10.88,55.744998],[10.8972,55.745],[10.905,55.749986],[10.916739,55.75],[10.93,55.75498],[10.935,55.751442],[10.945,55.754984],[10.95,55.752266],[10.99,55.749979],[10.997273,55.745],[11.03,55.739987],[11.039194,55.735],[11.060714,55.735],[11.075,55.739983],[11.092826,55.74],[11.125,55.75499],[11.15,55.758077],[11.16,55.755],[11.175,55.759993],[11.2,55.742377],[11.22,55.751667],[11.25,55.736389],[11.2725,55.735],[11.283111,55.74],[11.288077,55.75],[11.280008,55.755],[11.289167,55.76],[11.29125,55.765],[11.290007,55.775],[11.285,55.77501],[11.280012,55.78],[11.28,55.7848],[11.275014,55.79],[11.285,55.799937],[11.29999,55.79],[11.297596,55.785],[11.305,55.778611],[11.308023,55.77],[11.325,55.757358],[11.35,55.76],[11.36,55.77],[11.365,55.781],[11.373333,55.785],[11.3745,55.825],[11.370013,55.83],[11.37,55.835002],[11.36,55.840526],[11.355,55.838413],[11.349792,55.845],[11.355,55.842778],[11.365,55.847258],[11.39,55.839048],[11.416,55.84],[11.45,55.850968],[11.47125,55.85],[11.495,55.854722],[11.505,55.859999],[11.506,55.865],[11.515,55.870789],[11.520484,55.885],[11.5155,55.9],[11.52,55.903],[11.523704,55.915],[11.515,55.929559],[11.475,55.940862],[11.470385,55.945],[11.445,55.947273],[11.44,55.945013],[11.435,55.947583],[11.425,55.945015],[11.412143,55.95],[11.375,55.950016],[11.343649,55.965],[11.3,55.970018],[11.29,55.977692],[11.281379,55.99],[11.280002,56.0],[11.271774,56.015],[11.275,56.017083],[11.29,56.001901],[11.295,56.000946],[11.297553,55.995],[11.306622,55.99],[11.315,55.989969],[11.325357,55.985],[11.34,55.984974],[11.362333,55.975],[11.375,55.97498],[11.38,55.969998],[11.4,55.969979],[11.410122,55.965],[11.48,55.964985],[11.487458,55.96],[11.5,55.959972],[11.510385,55.955],[11.55,55.955068],[11.56,55.959972],[11.572258,55.96],[11.58,55.964974],[11.59,55.96499],[11.609107,55.95],[11.64,55.941429],[11.675,55.949997],[11.699091,55.95],[11.72,55.9575],[11.74,55.969996],[11.748143,55.97],[11.755,55.974991],[11.766613,55.975],[11.775,55.979997],[11.785,55.977778],[11.795,55.969],[11.8,55.953],[11.805,55.950566],[11.81,55.956667],[11.815714,55.95],[11.813214,55.945],[11.815,55.93],[11.82,55.9375],[11.825676,55.93],[11.805,55.929706],[11.8,55.933289],[11.773214,55.935],[11.78,55.940932],[11.79,55.943125],[11.795,55.94101],[11.799341,55.945],[11.795,55.949031],[11.79,55.945004],[11.785,55.950003],[11.777143,55.95],[11.75875,55.93],[11.755,55.92],[11.754984,55.905],[11.75,55.900021],[11.725,55.895012],[11.701154,55.905],[11.700263,55.91],[11.695,55.904167],[11.68,55.910735],[11.675,55.910003],[11.67,55.896667],[11.674643,55.885],[11.678415,55.88],[11.69,55.878846],[11.691724,55.875],[11.710294,55.865],[11.714999,55.855],[11.734989,55.835],[11.734993,55.82],[11.715,55.80503],[11.685,55.811667],[11.675,55.810526],[11.67,55.813889],[11.666667,55.81],[11.675,55.808],[11.685278,55.8],[11.655,55.796429],[11.618171,55.78],[11.625,55.77499],[11.655,55.776915],[11.675,55.7825],[11.685,55.789978],[11.695,55.790566],[11.7,55.796221],[11.718824,55.795],[11.73,55.79999],[11.74,55.798913],[11.754355,55.775],[11.765,55.7708],[11.7695,55.775],[11.77,55.786897],[11.786613,55.79],[11.795,55.800161],[11.805,55.801064],[11.806923,55.8],[11.803043,55.795],[11.81,55.79],[11.815,55.791964],[11.817237,55.795],[11.812963,55.8],[11.817642,55.81],[11.835,55.81625],[11.852826,55.79],[11.851,55.77],[11.838333,55.755],[11.842778,55.75],[11.84,55.741857],[11.835,55.740011],[11.825,55.745937],[11.82,55.745645],[11.822895,55.735],[11.81,55.734035],[11.793136,55.745],[11.791667,55.75],[11.796304,55.755],[11.78,55.758778],[11.77,55.77432],[11.759565,55.76],[11.765,55.757976],[11.772976,55.745],[11.7625,55.74],[11.78,55.733111],[11.79498,55.715],[11.796111,55.705],[11.805,55.702019],[11.813,55.69],[11.814994,55.685],[11.809999,55.68],[11.809986,55.675],[11.805,55.670005],[11.798214,55.67],[11.805,55.668281],[11.810007,55.67],[11.810014,55.675],[11.815,55.679991],[11.819737,55.68],[11.825007,55.685],[11.825014,55.69],[11.83,55.696304],[11.835,55.69141],[11.835019,55.705],[11.853657,55.73],[11.86,55.734986],[11.868605,55.735],[11.855,55.735024],[11.850019,55.74],[11.855004,55.75],[11.85,55.750013],[11.845012,55.755],[11.855004,55.765],[11.86,55.789737],[11.850009,55.805],[11.852941,55.81],[11.849286,55.82],[11.86,55.815909],[11.875,55.803372],[11.875025,55.81],[11.885,55.819988],[11.906429,55.82],[11.915,55.823085],[11.92,55.82125],[11.925,55.827875],[11.93,55.824687],[11.942065,55.835],[11.948929,55.85],[11.945,55.866512],[11.935,55.869182],[11.928514,55.875],[11.918861,55.89],[11.922705,55.895],[11.91,55.908],[11.9,55.912879],[11.891515,55.91],[11.89,55.905455],[11.885,55.907667],[11.8845,55.92],[11.9,55.935808],[11.909041,55.94],[11.905,55.943352],[11.89,55.939156],[11.862714,55.94],[11.85,55.937262],[11.84,55.9295],[11.834848,55.93],[11.835,55.940714],[11.845,55.956769],[11.840008,55.965],[11.84881,55.975],[11.865,55.984986],[11.88,55.986562],[11.935,56.009992],[12.012195,56.035],[12.055,56.059981],[12.061184,56.06],[12.08,56.069982],[12.098125,56.075],[12.115,56.084981],[12.134756,56.09],[12.14,56.094979],[12.16907,56.105],[12.185,56.114979],[12.200417,56.115],[12.265,56.12998],[12.3,56.130308],[12.305,56.13375],[12.313333,56.13]]}},{"type":"Feature","properties":{"depth":3.0,"source":"DDM 2024 coarse contour","resolution":"0.005 degree sampled grid"},"geometry":{"type":"LineString","coordinates":[[11.025,54.865714],[11.02,54.8675],[11.01,54.865],[11.02875,54.865],[11.025,54.865714]]}},{"type":"Feature","properties":{"depth":3.0,"source":"DDM 2024 coarse contour","resolution":"0.005 degree sampled grid"},"geometry":{"type":"LineString","coordinates":[[12.21575,54.87],[12.215,54.865],[12.203333,54.87],[12.21,54.872778],[12.21575,54.87]]}},{"type":"Feature","properties":{"depth":3.0,"source":"DDM 2024 coarse contour","resolution":"0.005 degree sampled grid"},"geometry":{"type":"LineString","coordinates":[[10.9985,54.885],[11.002917,54.88],[11.0,54.878158],[10.993409,54.885],[10.995,54.887917],[10.9985,54.885]]}},{"type":"Feature","properties":{"depth":3.0,"source":"DDM 2024 coarse contour","resolution":"0.005 degree sampled grid"},"geometry":{"type":"LineString","coordinates":[[11.42,54.886176],[11.415,54.8885],[11.407,54.885],[11.42,54.881667],[11.42,54.886176]]}},{"type":"Feature","properties":{"depth":3.0,"source":"DDM 2024 coarse contour","resolution":"0.005 degree sampled grid"},"geometry":{"type":"LineString","coordinates":[[10.705,54.89625],[10.69,54.895],[10.705,54.893214],[10.707083,54.895],[10.705,54.89625]]}},{"type":"Feature","properties":{"depth":3.0,"source":"DDM 2024 coarse contour","resolution":"0.005 degree sampled grid"},"geometry":{"type":"LineString","coordinates":[[11.565,54.92],[11.58,54.912143],[11.591875,54.91],[11.59,54.907273],[11.58,54.906111],[11.555625,54.915],[11.555714,54.92],[11.56,54.923158],[11.565,54.92]]}},{"type":"Feature","properties":{"depth":3.0,"source":"DDM 2024 coarse contour","resolution":"0.005 degree sampled grid"},"geometry":{"type":"LineString","coordinates":[[9.635,54.930014],[9.62125,54.93],[9.619643,54.925],[9.63,54.917019],[9.635,54.917283],[9.64,54.922857],[9.655,54.9145],[9.66,54.916667],[9.660714,54.92],[9.652222,54.925],[9.645,54.925008],[9.639677,54.93],[9.635,54.930014]]}},{"type":"Feature","properties":{"depth":3.0,"source":"DDM 2024 coarse contour","resolution":"0.005 degree sampled grid"},"geometry":{"type":"LineString","coordinates":[[8.63,54.942],[8.615,54.942187],[8.605,54.938],[8.5995,54.93],[8.601667,54.925],[8.615,54.9195],[8.63,54.92027],[8.635,54.9234],[8.639615,54.935],[8.63,54.942]]}},{"type":"Feature","properties":{"depth":3.0,"source":"DDM 2024 coarse contour","resolution":"0.005 degree sampled grid"},"geometry":{"type":"LineString","coordinates":[[9.765,54.930043],[9.760112,54.93],[9.76496,54.925],[9.765,54.919951],[9.765,54.930043]]}},{"type":"Feature","properties":{"depth":3.0,"source":"DDM 2024 coarse contour","resolution":"0.005 degree sampled grid"},"geometry":{"type":"LineString","coordinates":[[10.54,54.962826],[10.52,54.955001],[10.51,54.957115],[10.505,54.952692],[10.495,54.953333],[10.493333,54.95],[10.505,54.947308],[10.515,54.935],[10.55,54.924444],[10.565,54.926829],[10.575,54.92125],[10.595,54.926957],[10.6,54.922143],[10.61,54.920441],[10.619615,54.925],[10.615,54.9304],[10.61,54.929559],[10.58,54.94],[10.55,54.941053],[10.545312,54.945],[10.54,54.962826]]}},{"type":"Feature","properties":{"depth":3.0,"source":"DDM 2024 coarse contour","resolution":"0.005 degree sampled grid"},"geometry":{"type":"LineString","coordinates":[[9.76,54.949756],[9.755806,54.945],[9.759956,54.94],[9.76,54.9301],[9.76,54.949756]]}},{"type":"Feature","properties":{"depth":3.0,"source":"DDM 2024 coarse contour","resolution":"0.005 degree sampled grid"},"geometry":{"type":"LineString","coordinates":[[11.555128,54.995],[11.565,54.988171],[11.57,54.979063],[11.58,54.980227],[11.585,54.976667],[11.6,54.976429],[11.608571,54.97],[11.595,54.966429],[11.585,54.974722],[11.58,54.969839],[11.575,54.973409],[11.57,54.965],[11.565,54.965484],[11.550152,54.955],[11.546429,54.95],[11.550217,54.945],[11.544545,54.94],[11.549,54.935],[11.54,54.933333],[11.530625,54.94],[11.531667,54.945],[11.528182,54.95],[11.515,54.955],[11.52,54.956875],[11.52,54.960962],[11.515,54.964444],[11.51,54.9625],[11.505,54.972143],[11.495,54.978393],[11.484737,54.98],[11.505,54.994375],[11.535,54.995333],[11.545,54.998387],[11.555128,54.995]]}},{"type":"Feature","properties":{"depth":3.0,"source":"DDM 2024 coarse contour","resolution":"0.005 degree sampled grid"},"geometry":{"type":"LineString","coordinates":[[9.835,54.945806],[9.82775,54.945],[9.835,54.9398],[9.835,54.945806]]}},{"type":"Feature","properties":{"depth":3.0,"source":"DDM 2024 coarse contour","resolution":"0.005 degree sampled grid"},"geometry":{"type":"LineString","coordinates":[[12.065,54.946622],[12.04,54.945],[12.069,54.945],[12.065,54.946622]]}},{"type":"Feature","properties":{"depth":3.0,"source":"DDM 2024 coarse contour","resolution":"0.005 degree sampled grid"},"geometry":{"type":"LineString","coordinates":[[9.755,54.974815],[9.750556,54.97],[9.754952,54.965],[9.751318,54.96],[9.754957,54.955],[9.755,54.945882],[9.75973,54.95],[9.755043,54.955],[9.758971,54.96],[9.755048,54.965],[9.755,54.974815]]}},{"type":"Feature","properties":{"depth":3.0,"source":"DDM 2024 coarse contour","resolution":"0.005 degree sampled grid"},"geometry":{"type":"LineString","coordinates":[[11.273333,54.99],[11.295,54.986897],[11.31,54.981012],[11.325,54.965],[11.325,54.96],[11.32,54.95375],[11.31,54.95],[11.313333,54.955],[11.276731,54.975],[11.269333,54.985],[11.268824,54.99],[11.273333,54.99]]}},{"type":"Feature","properties":{"depth":3.0,"source":"DDM 2024 coarse contour","resolution":"0.005 degree sampled grid"},"geometry":{"type":"LineString","coordinates":[[12.155,54.989426],[12.14,54.979224],[12.125,54.974274],[12.12,54.968],[12.11,54.968701],[12.105,54.965014],[12.1,54.967738],[12.096974,54.965],[12.105,54.962364],[12.105625,54.955],[12.115,54.951833],[12.117209,54.955],[12.115,54.960753],[12.15625,54.975],[12.159286,54.985],[12.155,54.989426]]}},{"type":"Feature","properties":{"depth":3.0,"source":"DDM 2024 coarse contour","resolution":"0.005 degree sampled grid"},"geometry":{"type":"LineString","coordinates":[[12.045,54.960022],[12.017436,54.96],[12.025,54.956193],[12.035,54.95604],[12.049891,54.96],[12.045,54.960022]]}},{"type":"Feature","properties":{"depth":3.0,"source":"DDM 2024 coarse contour","resolution":"0.005 degree sampled grid"},"geometry":{"type":"LineString","coordinates":[[12.065,54.964286],[12.0501,54.96],[12.06,54.956635],[12.067727,54.96],[12.065,54.964286]]}},{"type":"Feature","properties":{"depth":3.0,"source":"DDM 2024 coarse contour","resolution":"0.005 degree sampled grid"},"geometry":{"type":"LineString","coordinates":[[11.667045,54.97],[11.668125,54.965],[11.665,54.963649],[11.65375,54.965],[11.65,54.97],[11.665,54.974091],[11.667045,54.97]]}},{"type":"Feature","properties":{"depth":3.0,"source":"DDM 2024 coarse contour","resolution":"0.005 degree sampled grid"},"geometry":{"type":"LineString","coordinates":[[12.08,54.970028],[12.077632,54.965],[12.08,54.96125],[12.0875,54.965],[12.08459,54.97],[12.08,54.970028]]}},{"type":"Feature","properties":{"depth":3.0,"source":"DDM 2024 coarse contour","resolution":"0.005 degree sampled grid"},"geometry":{"type":"LineString","coordinates":[[10.48,54.981667],[10.475,54.984583],[10.468,54.975],[10.48,54.972187],[10.483,54.975],[10.48,54.981667]]}},{"type":"Feature","properties":{"depth":3.0,"source":"DDM 2024 coarse contour","resolution":"0.005 degree sampled grid"},"geometry":{"type":"LineString","coordinates":[[11.96,54.985],[11.96,54.98],[11.965,54.976667],[11.965714,54.98],[11.96,54.98],[11.96,54.985]]}},{"type":"Feature","properties":{"depth":3.0,"source":"DDM 2024 coarse contour","resolution":"0.005 degree sampled grid"},"geometry":{"type":"LineString","coordinates":[[12.215,55.0],[12.205,54.991667],[12.195,54.994444],[12.191364,54.99],[12.21,54.9845],[12.22,54.9775],[12.24,54.98],[12.235,54.982],[12.235,54.988],[12.24,54.98],[12.249,54.985],[12.245,54.994],[12.22,54.993333],[12.215,54.988333],[12.211667,54.99],[12.218333,54.995],[12.215,55.0]]}},{"type":"Feature","properties":{"depth":3.0,"source":"DDM 2024 coarse contour","resolution":"0.005 degree sampled grid"},"geometry":{"type":"LineString","coordinates":[[12.18,55.013871],[12.171538,55.01],[12.175746,55.0],[12.17,54.994333],[12.16,54.993866],[12.155354,54.99],[12.163,54.985],[12.165,54.98],[12.165003,54.985],[12.17,54.989994],[12.180556,54.99],[12.194,54.995],[12.183529,55.005],[12.18,55.013871]]}},{"type":"Feature","properties":{"depth":3.0,"source":"DDM 2024 coarse contour","resolution":"0.005 degree sampled grid"},"geometry":{"type":"LineString","coordinates":[[11.406818,55.0],[11.416429,54.99],[11.397195,54.995],[11.4,55.0],[11.406818,55.0]]}},{"type":"Feature","properties":{"depth":3.0,"source":"DDM 2024 coarse contour","resolution":"0.005 degree sampled grid"},"geometry":{"type":"LineString","coordinates":[[11.95,54.995],[11.937,54.995],[11.945,54.987],[11.95,54.995]]}},{"type":"Feature","properties":{"depth":3.0,"source":"DDM 2024 coarse contour","resolution":"0.005 degree sampled grid"},"geometry":{"type":"LineString","coordinates":[[14.779976,55.295],[14.7825,55.29],[14.79,55.289939],[14.79539,55.285],[14.8,55.28493],[14.81996,55.265],[14.819989,55.26],[14.825,55.254996],[14.85,55.249933],[14.855,55.244958],[14.865,55.244928],[14.88505,55.23],[14.895,55.229939],[14.901136,55.225],[14.915,55.224944],[14.945,55.211075],[14.95,55.214961],[14.96,55.214977],[14.965,55.219922],[14.975,55.21496],[14.992073,55.195],[15.03,55.175705],[15.04,55.174943],[15.055862,55.165],[15.065,55.164929],[15.08,55.155625],[15.095,55.154919],[15.100769,55.15],[15.11,55.14994],[15.115,55.145609],[15.145,55.144884],[15.154973,55.13],[15.155311,55.125],[15.147404,55.11],[15.149991,55.1],[15.159906,55.085],[15.145,55.070021],[15.139999,55.07],[15.139981,55.06],[15.130082,55.05],[15.11499,55.04],[15.115,55.035238],[15.124375,55.03],[15.12,55.021667],[15.122333,55.015],[15.08,54.985006],[15.06,54.985014],[15.055,54.990002],[15.04,54.990009],[15.035,54.993913],[15.025,54.992551],[14.995,54.995012],[14.981,55.0],[14.96,55.000008],[14.935,55.013636],[14.93,55.014286],[14.925,55.010038],[14.92,55.015004],[14.91,55.015],[14.912297,55.02],[14.9,55.02002],[14.895,55.025018],[14.89,55.025024],[14.885,55.030008],[14.875,55.030013],[14.87,55.035],[14.855,55.035015],[14.847683,55.04],[14.825,55.040014],[14.81,55.045022],[14.805,55.050008],[14.775,55.050019],[14.768889,55.055],[14.76,55.055027],[14.754342,55.06],[14.745,55.060035],[14.72,55.080001],[14.702778,55.08],[14.699559,55.085],[14.695,55.085015],[14.680024,55.1],[14.685,55.104971],[14.695,55.107179],[14.7,55.1128],[14.695,55.119545],[14.686364,55.12],[14.6875,55.125],[14.695,55.121042],[14.705003,55.13],[14.705001,55.145],[14.697778,55.15],[14.703454,55.17],[14.695045,55.185],[14.700017,55.19],[14.705017,55.215],[14.720017,55.235],[14.720063,55.24],[14.740014,55.255],[14.740041,55.26],[14.750028,55.27],[14.750071,55.29],[14.765,55.299955],[14.775,55.299974],[14.779976,55.295]]}},{"type":"Feature","properties":{"depth":3.0,"source":"DDM 2024 coarse contour","resolution":"0.005 degree sampled grid"},"geometry":{"type":"LineString","coordinates":[[10.255913,55.04],[10.285,55.020935],[10.305,55.020758],[10.312159,55.015],[10.335,55.019952],[10.35,55.00425],[10.335,55.00002],[10.327927,55.005],[10.315,55.00504],[10.3,55.015],[10.285,55.018258],[10.28,55.015042],[10.255,55.015107],[10.245,55.024574],[10.2325,55.03],[10.232976,55.035],[10.25,55.04492],[10.255913,55.04]]}},{"type":"Feature","properties":{"depth":3.0,"source":"DDM 2024 coarse contour","resolution":"0.005 degree sampled grid"},"geometry":{"type":"LineString","coordinates":[[11.375357,55.045],[11.379998,55.035],[11.375,55.030017],[11.367857,55.03],[11.345,55.016458],[11.331667,55.025],[11.334167,55.035],[11.34,55.033438],[11.367667,55.045],[11.375357,55.045]]}},{"type":"Feature","properties":{"depth":3.0,"source":"DDM 2024 coarse contour","resolution":"0.005 degree sampled grid"},"geometry":{"type":"LineString","coordinates":[[11.3155,55.03],[11.322,55.025],[11.314286,55.025],[11.3155,55.03]]}},{"type":"Feature","properties":{"depth":3.0,"source":"DDM 2024 coarse contour","resolution":"0.005 degree sampled grid"},"geometry":{"type":"LineString","coordinates":[[10.149938,55.065],[10.143,55.06],[10.145526,55.055],[10.155,55.054987],[10.16,55.050929],[10.17,55.054918],[10.175,55.050643],[10.193261,55.05],[10.185,55.040313],[10.17,55.033056],[10.14,55.03001],[10.125,55.042973],[10.120004,55.055],[10.135,55.064934],[10.14,55.062273],[10.145,55.069899],[10.149938,55.065]]}},{"type":"Feature","properties":{"depth":3.0,"source":"DDM 2024 coarse contour","resolution":"0.005 degree sampled grid"},"geometry":{"type":"LineString","coordinates":[[10.585,55.043088],[10.58,55.040025],[10.565684,55.04],[10.57,55.036204],[10.58,55.036622],[10.589118,55.04],[10.585,55.043088]]}},{"type":"Feature","properties":{"depth":3.0,"source":"DDM 2024 coarse contour","resolution":"0.005 degree sampled grid"},"geometry":{"type":"LineString","coordinates":[[10.685,55.040002],[10.671429,55.04],[10.687222,55.04],[10.685,55.040002]]}},{"type":"Feature","properties":{"depth":3.0,"source":"DDM 2024 coarse contour","resolution":"0.005 degree sampled grid"},"geometry":{"type":"LineString","coordinates":[[10.6,55.047593],[10.589483,55.045],[10.595,55.040625],[10.6,55.047593]]}},{"type":"Feature","properties":{"depth":3.0,"source":"DDM 2024 coarse contour","resolution":"0.005 degree sampled grid"},"geometry":{"type":"LineString","coordinates":[[12.17,55.0455],[12.165,55.049726],[12.1575,55.045],[12.16,55.04125],[12.165,55.041034],[12.17,55.0455]]}},{"type":"Feature","properties":{"depth":3.0,"source":"DDM 2024 coarse contour","resolution":"0.005 degree sampled grid"},"geometry":{"type":"LineString","coordinates":[[10.615,55.06001],[10.614986,55.055],[10.61,55.050022],[10.602549,55.05],[10.615,55.049999],[10.615014,55.055],[10.619762,55.06],[10.615,55.06001]]}},{"type":"Feature","properties":{"depth":3.0,"source":"DDM 2024 coarse contour","resolution":"0.005 degree sampled grid"},"geometry":{"type":"LineString","coordinates":[[10.645,55.055007],[10.636214,55.055],[10.64,55.049994],[10.648125,55.055],[10.645,55.055007]]}},{"type":"Feature","properties":{"depth":3.0,"source":"DDM 2024 coarse contour","resolution":"0.005 degree sampled grid"},"geometry":{"type":"LineString","coordinates":[[11.8,55.065833],[11.785,55.065],[11.776667,55.06],[11.79,55.056667],[11.805,55.057391],[11.807069,55.06],[11.8,55.065833]]}},{"type":"Feature","properties":{"depth":3.0,"source":"DDM 2024 coarse contour","resolution":"0.005 degree sampled grid"},"geometry":{"type":"LineString","coordinates":[[8.485,55.072549],[8.48,55.0738],[8.469167,55.07],[8.48,55.066607],[8.489483,55.07],[8.485,55.072549]]}},{"type":"Feature","properties":{"depth":3.0,"source":"DDM 2024 coarse contour","resolution":"0.005 degree sampled grid"},"geometry":{"type":"LineString","coordinates":[[10.245,55.090013],[10.235,55.092736],[10.2321,55.09],[10.232442,55.075],[10.24,55.074956],[10.26,55.065702],[10.275,55.066613],[10.277917,55.07],[10.275385,55.08],[10.265,55.080035],[10.26,55.085011],[10.245,55.090013]]}},{"type":"Feature","properties":{"depth":3.0,"source":"DDM 2024 coarse contour","resolution":"0.005 degree sampled grid"},"geometry":{"type":"LineString","coordinates":[[8.58,55.090435],[8.574687,55.09],[8.575962,55.085],[8.585,55.0826],[8.585,55.089615],[8.58,55.090435]]}},{"type":"Feature","properties":{"depth":3.0,"source":"DDM 2024 coarse contour","resolution":"0.005 degree sampled grid"},"geometry":{"type":"LineString","coordinates":[[11.165385,55.125],[11.165556,55.12],[11.173023,55.115],[11.171429,55.11],[11.177222,55.1],[11.175,55.097778],[11.164706,55.12],[11.163333,55.125],[11.165385,55.125]]}},{"type":"Feature","properties":{"depth":3.0,"source":"DDM 2024 coarse contour","resolution":"0.005 degree sampled grid"},"geometry":{"type":"LineString","coordinates":[[9.565143,55.13],[9.577222,55.12],[9.577778,55.115],[9.57,55.110002],[9.555,55.110106],[9.544842,55.12],[9.545083,55.13],[9.55,55.134913],[9.56,55.134909],[9.565143,55.13]]}},{"type":"Feature","properties":{"depth":3.0,"source":"DDM 2024 coarse contour","resolution":"0.005 degree sampled grid"},"geometry":{"type":"LineString","coordinates":[[10.14,55.150008],[10.137714,55.15],[10.138333,55.14],[10.130278,55.135],[10.14,55.128281],[10.153571,55.13],[10.151667,55.14],[10.145,55.141],[10.14,55.150008]]}},{"type":"Feature","properties":{"depth":3.0,"source":"DDM 2024 coarse contour","resolution":"0.005 degree sampled grid"},"geometry":{"type":"LineString","coordinates":[[10.885625,55.175],[10.890079,55.17],[10.886,55.16],[10.886237,55.15],[10.88996,55.145],[10.885,55.138256],[10.880002,55.145],[10.878793,55.16],[10.888889,55.165],[10.883605,55.17],[10.885625,55.175]]}},{"type":"Feature","properties":{"depth":3.0,"source":"DDM 2024 coarse contour","resolution":"0.005 degree sampled grid"},"geometry":{"type":"LineString","coordinates":[[11.180087,55.185],[11.185172,55.18],[11.181563,55.175],[11.184,55.17],[11.182187,55.165],[11.165,55.156964],[11.156613,55.145],[11.155,55.1365],[11.145,55.140002],[11.140005,55.145],[11.14,55.151585],[11.129038,55.16],[11.135,55.164992],[11.142,55.165],[11.155,55.174996],[11.165833,55.175],[11.169444,55.18],[11.167,55.185],[11.180087,55.185]]}},{"type":"Feature","properties":{"depth":3.0,"source":"DDM 2024 coarse contour","resolution":"0.005 degree sampled grid"},"geometry":{"type":"LineString","coordinates":[[12.065,55.170556],[12.037105,55.165],[12.0225,55.15],[12.035,55.148462],[12.04,55.152222],[12.052857,55.145],[12.055,55.139643],[12.055455,55.15],[12.075,55.155],[12.072333,55.165],[12.065,55.170556]]}},{"type":"Feature","properties":{"depth":3.0,"source":"DDM 2024 coarse contour","resolution":"0.005 degree sampled grid"},"geometry":{"type":"LineString","coordinates":[[11.19,55.255],[11.19119,55.23],[11.195,55.227377],[11.2,55.214167],[11.21,55.205859],[11.224423,55.2],[11.233889,55.185],[11.225,55.178462],[11.21,55.180004],[11.185,55.194482],[11.175,55.195104],[11.16625,55.2],[11.167105,55.225],[11.158542,55.24],[11.163214,55.245],[11.159545,55.25],[11.165,55.26],[11.19,55.255]]}},{"type":"Feature","properties":{"depth":3.0,"source":"DDM 2024 coarse contour","resolution":"0.005 degree sampled grid"},"geometry":{"type":"LineString","coordinates":[[8.412143,55.185],[8.405,55.183],[8.398333,55.185],[8.412143,55.185]]}},{"type":"Feature","properties":{"depth":3.0,"source":"DDM 2024 coarse contour","resolution":"0.005 degree sampled grid"},"geometry":{"type":"LineString","coordinates":[[8.595,55.202692],[8.5915,55.2],[8.595,55.197143],[8.6,55.2],[8.596296,55.195],[8.6,55.191386],[8.603704,55.195],[8.595,55.202692]]}},{"type":"Feature","properties":{"depth":3.0,"source":"DDM 2024 coarse contour","resolution":"0.005 degree sampled grid"},"geometry":{"type":"LineString","coordinates":[[10.895625,55.235],[10.89875,55.23],[10.891667,55.22],[10.892,55.205],[10.885,55.2016],[10.879737,55.21],[10.879697,55.22],[10.887391,55.225],[10.884375,55.23],[10.895625,55.235]]}},{"type":"Feature","properties":{"depth":3.0,"source":"DDM 2024 coarse contour","resolution":"0.005 degree sampled grid"},"geometry":{"type":"LineString","coordinates":[[8.515,55.229375],[8.5,55.229474],[8.493125,55.225],[8.4925,55.22],[8.477,55.215],[8.485,55.210333],[8.505,55.211488],[8.51,55.214966],[8.53,55.214982],[8.538448,55.21],[8.565,55.205979],[8.575,55.206463],[8.579028,55.21],[8.575,55.213452],[8.55,55.21375],[8.522692,55.22],[8.515,55.229375]]}},{"type":"Feature","properties":{"depth":3.0,"source":"DDM 2024 coarse contour","resolution":"0.005 degree sampled grid"},"geometry":{"type":"LineString","coordinates":[[8.413056,55.24],[8.405278,55.235],[8.403333,55.23],[8.4075,55.225],[8.405,55.221818],[8.395,55.225],[8.406562,55.24],[8.41,55.242391],[8.413056,55.24]]}},{"type":"Feature","properties":{"depth":3.0,"source":"DDM 2024 coarse contour","resolution":"0.005 degree sampled grid"},"geometry":{"type":"LineString","coordinates":[[8.56,55.247807],[8.545,55.242917],[8.54,55.238036],[8.53,55.237],[8.527812,55.235],[8.53,55.230333],[8.54,55.232069],[8.56,55.242091],[8.563902,55.245],[8.56,55.247807]]}},{"type":"Feature","properties":{"depth":3.0,"source":"DDM 2024 coarse contour","resolution":"0.005 degree sampled grid"},"geometry":{"type":"LineString","coordinates":[[9.775833,55.29],[9.785,55.285476],[9.79,55.288966],[9.805161,55.285],[9.796429,55.275],[9.802273,55.27],[9.795,55.269167],[9.79,55.263421],[9.755,55.243333],[9.74,55.245],[9.725065,55.255],[9.725,55.271857],[9.74,55.279998],[9.745,55.279828],[9.76,55.290096],[9.775833,55.29]]}},{"type":"Feature","properties":{"depth":3.0,"source":"DDM 2024 coarse contour","resolution":"0.005 degree sampled grid"},"geometry":{"type":"LineString","coordinates":[[9.722885,55.295],[9.726812,55.29],[9.725,55.284158],[9.703,55.29],[9.705,55.295312],[9.71,55.296731],[9.722885,55.295]]}},{"type":"Feature","properties":{"depth":3.0,"source":"DDM 2024 coarse contour","resolution":"0.005 degree sampled grid"},"geometry":{"type":"LineString","coordinates":[[9.791515,55.335],[9.795,55.331167],[9.81,55.328375],[9.82,55.330309],[9.83,55.325842],[9.833293,55.31],[9.83925,55.3],[9.827857,55.295],[9.825,55.288947],[9.82,55.294615],[9.815,55.289904],[9.813947,55.295],[9.795,55.295009],[9.790006,55.3],[9.792436,55.31],[9.785937,55.315],[9.787949,55.32],[9.785,55.325185],[9.778889,55.325],[9.781429,55.335],[9.791515,55.335]]}},{"type":"Feature","properties":{"depth":3.0,"source":"DDM 2024 coarse contour","resolution":"0.005 degree sampled grid"},"geometry":{"type":"LineString","coordinates":[[8.535,55.31129],[8.51,55.314286],[8.505385,55.305],[8.515,55.296538],[8.53,55.295769],[8.5375,55.3],[8.539643,55.305],[8.535,55.31129]]}},{"type":"Feature","properties":{"depth":3.0,"source":"DDM 2024 coarse contour","resolution":"0.005 degree sampled grid"},"geometry":{"type":"LineString","coordinates":[[8.505,55.315606],[8.486923,55.315],[8.49,55.311364],[8.509,55.315],[8.505,55.315606]]}},{"type":"Feature","properties":{"depth":3.0,"source":"DDM 2024 coarse contour","resolution":"0.005 degree sampled grid"},"geometry":{"type":"LineString","coordinates":[[10.949985,55.325],[10.95,55.319615],[10.945,55.320006],[10.940004,55.325],[10.945,55.32999],[10.949985,55.325]]}},{"type":"Feature","properties":{"depth":3.0,"source":"DDM 2024 coarse contour","resolution":"0.005 degree sampled grid"},"geometry":{"type":"LineString","coordinates":[[15.184913,55.325],[15.19,55.324934],[15.194946,55.32],[15.19,55.315329],[15.185,55.315304],[15.170117,55.325],[15.175,55.329969],[15.18,55.329853],[15.184913,55.325]]}},{"type":"Feature","properties":{"depth":3.0,"source":"DDM 2024 coarse contour","resolution":"0.005 degree sampled grid"},"geometry":{"type":"LineString","coordinates":[[10.989989,55.34],[10.992907,55.335],[10.985,55.330012],[10.97,55.330004],[10.965,55.325014],[10.955,55.325013],[10.95001,55.33],[10.955,55.334987],[10.98,55.344991],[10.985,55.344994],[10.989989,55.34]]}},{"type":"Feature","properties":{"depth":3.0,"source":"DDM 2024 coarse contour","resolution":"0.005 degree sampled grid"},"geometry":{"type":"LineString","coordinates":[[9.716082,55.37],[9.7229,55.36],[9.723452,55.355],[9.72,55.352836],[9.7,55.3455],[9.685004,55.355],[9.684655,55.36],[9.7,55.369993],[9.716082,55.37]]}},{"type":"Feature","properties":{"depth":3.0,"source":"DDM 2024 coarse contour","resolution":"0.005 degree sampled grid"},"geometry":{"type":"LineString","coordinates":[[8.415,55.475039],[8.4058,55.475],[8.415,55.453542],[8.42,55.4558],[8.435,55.448125],[8.475,55.441321],[8.485,55.436042],[8.489524,55.44],[8.477031,55.45],[8.45,55.450012],[8.44,55.459239],[8.435,55.455037],[8.425006,55.465],[8.4278,55.47],[8.42,55.47004],[8.415,55.475039]]}},{"type":"Feature","properties":{"depth":3.0,"source":"DDM 2024 coarse contour","resolution":"0.005 degree sampled grid"},"geometry":{"type":"LineString","coordinates":[[11.095745,55.485],[11.09,55.480015],[11.085,55.482879],[11.081724,55.48],[11.089988,55.475],[11.09,55.465435],[11.069875,55.475],[11.08,55.487727],[11.09,55.489993],[11.095745,55.485]]}},{"type":"Feature","properties":{"depth":3.0,"source":"DDM 2024 coarse contour","resolution":"0.005 degree sampled grid"},"geometry":{"type":"LineString","coordinates":[[10.52,55.481029],[10.505,55.483043],[10.492727,55.48],[10.505,55.477042],[10.52,55.478906],[10.52,55.481029]]}},{"type":"Feature","properties":{"depth":3.0,"source":"DDM 2024 coarse contour","resolution":"0.005 degree sampled grid"},"geometry":{"type":"LineString","coordinates":[[10.800857,55.515],[10.799219,55.51],[10.79,55.505003],[10.759048,55.51],[10.77,55.510962],[10.78,55.519994],[10.795,55.519985],[10.800857,55.515]]}},{"type":"Feature","properties":{"depth":3.0,"source":"DDM 2024 coarse contour","resolution":"0.005 degree sampled grid"},"geometry":{"type":"LineString","coordinates":[[8.000263,55.55],[8.002206,55.545],[7.99525,55.54],[8.000833,55.535],[7.995,55.539667],[7.985,55.528333],[7.984545,55.515],[7.971071,55.52],[7.9685,55.525],[7.972209,55.53],[7.985,55.541923],[8.000263,55.55]]}},{"type":"Feature","properties":{"depth":3.0,"source":"DDM 2024 coarse contour","resolution":"0.005 degree sampled grid"},"geometry":{"type":"LineString","coordinates":[[8.04,55.525476],[8.032917,55.52],[8.035,55.515],[8.042083,55.52],[8.04,55.525476]]}},{"type":"Feature","properties":{"depth":3.0,"source":"DDM 2024 coarse contour","resolution":"0.005 degree sampled grid"},"geometry":{"type":"LineString","coordinates":[[7.938333,55.55],[7.94,55.545],[7.95,55.548],[7.955,55.546429],[7.95,55.533519],[7.945,55.543846],[7.934938,55.545],[7.935,55.551875],[7.938333,55.55]]}},{"type":"Feature","properties":{"depth":3.0,"source":"DDM 2024 coarse contour","resolution":"0.005 degree sampled grid"},"geometry":{"type":"LineString","coordinates":[[8.315,55.545008],[8.30625,55.545],[8.31,55.539643],[8.32,55.53875],[8.315,55.545008]]}},{"type":"Feature","properties":{"depth":3.0,"source":"DDM 2024 coarse contour","resolution":"0.005 degree sampled grid"},"geometry":{"type":"LineString","coordinates":[[10.155,55.597391],[10.139231,55.595],[10.145,55.589783],[10.15,55.5925],[10.155,55.5906],[10.157973,55.595],[10.155,55.597391]]}},{"type":"Feature","properties":{"depth":3.0,"source":"DDM 2024 coarse contour","resolution":"0.005 degree sampled grid"},"geometry":{"type":"LineString","coordinates":[[12.777727,55.68],[12.792222,55.67],[12.79875,55.66],[12.799333,55.65],[12.81,55.635625],[12.815,55.637083],[12.823182,55.63],[12.821915,55.615],[12.815,55.607609],[12.8,55.602051],[12.79,55.594286],[12.78,55.595],[12.779993,55.59],[12.775,55.585014],[12.7675,55.59],[12.766667,55.595],[12.755,55.590014],[12.73,55.605003],[12.725015,55.61],[12.728333,55.615],[12.723871,55.63],[12.715789,55.64],[12.716875,55.65],[12.735,55.6725],[12.745,55.675],[12.75,55.679615],[12.777727,55.68]]}},{"type":"Feature","properties":{"depth":3.0,"source":"DDM 2024 coarse contour","resolution":"0.005 degree sampled grid"},"geometry":{"type":"LineString","coordinates":[[12.065,55.681538],[12.059474,55.68],[12.064032,55.675],[12.065,55.6625],[12.07,55.6665],[12.071875,55.665],[12.06875,55.66],[12.075,55.65625],[12.08,55.657333],[12.085,55.665179],[12.07,55.671591],[12.065,55.681538]]}},{"type":"Feature","properties":{"depth":3.0,"source":"DDM 2024 coarse contour","resolution":"0.005 degree sampled grid"},"geometry":{"type":"LineString","coordinates":[[12.025,55.680001],[12.015,55.682955],[12.0124,55.68],[12.015,55.67499],[12.025,55.672857],[12.025,55.680001]]}},{"type":"Feature","properties":{"depth":3.0,"source":"DDM 2024 coarse contour","resolution":"0.005 degree sampled grid"},"geometry":{"type":"LineString","coordinates":[[12.045,55.675004],[12.035,55.678636],[12.033519,55.675],[12.045,55.675004]]}},{"type":"Feature","properties":{"depth":3.0,"source":"DDM 2024 coarse contour","resolution":"0.005 degree sampled grid"},"geometry":{"type":"LineString","coordinates":[[11.995,55.730005],[11.99,55.7325],[11.988571,55.725],[11.9665,55.695],[11.97,55.685],[11.960946,55.685],[11.96,55.687333],[11.950893,55.68],[11.9805,55.68],[11.9825,55.69],[11.976,55.695],[11.985,55.704194],[11.995,55.708939],[12.005,55.709992],[12.02,55.699792],[12.045,55.698485],[12.05,55.69],[12.055,55.688],[12.06,55.6925],[12.065,55.688214],[12.07,55.688333],[12.072333,55.69],[12.068077,55.695],[12.075,55.692667],[12.085,55.702],[12.09629,55.7],[12.091528,55.705],[12.1,55.708281],[12.1,55.711571],[12.083684,55.715],[12.092857,55.72],[12.085,55.724545],[12.08,55.720455],[12.075,55.720833],[12.070238,55.725],[12.065,55.723],[12.05,55.728333],[12.04,55.722368],[12.0295,55.725],[12.018611,55.72],[12.026538,55.715],[12.015,55.711296],[12.0,55.721607],[11.995,55.7114],[11.991818,55.72],[11.998571,55.73],[11.995,55.730005]]}},{"type":"Feature","properties":{"depth":3.0,"source":"DDM 2024 coarse contour","resolution":"0.005 degree sampled grid"},"geometry":{"type":"LineString","coordinates":[[11.76,55.73875],[11.734,55.735],[11.72,55.727386],[11.6925,55.73],[11.695,55.725],[11.733846,55.725],[11.76,55.7344],[11.76,55.73875]]}},{"type":"Feature","properties":{"depth":3.0,"source":"DDM 2024 coarse contour","resolution":"0.005 degree sampled grid"},"geometry":{"type":"LineString","coordinates":[[10.311375,55.82],[10.31734,55.8],[10.33413,55.77],[10.328529,55.755],[10.328846,55.745],[10.325,55.740833],[10.315,55.73875],[10.3,55.740006],[10.2875,55.745],[10.235,55.745],[10.230002,55.755],[10.23625,55.76],[10.235,55.765],[10.227727,55.765],[10.225,55.771429],[10.21,55.764286],[10.204444,55.765],[10.193571,55.775],[10.21,55.786923],[10.224545,55.79],[10.223333,55.795],[10.23,55.797593],[10.236,55.795],[10.237619,55.785],[10.234286,55.78],[10.24,55.77913],[10.248529,55.77],[10.259583,55.765],[10.272222,55.765],[10.261875,55.77],[10.278333,55.775],[10.284333,55.78],[10.275312,55.785],[10.275,55.79],[10.294,55.79],[10.303077,55.805],[10.304687,55.815],[10.31,55.821618],[10.311375,55.82]]}},{"type":"Feature","properties":{"depth":3.0,"source":"DDM 2024 coarse contour","resolution":"0.005 degree sampled grid"},"geometry":{"type":"LineString","coordinates":[[10.573824,56.01],[10.573919,56.005],[10.569643,56.0],[10.5725,55.98],[10.57,55.978889],[10.57,55.97],[10.5825,55.95],[10.606742,55.93],[10.625,55.927788],[10.645,55.930952],[10.64,55.925],[10.651064,55.92],[10.646349,55.915],[10.65,55.910965],[10.660517,55.915],[10.663258,55.92],[10.658939,55.925],[10.665,55.926296],[10.67,55.936731],[10.676818,55.935],[10.68,55.930625],[10.685,55.93125],[10.695,55.933571],[10.705,55.942308],[10.715,55.941373],[10.72,55.935],[10.71,55.93],[10.71,55.925],[10.7,55.92875],[10.68,55.929836],[10.68,55.920164],[10.6975,55.92],[10.695,55.914167],[10.69,55.92],[10.686786,55.915],[10.6935,55.9],[10.6925,55.895],[10.681905,55.885],[10.681064,55.87],[10.662065,55.86],[10.648537,55.845],[10.64,55.825],[10.642708,55.815],[10.648095,55.81],[10.644995,55.795],[10.62,55.760015],[10.602308,55.765],[10.585,55.76502],[10.58,55.768261],[10.55,55.765012],[10.530009,55.785],[10.525012,55.795],[10.522317,55.825],[10.524535,55.835],[10.516,55.855],[10.55,55.866389],[10.577667,55.87],[10.59,55.883036],[10.591897,55.9],[10.597065,55.905],[10.594066,55.915],[10.585,55.923813],[10.560517,55.935],[10.535,55.935026],[10.52002,55.955],[10.520003,55.98],[10.548929,56.0],[10.555,56.0075],[10.57,56.014063],[10.573824,56.01]]}},{"type":"Feature","properties":{"depth":3.0,"source":"DDM 2024 coarse contour","resolution":"0.005 degree sampled grid"},"geometry":{"type":"LineString","coordinates":[[12.065,55.794118],[12.06,55.792059],[12.06,55.779286],[12.065,55.778571],[12.075,55.762857],[12.081111,55.77],[12.065,55.794118]]}},{"type":"Feature","properties":{"depth":3.0,"source":"DDM 2024 coarse contour","resolution":"0.005 degree sampled grid"},"geometry":{"type":"LineString","coordinates":[[12.04,55.84819],[12.036929,55.84],[12.041765,55.835],[12.0446,55.825],[12.06,55.810893],[12.065,55.812143],[12.060004,55.825],[12.050013,55.835],[12.04887,55.84],[12.040018,55.845],[12.04,55.84819]]}},{"type":"Feature","properties":{"depth":3.0,"source":"DDM 2024 coarse contour","resolution":"0.005 degree sampled grid"},"geometry":{"type":"LineString","coordinates":[[10.170312,55.825],[10.175,55.821053],[10.185294,55.82],[10.175,55.819259],[10.17,55.824444],[10.165,55.8225],[10.1575,55.825],[10.170312,55.825]]}},{"type":"Feature","properties":{"depth":3.0,"source":"DDM 2024 coarse contour","resolution":"0.005 degree sampled grid"},"geometry":{"type":"LineString","coordinates":[[10.365833,55.85],[10.367,55.845],[10.361,55.84],[10.375,55.83375],[10.42,55.8304],[10.4325,55.825],[10.425,55.821667],[10.42,55.828333],[10.415,55.828125],[10.395,55.82],[10.385,55.822143],[10.365,55.817353],[10.35,55.819773],[10.34,55.816875],[10.325,55.821538],[10.309,55.835],[10.308864,55.84],[10.304,55.845],[10.305,55.848056],[10.335,55.843939],[10.34,55.8498],[10.35,55.852073],[10.365833,55.85]]}},{"type":"Feature","properties":{"depth":3.0,"source":"DDM 2024 coarse contour","resolution":"0.005 degree sampled grid"},"geometry":{"type":"LineString","coordinates":[[10.045,55.874687],[10.025,55.870735],[9.99,55.857],[9.975,55.859583],[9.965,55.855017],[9.95,55.855018],[9.93,55.859146],[9.915,55.855014],[9.91,55.858488],[9.89,55.858636],[9.88,55.857083],[9.88,55.853333],[9.92,55.84027],[10.002667,55.83],[10.009348,55.835],[10.01,55.84],[10.0,55.841538],[9.996932,55.845],[10.01,55.847778],[10.020966,55.845],[10.035,55.830385],[10.045,55.829985],[10.05,55.825658],[10.061184,55.835],[10.06,55.8395],[10.04,55.839609],[10.026304,55.85],[10.0304,55.865],[10.035,55.869107],[10.04,55.863448],[10.049286,55.87],[10.045,55.874687]]}},{"type":"Feature","properties":{"depth":3.0,"source":"DDM 2024 coarse contour","resolution":"0.005 degree sampled grid"},"geometry":{"type":"LineString","coordinates":[[10.248182,55.865],[10.2675,55.85],[10.26875,55.845],[10.263846,55.845],[10.235526,55.865],[10.24,55.868542],[10.248182,55.865]]}},{"type":"Feature","properties":{"depth":3.0,"source":"DDM 2024 coarse contour","resolution":"0.005 degree sampled grid"},"geometry":{"type":"LineString","coordinates":[[10.385769,55.845],[10.372308,55.845],[10.375,55.847187],[10.385769,55.845]]}},{"type":"Feature","properties":{"depth":3.0,"source":"DDM 2024 coarse contour","resolution":"0.005 degree sampled grid"},"geometry":{"type":"LineString","coordinates":[[11.241579,55.85],[11.243167,55.845],[11.24,55.843492],[11.235476,55.845],[11.235,55.85],[11.23,55.8475],[11.223871,55.85],[11.241579,55.85]]}},{"type":"Feature","properties":{"depth":3.0,"source":"DDM 2024 coarse contour","resolution":"0.005 degree sampled grid"},"geometry":{"type":"LineString","coordinates":[[12.005,55.965001],[12.002222,55.96],[11.995,55.95913],[11.9912,55.955],[11.995,55.950476],[12.002,55.95],[12.0,55.936364],[11.995,55.933714],[11.987391,55.935],[11.994063,55.945],[11.983333,55.95],[11.993333,55.96],[11.99,55.961081],[11.975,55.961429],[11.93,55.945032],[11.908295,55.945],[11.925,55.938333],[11.94,55.9373],[11.945,55.941],[11.95,55.94],[11.985,55.923966],[11.99,55.926829],[12.012308,55.925],[12.005,55.923913],[12.001538,55.92],[12.025,55.913152],[12.031014,55.905],[12.031744,55.9],[12.026042,55.895],[12.019,55.88],[12.024444,55.86],[12.03,55.857778],[12.035,55.849773],[12.043274,55.855],[12.042553,55.86],[12.047931,55.865],[12.047917,55.875],[12.051,55.88],[12.037692,55.9],[12.042128,55.915],[12.04,55.925],[12.005,55.965001]]}},{"type":"Feature","properties":{"depth":3.0,"source":"DDM 2024 coarse contour","resolution":"0.005 degree sampled grid"},"geometry":{"type":"LineString","coordinates":[[11.082556,55.92],[11.1,55.919986],[11.106176,55.915],[11.115,55.91499],[11.126296,55.905],[11.145,55.901587],[11.15,55.897558],[11.155,55.9],[11.153437,55.895],[11.17,55.888026],[11.175,55.881071],[11.185,55.879986],[11.199194,55.87],[11.21,55.866957],[11.219286,55.855],[11.21,55.855005],[11.205,55.860005],[11.195,55.860013],[11.181286,55.865],[11.16,55.865005],[11.135,55.880001],[11.13,55.88001],[11.113611,55.895],[11.1,55.895011],[11.095,55.900005],[11.085,55.900014],[11.075006,55.915],[11.08,55.922805],[11.082556,55.92]]}},{"type":"Feature","properties":{"depth":3.0,"source":"DDM 2024 coarse contour","resolution":"0.005 degree sampled grid"},"geometry":{"type":"LineString","coordinates":[[10.065,55.875714],[10.051,55.875],[10.069167,55.875],[10.065,55.875714]]}},{"type":"Feature","properties":{"depth":3.0,"source":"DDM 2024 coarse contour","resolution":"0.005 degree sampled grid"},"geometry":{"type":"LineString","coordinates":[[8.295,55.955714],[8.286667,55.955],[8.294375,55.95],[8.298333,55.93],[8.315,55.895],[8.32,55.893333],[8.3275,55.91],[8.32375,55.92],[8.325,55.93],[8.306,55.95],[8.295,55.955714]]}},{"type":"Feature","properties":{"depth":3.0,"source":"DDM 2024 coarse contour","resolution":"0.005 degree sampled grid"},"geometry":{"type":"LineString","coordinates":[[10.290714,55.92],[10.306111,55.915],[10.298103,55.91],[10.3,55.904063],[10.29,55.896667],[10.275,55.897969],[10.275,55.911667],[10.28,55.909063],[10.286786,55.915],[10.285,55.919167],[10.278333,55.92],[10.290714,55.92]]}},{"type":"Feature","properties":{"depth":3.0,"source":"DDM 2024 coarse contour","resolution":"0.005 degree sampled grid"},"geometry":{"type":"LineString","coordinates":[[8.25,56.0525],[8.235,56.055],[8.23,56.05],[8.235,56.045],[8.23,56.05],[8.205,56.055],[8.2,56.05],[8.19,56.05],[8.18,56.04],[8.194167,56.03],[8.19,56.025],[8.195,56.0225],[8.205,56.025],[8.205,56.015],[8.224286,55.99],[8.225,55.975],[8.245,55.9625],[8.2675,55.955],[8.28,55.94375],[8.281667,55.95],[8.2775,55.955],[8.283333,55.96],[8.265,55.965],[8.245625,55.98],[8.255,55.995],[8.255,56.005],[8.265,56.015],[8.265,56.025],[8.27,56.03],[8.26,56.04],[8.255,56.035],[8.25,56.04],[8.255,56.04],[8.26,56.045],[8.25,56.0525]]}},{"type":"Feature","properties":{"depth":3.0,"source":"DDM 2024 coarse contour","resolution":"0.005 degree sampled grid"},"geometry":{"type":"LineString","coordinates":[[10.4425,55.96],[10.461364,55.955],[10.44,55.940007],[10.43,55.940005],[10.425,55.945],[10.41,55.950003],[10.399866,55.96],[10.405,55.964995],[10.41,55.965],[10.4425,55.96]]}},{"type":"Feature","properties":{"depth":3.0,"source":"DDM 2024 coarse contour","resolution":"0.005 degree sampled grid"},"geometry":{"type":"LineString","coordinates":[[10.770537,55.945],[10.765,55.94001],[10.76,55.940002],[10.755,55.940027],[10.750005,55.945],[10.755,55.949999],[10.76,55.949999],[10.765,55.949998],[10.770537,55.945]]}},{"type":"Feature","properties":{"depth":3.0,"source":"DDM 2024 coarse contour","resolution":"0.005 degree sampled grid"},"geometry":{"type":"LineString","coordinates":[[10.360833,55.97],[10.38,55.965455],[10.379286,55.96],[10.365,55.956528],[10.343824,55.965],[10.360833,55.97]]}},{"type":"Feature","properties":{"depth":3.0,"source":"DDM 2024 coarse contour","resolution":"0.005 degree sampled grid"},"geometry":{"type":"LineString","coordinates":[[11.78,55.995],[11.775714,55.99],[11.785,55.983333],[11.77,55.981333],[11.764706,55.99],[11.77,55.988235],[11.78,55.995]]}},{"type":"Feature","properties":{"depth":3.0,"source":"DDM 2024 coarse contour","resolution":"0.005 degree sampled grid"},"geometry":{"type":"LineString","coordinates":[[10.451667,56.055],[10.45,56.049167],[10.44,56.049706],[10.438571,56.055],[10.445,56.058333],[10.451667,56.055]]}},{"type":"Feature","properties":{"depth":3.0,"source":"DDM 2024 coarse contour","resolution":"0.005 degree sampled grid"},"geometry":{"type":"LineString","coordinates":[[11.220946,56.075],[11.230312,56.065],[11.2195,56.07],[11.21825,56.075],[11.220946,56.075]]}},{"type":"Feature","properties":{"depth":3.0,"source":"DDM 2024 coarse contour","resolution":"0.005 degree sampled grid"},"geometry":{"type":"LineString","coordinates":[[10.814997,56.135],[10.81,56.130001],[10.795,56.13],[10.795011,56.135],[10.8,56.139987],[10.81,56.14],[10.814997,56.135]]}},{"type":"Feature","properties":{"depth":3.0,"source":"DDM 2024 coarse contour","resolution":"0.005 degree sampled grid"},"geometry":{"type":"LineString","coordinates":[[11.7125,56.2],[11.717045,56.195],[11.71,56.190032],[11.7,56.190057],[11.693205,56.2],[11.705,56.202404],[11.7125,56.2]]}},{"type":"Feature","properties":{"depth":3.0,"source":"DDM 2024 coarse contour","resolution":"0.005 degree sampled grid"},"geometry":{"type":"LineString","coordinates":[[10.465,56.225026],[10.45,56.224643],[10.431212,56.21],[10.436087,56.205],[10.45,56.204982],[10.455,56.202222],[10.465,56.207097],[10.471707,56.205],[10.4744,56.21],[10.468354,56.225],[10.465,56.225026]]}},{"type":"Feature","properties":{"depth":3.0,"source":"DDM 2024 coarse contour","resolution":"0.005 degree sampled grid"},"geometry":{"type":"LineString","coordinates":[[10.495,56.275007],[10.485,56.277344],[10.474143,56.27],[10.48,56.264],[10.48569,56.265],[10.493393,56.27],[10.497,56.275],[10.495,56.275007]]}},{"type":"Feature","properties":{"depth":3.0,"source":"DDM 2024 coarse contour","resolution":"0.005 degree sampled grid"},"geometry":{"type":"LineString","coordinates":[[9.115,57.016176],[9.08,57.015238],[9.061,57.01],[9.046429,56.995],[9.045,56.989853],[9.03,56.988636],[9.031667,57.005],[9.005,57.014828],[8.99,57.011905],[8.97,56.999839],[8.94,57.002627],[8.925,56.996447],[8.918243,56.985],[8.925,56.976239],[8.93,56.976321],[8.94,56.986356],[8.953235,56.98],[8.914516,56.955],[8.913088,56.945],[8.917821,56.94],[8.9158,56.935],[8.925455,56.915],[8.911951,56.905],[8.915,56.897778],[8.905,56.89],[8.902838,56.885],[8.9052,56.88],[8.899063,56.875],[8.89375,56.855],[8.885,56.851667],[8.877273,56.855],[8.875,56.867143],[8.866875,56.875],[8.86,56.876818],[8.832187,56.865],[8.842308,56.855],[8.845357,56.835],[8.86,56.818684],[8.88,56.81],[8.8825,56.795],[8.880774,56.785],[8.87,56.784909],[8.86,56.775027],[8.85,56.774219],[8.834972,56.74],[8.81,56.724255],[8.8,56.723529],[8.782174,56.71],[8.776765,56.7],[8.779975,56.695],[8.775,56.690034],[8.73,56.677769],[8.704286,56.68],[8.695,56.675018],[8.65,56.668696],[8.645,56.665016],[8.622115,56.68],[8.612692,56.69],[8.615,56.694],[8.626094,56.695],[8.62,56.695],[8.618636,56.7],[8.604286,56.705],[8.607,56.715],[8.6,56.715],[8.59,56.706429],[8.575,56.700012],[8.555,56.698491],[8.550256,56.695],[8.555,56.690488],[8.575,56.696528],[8.586923,56.695],[8.599423,56.68],[8.587222,56.675],[8.58,56.665263],[8.58,56.66],[8.595,56.667826],[8.635,56.661667],[8.64,56.664977],[8.648182,56.655],[8.64,56.652237],[8.6345,56.645],[8.641154,56.64],[8.635909,56.63],[8.637571,56.625],[8.656957,56.62],[8.645,56.616552],[8.635,56.618167],[8.605,56.633214],[8.595,56.6115],[8.596786,56.605],[8.59,56.6],[8.539259,56.595],[8.534375,56.59],[8.555,56.583714],[8.56,56.575029],[8.560084,56.58],[8.565,56.584963],[8.569987,56.58],[8.57,56.565227],[8.579988,56.555],[8.5766,56.545],[8.585,56.542237],[8.595,56.529028],[8.61225,56.52],[8.6,56.515007],[8.585238,56.5],[8.59,56.496552],[8.61,56.505227],[8.617778,56.5],[8.6175,56.485],[8.64,56.473649],[8.675,56.473],[8.69,56.4785],[8.705,56.478256],[8.721571,56.485],[8.727941,56.5],[8.725789,56.53],[8.728333,56.535],[8.75,56.5505],[8.751897,56.56],[8.745,56.560625],[8.731,56.57],[8.71,56.575009],[8.705,56.579375],[8.695333,56.58],[8.69175,56.59],[8.6942,56.595],[8.6894,56.605],[8.68,56.605013],[8.673828,56.61],[8.674603,56.625],[8.68,56.630321],[8.69,56.633043],[8.71,56.63087],[8.72,56.626638],[8.735,56.631735],[8.765,56.651],[8.788889,56.685],[8.795,56.68614],[8.815,56.699989],[8.84,56.690789],[8.85,56.697404],[8.854464,56.695],[8.865,56.696719],[8.868095,56.705],[8.86,56.708788],[8.855,56.705013],[8.819518,56.705],[8.849595,56.74],[8.865,56.75498],[8.869167,56.755],[8.865004,56.76],[8.87,56.765495],[8.903721,56.775],[8.915,56.780093],[8.925,56.793056],[8.96,56.804981],[8.99,56.79996],[8.995,56.795563],[8.995031,56.8],[8.989257,56.805],[8.975,56.810027],[8.96413,56.825],[8.945,56.83],[8.948,56.84],[8.955,56.843929],[8.98,56.841524],[8.985,56.844987],[9.04,56.851944],[9.065,56.845976],[9.075,56.845917],[9.08,56.849981],[9.084961,56.845],[9.08,56.840025],[9.075,56.8439],[9.07,56.843061],[9.059998,56.835],[9.083571,56.83],[9.080714,56.825],[9.06,56.815028],[9.045,56.81871],[9.04,56.815027],[9.031667,56.815],[9.025143,56.81],[9.025263,56.805],[9.07,56.804989],[9.09,56.799107],[9.114969,56.785],[9.111071,56.78],[9.112556,56.775],[9.12,56.767903],[9.132917,56.745],[9.17,56.71709],[9.175,56.715814],[9.179,56.72],[9.184231,56.73],[9.18,56.735063],[9.195,56.730521],[9.200929,56.725],[9.185,56.715027],[9.18,56.719328],[9.175538,56.715],[9.176132,56.71],[9.17,56.705039],[9.152755,56.7],[9.136554,56.69],[9.124994,56.68],[9.115,56.665005],[9.11,56.662838],[9.10125,56.665],[9.102174,56.65],[9.105625,56.645],[9.1,56.640012],[9.09,56.642391],[9.06,56.628684],[9.048824,56.61],[9.048269,56.6],[9.05,56.587143],[9.059998,56.575],[9.06,56.571],[9.07,56.569286],[9.079167,56.575],[9.085,56.603125],[9.1,56.611364],[9.115625,56.615],[9.09,56.62],[9.121667,56.63],[9.145,56.661667],[9.152,56.66],[9.16,56.65],[9.155,56.63913],[9.16,56.630208],[9.165,56.627927],[9.19,56.626944],[9.21,56.634991],[9.22,56.63],[9.244,56.635],[9.249,56.64],[9.265,56.640543],[9.27,56.633269],[9.28,56.631125],[9.283,56.625],[9.3,56.610982],[9.3105,56.64],[9.311711,56.66],[9.299643,56.68],[9.285,56.690577],[9.265,56.691667],[9.24,56.68],[9.234375,56.685],[9.215,56.675009],[9.191724,56.67],[9.18,56.66275],[9.17,56.665003],[9.156842,56.675],[9.155714,56.68],[9.162206,56.685],[9.175,56.689999],[9.185,56.699947],[9.199082,56.705],[9.21,56.714987],[9.221585,56.72],[9.23339,56.735],[9.237,56.745],[9.232604,56.755],[9.225455,56.76],[9.215,56.763193],[9.178,56.765],[9.1806,56.775],[9.178462,56.78],[9.183182,56.785],[9.176406,56.795],[9.165,56.801111],[9.163372,56.805],[9.17,56.814993],[9.175,56.814997],[9.195937,56.835],[9.2028,56.85],[9.2,56.864677],[9.18,56.878243],[9.165,56.88375],[9.159773,56.88],[9.175,56.92],[9.18,56.924998],[9.195,56.929998],[9.196053,56.94],[9.203889,56.945],[9.205833,56.95],[9.176667,56.96],[9.179444,56.97],[9.195,56.975],[9.195714,56.98],[9.175,56.995926],[9.14,57.010625],[9.115,57.016176]]}},{"type":"Feature","properties":{"depth":3.0,"source":"DDM 2024 coarse contour","resolution":"0.005 degree sampled grid"},"geometry":{"type":"LineString","coordinates":[[8.575,56.501744],[8.55,56.499375],[8.565,56.499993],[8.575,56.496739],[8.577344,56.5],[8.575,56.501744]]}},{"type":"Feature","properties":{"depth":3.0,"source":"DDM 2024 coarse contour","resolution":"0.005 degree sampled grid"},"geometry":{"type":"LineString","coordinates":[[8.65875,56.585],[8.665,56.584677],[8.671034,56.58],[8.655,56.561667],[8.64,56.555],[8.6345,56.545],[8.639997,56.535],[8.639989,56.525],[8.62,56.513587],[8.618088,56.515],[8.625008,56.525],[8.625005,56.53],[8.615016,56.54],[8.615,56.547614],[8.609355,56.555],[8.63,56.5804],[8.64,56.584998],[8.65875,56.585]]}},{"type":"Feature","properties":{"depth":3.0,"source":"DDM 2024 coarse contour","resolution":"0.005 degree sampled grid"},"geometry":{"type":"LineString","coordinates":[[8.33,56.705008],[8.325,56.708125],[8.32,56.700417],[8.31,56.695],[8.308333,56.68],[8.311,56.675],[8.305,56.665385],[8.28,56.651818],[8.27,56.65],[8.275833,56.64],[8.275,56.635],[8.27,56.6375],[8.249,56.635],[8.275,56.615],[8.29,56.61],[8.299706,56.6],[8.313333,56.595],[8.319286,56.585],[8.315,56.582273],[8.31,56.588235],[8.305,56.585005],[8.2935,56.585],[8.293676,56.575],[8.3,56.56625],[8.303571,56.575],[8.31,56.578529],[8.33,56.582],[8.372857,56.58],[8.385,56.582297],[8.455,56.567813],[8.5,56.553333],[8.51,56.545469],[8.525,56.544999],[8.53,56.549986],[8.535,56.549993],[8.558043,56.57],[8.559971,56.575],[8.555,56.57935],[8.55,56.575018],[8.535,56.575005],[8.515,56.585001],[8.5,56.60425],[8.493833,56.62],[8.483,56.63],[8.47,56.633953],[8.465,56.640003],[8.4202,56.665],[8.355,56.675003],[8.350003,56.68],[8.35,56.686757],[8.34,56.692763],[8.33,56.705008]]}},{"type":"Feature","properties":{"depth":3.0,"source":"DDM 2024 coarse contour","resolution":"0.005 degree sampled grid"},"geometry":{"type":"LineString","coordinates":[[9.29,56.605018],[9.2775,56.585],[9.27,56.58],[9.276667,56.575],[9.274583,56.57],[9.2775,56.56],[9.285,56.551667],[9.285,56.561458],[9.281136,56.565],[9.292547,56.595],[9.29,56.605018]]}},{"type":"Feature","properties":{"depth":3.0,"source":"DDM 2024 coarse contour","resolution":"0.005 degree sampled grid"},"geometry":{"type":"LineString","coordinates":[[8.26,56.616333],[8.246,56.615],[8.257778,56.6],[8.282174,56.6],[8.283333,56.605],[8.28,56.606333],[8.265,56.605714],[8.26,56.61],[8.262222,56.615],[8.26,56.616333]]}},{"type":"Feature","properties":{"depth":3.0,"source":"DDM 2024 coarse contour","resolution":"0.005 degree sampled grid"},"geometry":{"type":"LineString","coordinates":[[10.33,56.606915],[10.325,56.605015],[10.32,56.607857],[10.317059,56.605],[10.33,56.603125],[10.33,56.606915]]}},{"type":"Feature","properties":{"depth":3.0,"source":"DDM 2024 coarse contour","resolution":"0.005 degree sampled grid"},"geometry":{"type":"LineString","coordinates":[[9.135,56.612],[9.123611,56.61],[9.135,56.607778],[9.138333,56.61],[9.135,56.612]]}},{"type":"Feature","properties":{"depth":3.0,"source":"DDM 2024 coarse contour","resolution":"0.005 degree sampled grid"},"geometry":{"type":"LineString","coordinates":[[9.87,56.645008],[9.855,56.648095],[9.85,56.645008],[9.82,56.643824],[9.845625,56.64],[9.855,56.644981],[9.872297,56.645],[9.87,56.645008]]}},{"type":"Feature","properties":{"depth":3.0,"source":"DDM 2024 coarse contour","resolution":"0.005 degree sampled grid"},"geometry":{"type":"LineString","coordinates":[[8.25,56.656538],[8.2406,56.65],[8.245,56.647027],[8.255,56.65],[8.262,56.645],[8.265,56.65],[8.255,56.65],[8.25,56.656538]]}},{"type":"Feature","properties":{"depth":3.0,"source":"DDM 2024 coarse contour","resolution":"0.005 degree sampled grid"},"geometry":{"type":"LineString","coordinates":[[9.93,56.655002],[9.925,56.650051],[9.886484,56.65],[9.89,56.646522],[9.895,56.649972],[9.939038,56.65],[9.93,56.655002]]}},{"type":"Feature","properties":{"depth":3.0,"source":"DDM 2024 coarse contour","resolution":"0.005 degree sampled grid"},"geometry":{"type":"LineString","coordinates":[[10.065,56.700005],[10.055,56.700001],[10.05,56.695009],[10.04,56.695005],[10.035,56.690023],[10.02,56.690001],[10.020115,56.685],[10.015,56.685005],[10.01,56.680039],[10.0,56.680057],[9.995,56.675086],[9.98,56.675006],[9.965,56.665059],[9.955357,56.665],[9.956867,56.66],[9.938514,56.655],[9.941374,56.65],[9.95,56.649946],[9.965,56.654999],[9.97,56.659888],[9.975,56.659925],[9.98,56.654986],[9.995,56.669894],[10.005,56.669923],[10.01,56.674922],[10.015,56.674929],[10.02,56.67046],[10.025,56.674944],[10.03,56.674992],[10.05,56.694991],[10.06,56.691034],[10.07,56.693636],[10.065,56.700005]]}},{"type":"Feature","properties":{"depth":3.0,"source":"DDM 2024 coarse contour","resolution":"0.005 degree sampled grid"},"geometry":{"type":"LineString","coordinates":[[8.225,56.675013],[8.221378,56.665],[8.227128,56.655],[8.235,56.651641],[8.239057,56.655],[8.237344,56.66],[8.23,56.661739],[8.228553,56.675],[8.225,56.675013]]}},{"type":"Feature","properties":{"depth":3.0,"source":"DDM 2024 coarse contour","resolution":"0.005 degree sampled grid"},"geometry":{"type":"LineString","coordinates":[[11.703,56.745],[11.645,56.728136],[11.615,56.7135],[11.595,56.698295],[11.586912,56.69],[11.585,56.682857],[11.577778,56.68],[11.575,56.673333],[11.56,56.6825],[11.545,56.679722],[11.54,56.674667],[11.525,56.675],[11.535,56.675],[11.54,56.68],[11.525,56.682],[11.52,56.69],[11.515,56.6875],[11.51,56.694091],[11.505,56.694286],[11.501667,56.69],[11.505,56.685],[11.5,56.68625],[11.494167,56.69],[11.50375,56.695],[11.487857,56.705],[11.505,56.711875],[11.508571,56.725],[11.505,56.735],[11.51,56.739375],[11.52,56.7375],[11.525,56.741],[11.547778,56.73],[11.58,56.727736],[11.635,56.739987],[11.66,56.738636],[11.68,56.746579],[11.703,56.745]]}},{"type":"Feature","properties":{"depth":3.0,"source":"DDM 2024 coarse contour","resolution":"0.005 degree sampled grid"},"geometry":{"type":"LineString","coordinates":[[8.55,56.694167],[8.5275,56.69],[8.55,56.688529],[8.553571,56.69],[8.55,56.694167]]}},{"type":"Feature","properties":{"depth":3.0,"source":"DDM 2024 coarse contour","resolution":"0.005 degree sampled grid"},"geometry":{"type":"LineString","coordinates":[[8.91,56.705012],[8.9,56.707549],[8.89,56.705013],[8.885,56.708],[8.878295,56.705],[8.885,56.703846],[8.893571,56.695],[8.9,56.694997],[8.913636,56.705],[8.91,56.705012]]}},{"type":"Feature","properties":{"depth":3.0,"source":"DDM 2024 coarse contour","resolution":"0.005 degree sampled grid"},"geometry":{"type":"LineString","coordinates":[[8.555,56.7062],[8.55,56.709714],[8.546071,56.705],[8.55,56.695164],[8.555,56.7062]]}},{"type":"Feature","properties":{"depth":3.0,"source":"DDM 2024 coarse contour","resolution":"0.005 degree sampled grid"},"geometry":{"type":"LineString","coordinates":[[8.275,56.718125],[8.266848,56.715],[8.27,56.708929],[8.278061,56.715],[8.275,56.718125]]}},{"type":"Feature","properties":{"depth":3.0,"source":"DDM 2024 coarse contour","resolution":"0.005 degree sampled grid"},"geometry":{"type":"LineString","coordinates":[[8.63,56.889551],[8.629998,56.875],[8.626957,56.87],[8.634948,56.865],[8.575,56.815001],[8.541053,56.815],[8.544286,56.81],[8.539615,56.805],[8.523571,56.805],[8.515,56.800016],[8.491111,56.795],[8.477031,56.785],[8.479,56.775],[8.5,56.76],[8.501583,56.755],[8.495,56.7498],[8.479815,56.72],[8.505,56.719982],[8.545,56.706364],[8.549615,56.71],[8.537593,56.715],[8.534524,56.72],[8.546667,56.73],[8.54,56.7315],[8.51,56.720024],[8.505,56.720018],[8.5,56.725],[8.500012,56.74],[8.51,56.749998],[8.535,56.759167],[8.55,56.76119],[8.55,56.769706],[8.538,56.79],[8.55,56.795389],[8.566842,56.79],[8.585,56.8],[8.605,56.800075],[8.613958,56.795],[8.623125,56.795],[8.63,56.799976],[8.635,56.797843],[8.66,56.8078],[8.66141,56.815],[8.605833,56.82],[8.604945,56.825],[8.61,56.829965],[8.623269,56.835],[8.644359,56.855],[8.645001,56.87],[8.640036,56.875],[8.640032,56.88],[8.635,56.880051],[8.63004,56.885],[8.63,56.889551]]}},{"type":"Feature","properties":{"depth":3.0,"source":"DDM 2024 coarse contour","resolution":"0.005 degree sampled grid"},"geometry":{"type":"LineString","coordinates":[[10.22,56.7125],[10.205,56.710008],[10.205,56.706923],[10.22,56.707639],[10.22,56.7125]]}},{"type":"Feature","properties":{"depth":3.0,"source":"DDM 2024 coarse contour","resolution":"0.005 degree sampled grid"},"geometry":{"type":"LineString","coordinates":[[11.730556,56.75],[11.715,56.7475],[11.708542,56.75],[11.730556,56.75]]}},{"type":"Feature","properties":{"depth":3.0,"source":"DDM 2024 coarse contour","resolution":"0.005 degree sampled grid"},"geometry":{"type":"LineString","coordinates":[[9.02,56.800034],[8.9975,56.795],[9.005,56.794992],[9.010469,56.79],[9.02,56.795208],[9.02,56.800034]]}},{"type":"Feature","properties":{"depth":3.0,"source":"DDM 2024 coarse contour","resolution":"0.005 degree sampled grid"},"geometry":{"type":"LineString","coordinates":[[9.092286,56.905],[9.104991,56.89],[9.100833,56.885],[9.101935,56.88],[9.136167,56.855],[9.125,56.854902],[9.115,56.864286],[9.1,56.868],[9.095,56.87375],[9.075,56.882963],[9.065,56.895],[9.08,56.907195],[9.092286,56.905]]}},{"type":"Feature","properties":{"depth":3.0,"source":"DDM 2024 coarse contour","resolution":"0.005 degree sampled grid"},"geometry":{"type":"LineString","coordinates":[[8.865,56.992027],[8.86,56.985278],[8.84,56.9875],[8.853571,56.975],[8.85,56.972596],[8.83,56.964545],[8.799583,56.96],[8.775,56.945023],[8.735,56.945031],[8.73,56.949195],[8.72,56.945035],[8.714079,56.95],[8.67,56.950021],[8.65999,56.94],[8.664999,56.925],[8.66,56.92],[8.64564,56.915],[8.641111,56.9],[8.630312,56.89],[8.665,56.891204],[8.675,56.895674],[8.68,56.89125],[8.73,56.894979],[8.735,56.890991],[8.75,56.899984],[8.815,56.905795],[8.825,56.919167],[8.825003,56.93],[8.845,56.950417],[8.86,56.959981],[8.865,56.954989],[8.89,56.955889],[8.918581,56.97],[8.915,56.974417],[8.895,56.969211],[8.885,56.971364],[8.878519,56.98],[8.88,56.986765],[8.87,56.988125],[8.865,56.992027]]}},{"type":"Feature","properties":{"depth":3.0,"source":"DDM 2024 coarse contour","resolution":"0.005 degree sampled grid"},"geometry":{"type":"LineString","coordinates":[[9.008333,56.91],[9.018125,56.9],[9.015,56.897917],[9.005526,56.9],[9.002,56.91],[9.005,56.912727],[9.008333,56.91]]}},{"type":"Feature","properties":{"depth":3.0,"source":"DDM 2024 coarse contour","resolution":"0.005 degree sampled grid"},"geometry":{"type":"LineString","coordinates":[[8.951356,56.935],[8.950789,56.925],[8.958125,56.92],[8.952727,56.92],[8.95,56.923333],[8.945,56.922],[8.943333,56.925],[8.943191,56.935],[8.951356,56.935]]}},{"type":"Feature","properties":{"depth":3.0,"source":"DDM 2024 coarse contour","resolution":"0.005 degree sampled grid"},"geometry":{"type":"LineString","coordinates":[[10.3,56.935323],[10.284333,56.935],[10.2975,56.93],[10.3,56.925],[10.30625,56.93],[10.3,56.935323]]}},{"type":"Feature","properties":{"depth":3.0,"source":"DDM 2024 coarse contour","resolution":"0.005 degree sampled grid"},"geometry":{"type":"LineString","coordinates":[[9.25,56.9714],[9.235,56.972237],[9.232821,56.97],[9.235,56.967927],[9.25,56.9714]]}},{"type":"Feature","properties":{"depth":3.0,"source":"DDM 2024 coarse contour","resolution":"0.005 degree sampled grid"},"geometry":{"type":"LineString","coordinates":[[9.285,56.997308],[9.278889,56.995],[9.266667,56.98],[9.268833,56.975],[9.280003,56.98],[9.280032,56.985],[9.287927,56.995],[9.285,56.997308]]}},{"type":"Feature","properties":{"depth":3.0,"source":"DDM 2024 coarse contour","resolution":"0.005 degree sampled grid"},"geometry":{"type":"LineString","coordinates":[[10.035,57.075003],[10.029143,57.075],[10.029984,57.07],[10.04,57.06],[10.045,57.059998],[10.06,57.049998],[10.07,57.049965],[10.08,57.039998],[10.09,57.039996],[10.107407,57.03],[10.12413,57.025],[10.138333,57.015],[10.14,57.009987],[10.16,57.004994],[10.187692,56.99],[10.2,56.989957],[10.207353,56.985],[10.225,56.984954],[10.23,56.979996],[10.235,56.982073],[10.25,56.979999],[10.255,56.984956],[10.27471,56.985],[10.27,56.988963],[10.265,56.985046],[10.225,56.985046],[10.22,56.989565],[10.215,56.985],[10.216154,56.99],[10.21,56.990023],[10.155217,57.02],[10.14,57.025021],[10.12,57.038867],[10.07,57.055],[10.055,57.0637],[10.045,57.065036],[10.035,57.075003]]}},{"type":"Feature","properties":{"depth":3.0,"source":"DDM 2024 coarse contour","resolution":"0.005 degree sampled grid"},"geometry":{"type":"LineString","coordinates":[[10.325,56.985385],[10.315,56.989545],[10.310333,56.985],[10.315,56.977778],[10.325,56.975645],[10.328553,56.98],[10.325,56.985385]]}},{"type":"Feature","properties":{"depth":3.0,"source":"DDM 2024 coarse contour","resolution":"0.005 degree sampled grid"},"geometry":{"type":"LineString","coordinates":[[10.305,56.990025],[10.271635,56.99],[10.275,56.985513],[10.28,56.984998],[10.3,56.986091],[10.308493,56.99],[10.305,56.990025]]}},{"type":"Feature","properties":{"depth":3.0,"source":"DDM 2024 coarse contour","resolution":"0.005 degree sampled grid"},"geometry":{"type":"LineString","coordinates":[[9.33,57.011607],[9.31125,57.01],[9.30413,57.005],[9.321071,57.005],[9.331957,57.01],[9.33,57.011607]]}},{"type":"Feature","properties":{"depth":3.0,"source":"DDM 2024 coarse contour","resolution":"0.005 degree sampled grid"},"geometry":{"type":"LineString","coordinates":[[9.37,57.016897],[9.36,57.015238],[9.35,57.0178],[9.337667,57.015],[9.350333,57.01],[9.36,57.014762],[9.37,57.011765],[9.374231,57.015],[9.37,57.016897]]}},{"type":"Feature","properties":{"depth":3.0,"source":"DDM 2024 coarse contour","resolution":"0.005 degree sampled grid"},"geometry":{"type":"LineString","coordinates":[[9.66,57.03375],[9.650455,57.03],[9.65,57.023],[9.635,57.022222],[9.621667,57.015],[9.625,57.01],[9.635,57.0075],[9.645,57.01],[9.66,57.02],[9.657308,57.025],[9.6625,57.03],[9.66,57.03375]]}},{"type":"Feature","properties":{"depth":3.0,"source":"DDM 2024 coarse contour","resolution":"0.005 degree sampled grid"},"geometry":{"type":"LineString","coordinates":[[9.39,57.017679],[9.378333,57.015],[9.395,57.015],[9.39,57.017679]]}},{"type":"Feature","properties":{"depth":3.0,"source":"DDM 2024 coarse contour","resolution":"0.005 degree sampled grid"},"geometry":{"type":"LineString","coordinates":[[9.515,57.031346],[9.51,57.027614],[9.505,57.031562],[9.49,57.025021],[9.485,57.027941],[9.48,57.022755],[9.44,57.023871],[9.433542,57.02],[9.505,57.022019],[9.5092,57.02],[9.505962,57.015],[9.514038,57.015],[9.51069,57.02],[9.5188,57.025],[9.515,57.031346]]}},{"type":"Feature","properties":{"depth":3.0,"source":"DDM 2024 coarse contour","resolution":"0.005 degree sampled grid"},"geometry":{"type":"LineString","coordinates":[[9.555,57.032045],[9.545,57.033558],[9.531389,57.03],[9.539545,57.025],[9.54,57.018667],[9.6,57.014583],[9.605,57.015],[9.609,57.02],[9.6,57.023088],[9.555,57.023],[9.555,57.032045]]}},{"type":"Feature","properties":{"depth":3.0,"source":"DDM 2024 coarse contour","resolution":"0.005 degree sampled grid"},"geometry":{"type":"LineString","coordinates":[[9.43,57.027083],[9.415,57.029792],[9.393036,57.025],[9.411316,57.02],[9.425,57.02],[9.432083,57.025],[9.43,57.027083]]}},{"type":"Feature","properties":{"depth":3.0,"source":"DDM 2024 coarse contour","resolution":"0.005 degree sampled grid"},"geometry":{"type":"LineString","coordinates":[[9.445,57.035011],[9.440417,57.035],[9.445,57.03],[9.458333,57.03],[9.455,57.033571],[9.445,57.03],[9.448143,57.035],[9.445,57.035011]]}},{"type":"Feature","properties":{"depth":3.0,"source":"DDM 2024 coarse contour","resolution":"0.005 degree sampled grid"},"geometry":{"type":"LineString","coordinates":[[9.615,57.032794],[9.595,57.033],[9.59,57.03],[9.595,57.026707],[9.605,57.026525],[9.61,57.029981],[9.615,57.027979],[9.618167,57.03],[9.615,57.032794]]}},{"type":"Feature","properties":{"depth":3.0,"source":"DDM 2024 coarse contour","resolution":"0.005 degree sampled grid"},"geometry":{"type":"LineString","coordinates":[[9.69,57.055833],[9.676667,57.055],[9.660556,57.035],[9.665,57.031364],[9.68,57.042895],[9.69,57.039999],[9.695,57.04499],[9.699565,57.045],[9.695,57.048889],[9.6825,57.05],[9.6925,57.055],[9.69,57.055833]]}},{"type":"Feature","properties":{"depth":3.0,"source":"DDM 2024 coarse contour","resolution":"0.005 degree sampled grid"},"geometry":{"type":"LineString","coordinates":[[9.725,57.055217],[9.705,57.054348],[9.6975,57.05],[9.7,57.04625],[9.735,57.05],[9.725,57.055217]]}},{"type":"Feature","properties":{"depth":3.0,"source":"DDM 2024 coarse contour","resolution":"0.005 degree sampled grid"},"geometry":{"type":"LineString","coordinates":[[9.81,57.058776],[9.806224,57.055],[9.807959,57.05],[9.830741,57.05],[9.82,57.053678],[9.815,57.050625],[9.81,57.058776]]}},{"type":"Feature","properties":{"depth":3.0,"source":"DDM 2024 coarse contour","resolution":"0.005 degree sampled grid"},"geometry":{"type":"LineString","coordinates":[[9.75,57.062083],[9.74,57.062583],[9.7315,57.055],[9.735,57.05],[9.745,57.052759],[9.75,57.055833],[9.752083,57.06],[9.75,57.062083]]}},{"type":"Feature","properties":{"depth":3.0,"source":"DDM 2024 coarse contour","resolution":"0.005 degree sampled grid"},"geometry":{"type":"LineString","coordinates":[[9.885,57.062308],[9.88,57.064286],[9.871358,57.06],[9.886364,57.06],[9.885,57.062308]]}},{"type":"Feature","properties":{"depth":3.0,"source":"DDM 2024 coarse contour","resolution":"0.005 degree sampled grid"},"geometry":{"type":"LineString","coordinates":[[10.015,57.085038],[9.985885,57.085],[9.971591,57.075],[9.961471,57.06],[9.965,57.059988],[9.98,57.074977],[9.99,57.079993],[10.015,57.080575],[10.018667,57.085],[10.015,57.085038]]}},{"type":"Feature","properties":{"depth":3.0,"source":"DDM 2024 coarse contour","resolution":"0.005 degree sampled grid"},"geometry":{"type":"LineString","coordinates":[[9.79,57.073333],[9.785,57.07003],[9.78,57.073371],[9.767,57.07],[9.775,57.065341],[9.785,57.06558],[9.793944,57.07],[9.79,57.073333]]}},{"type":"Feature","properties":{"depth":3.0,"source":"DDM 2024 coarse contour","resolution":"0.005 degree sampled grid"},"geometry":{"type":"LineString","coordinates":[[10.435,57.147292],[10.43,57.146977],[10.43,57.135],[10.438056,57.145],[10.435,57.147292]]}},{"type":"Feature","properties":{"depth":3.0,"source":"DDM 2024 coarse contour","resolution":"0.005 degree sampled grid"},"geometry":{"type":"LineString","coordinates":[[10.931875,57.36],[10.938594,57.34],[10.957174,57.32],[10.96,57.309],[11.011129,57.31],[11.025,57.323684],[11.0552,57.32],[11.11,57.320686],[11.12,57.324978],[11.132712,57.325],[11.136667,57.33],[11.135,57.335179],[11.15,57.335196],[11.155,57.330312],[11.16,57.332411],[11.165,57.328191],[11.175,57.327209],[11.195,57.330833],[11.203,57.32],[11.205,57.305],[11.2,57.304643],[11.205,57.305],[11.204118,57.295],[11.2075,57.285],[11.194167,57.275],[11.2,57.2725],[11.205,57.275],[11.202,57.27],[11.205,57.267],[11.215,57.26875],[11.22,57.265],[11.21,57.26],[11.215,57.254444],[11.21,57.26],[11.205,57.258889],[11.195,57.266667],[11.19,57.26375],[11.18125,57.255],[11.183333,57.25],[11.1775,57.245],[11.178333,57.24],[11.17,57.236],[11.166667,57.225],[11.16,57.225455],[11.1575,57.22],[11.16,57.215],[11.165,57.216667],[11.18,57.21],[11.18,57.194167],[11.19,57.1975],[11.192143,57.195],[11.19,57.18],[11.185,57.182273],[11.1825,57.18],[11.185,57.169],[11.175,57.165],[11.16,57.1675],[11.155,57.165],[11.1225,57.17],[11.135,57.1725],[11.136923,57.175],[11.133182,57.18],[11.147857,57.19],[11.143333,57.195],[11.156875,57.205],[11.156111,57.21],[11.16,57.215],[11.155,57.219],[11.129286,57.2],[11.115,57.197647],[11.11,57.193333],[11.1,57.192308],[11.075,57.181154],[11.077143,57.17],[11.065,57.164333],[11.015,57.151818],[11.005,57.153333],[11.0,57.14875],[10.995,57.152],[10.975,57.15125],[10.97,57.14625],[10.925,57.153571],[10.915,57.165],[10.91,57.185],[10.89125,57.2],[10.887857,57.21],[10.8775,57.215],[10.875,57.225],[10.87,57.225],[10.88,57.225],[10.883333,57.235],[10.873333,57.24],[10.869375,57.25],[10.84,57.264286],[10.825,57.28],[10.83,57.275682],[10.85,57.277111],[10.865,57.271364],[10.885,57.275],[10.902143,57.285],[10.9,57.291],[10.91,57.289615],[10.92,57.2994],[10.926429,57.3],[10.932187,57.32],[10.927,57.335],[10.902885,57.345],[10.905,57.348438],[10.915,57.3474],[10.920714,57.35],[10.921765,57.355],[10.915014,57.36],[10.92,57.364985],[10.931875,57.36]]}},{"type":"Feature","properties":{"depth":3.0,"source":"DDM 2024 coarse contour","resolution":"0.005 degree sampled grid"},"geometry":{"type":"LineString","coordinates":[[10.955,57.160263],[10.937,57.16],[10.95,57.1575],[10.96,57.151667],[10.9625,57.155],[10.96,57.158333],[10.955,57.155],[10.9575,57.16],[10.955,57.160263]]}},{"type":"Feature","properties":{"depth":3.0,"source":"DDM 2024 coarse contour","resolution":"0.005 degree sampled grid"},"geometry":{"type":"LineString","coordinates":[[9.408523,58.0],[9.375,57.981239],[9.37,57.981244],[9.365,57.976204],[9.36,57.976207],[9.35,57.966138],[9.335,57.96112],[9.325,57.951075],[9.3,57.941019],[9.29,57.930978],[9.275,57.925961],[9.265,57.915913],[9.24,57.905865],[9.23,57.895824],[9.215,57.890811],[9.205,57.88079],[9.2,57.880796],[9.195,57.875781],[9.19,57.875788],[9.18,57.865719],[9.155,57.855625],[9.145,57.845582],[9.13,57.840574],[9.12,57.830571],[9.095,57.820558],[9.07,57.800551],[9.045,57.79056],[9.035,57.780558],[9.02,57.77557],[9.01,57.765578],[8.995,57.760606],[8.985,57.750576],[8.96,57.740534],[8.95,57.730524],[8.935,57.725492],[8.925,57.715482],[8.91,57.71045],[8.9,57.700428],[8.895,57.700426],[8.89,57.695421],[8.88,57.695423],[8.875,57.69043],[8.855,57.690444],[8.85,57.685459],[8.825,57.685473],[8.82,57.680493],[8.795,57.680496],[8.79,57.675497],[8.77,57.67551],[8.765,57.670517],[8.745,57.670552],[8.74,57.665562],[8.715,57.665614],[8.71,57.660611],[8.69,57.660658],[8.685,57.65564],[8.66,57.655697],[8.655,57.650666],[8.635,57.650706],[8.63,57.645665],[8.605,57.645707],[8.6,57.640655],[8.58,57.640704],[8.575,57.635674],[8.55,57.635714],[8.545,57.630707],[8.525,57.630708],[8.52,57.6257],[8.5,57.625697],[8.495,57.620684],[8.47,57.620686],[8.465,57.615673],[8.445,57.61568],[8.44,57.610666],[8.425,57.610676],[8.42,57.605665],[8.405,57.605673],[8.4,57.600664],[8.385,57.600672],[8.38,57.595664],[8.365,57.595673],[8.36,57.590662],[8.35,57.590668],[8.345,57.585656],[8.325,57.585668],[8.32,57.580657],[8.31,57.580662],[8.305,57.575648],[8.29,57.575654],[8.285,57.570641],[8.265,57.570648],[8.26,57.565635],[8.25,57.56564],[8.245,57.560629],[8.23,57.560639],[8.225,57.555629],[8.21,57.555638],[8.205,57.550632],[8.19,57.550638],[8.185,57.545631],[8.17,57.545639],[8.165,57.54063],[8.15,57.540639],[8.145,57.535629],[8.13,57.535639],[8.125,57.530632],[8.11,57.530643],[8.105,57.525635],[8.09,57.525643],[8.085,57.520634],[8.07,57.520637],[8.065,57.515628],[8.05,57.515629],[8.045,57.510621],[8.03,57.510621],[8.025,57.505614],[8.01,57.505614],[8.005,57.500598],[7.99,57.500575],[7.985,57.495579],[7.975,57.495575],[7.97,57.490576],[7.955,57.490573],[7.95,57.485574],[7.925,57.48057],[7.92,57.475567],[7.91,57.475566],[7.905,57.470558],[7.89,57.470561],[7.885,57.465548],[7.875,57.465554],[7.87,57.460539],[7.86,57.460547],[7.855,57.455529],[7.84,57.455537],[7.835,57.450537],[7.825,57.450528],[7.82,57.445556],[7.81,57.44551],[7.805,57.44052],[7.795,57.440484],[7.79,57.435451],[7.775,57.435441],[7.77,57.430402],[7.76,57.430414],[7.755,57.425393],[7.745,57.425396],[7.74,57.420386],[7.73,57.420384],[7.725,57.415378],[7.71,57.415374],[7.705,57.410372],[7.695,57.410374],[7.69,57.405373],[7.665,57.400379],[7.66,57.395373],[7.645,57.395377],[7.64,57.39038],[7.63,57.390381],[7.625,57.385392],[7.615,57.385387],[7.61,57.380403],[7.595,57.380402],[7.59,57.375413],[7.58,57.375415],[7.575,57.370415],[7.565,57.370419],[7.56,57.365413],[7.55,57.365418],[7.545,57.360409],[7.53,57.360417],[7.525,57.355402],[7.515,57.355407],[7.51,57.350385],[7.5,57.350396],[7.495,57.345371],[7.485,57.345378],[7.48,57.340356],[7.465,57.340362],[7.46,57.335344],[7.45,57.335341],[7.445,57.330326],[7.42,57.325303],[7.415,57.320289],[7.405,57.32029],[7.4,57.315277]]}},{"type":"Feature","properties":{"depth":3.0,"source":"DDM 2024 coarse contour","resolution":"0.005 degree sampled grid"},"geometry":{"type":"LineString","coordinates":[[11.2104,57.335],[11.215,57.328333],[11.204545,57.335],[11.2104,57.335]]}},{"type":"Feature","properties":{"depth":3.0,"source":"DDM 2024 coarse contour","resolution":"0.005 degree sampled grid"},"geometry":{"type":"LineString","coordinates":[[10.890714,57.36],[10.8945,57.35],[10.89,57.34686],[10.882941,57.35],[10.8773,57.36],[10.885,57.363409],[10.890714,57.36]]}},{"type":"Feature","properties":{"depth":3.0,"source":"DDM 2024 coarse contour","resolution":"0.005 degree sampled grid"},"geometry":{"type":"LineString","coordinates":[[10.601875,57.5],[10.631169,57.485],[10.625,57.480023],[10.62,57.48002],[10.615,57.484444],[10.592,57.49],[10.59,57.493333],[10.584615,57.49],[10.588333,57.495],[10.595,57.495294],[10.597857,57.5],[10.601875,57.5]]}},{"type":"Feature","properties":{"depth":3.0,"source":"DDM 2024 coarse contour","resolution":"0.005 degree sampled grid"},"geometry":{"type":"LineString","coordinates":[[10.68125,57.75],[10.67,57.743864],[10.6582,57.75],[10.662143,57.75],[10.665,57.745385],[10.669,57.75],[10.68125,57.75]]}},{"type":"Feature","properties":{"depth":5.0,"source":"DDM 2024 coarse contour","resolution":"0.005 degree sampled grid"},"geometry":{"type":"LineString","coordinates":[[7.4,55.199911],[7.41,55.199911],[7.415,55.194911],[7.435,55.19491],[7.44,55.189909],[7.46,55.189906],[7.465,55.184907],[7.485,55.184902],[7.49,55.179906],[7.51,55.17991],[7.515,55.174912],[7.535,55.174914],[7.54,55.169915],[7.565,55.169915],[7.57,55.164915],[7.6,55.164918],[7.605,55.159919],[7.635,55.159919],[7.64,55.154919],[7.675,55.154918],[7.68,55.149918],[7.71,55.149915],[7.715,55.144918],[7.745,55.144921],[7.75,55.139922],[7.78,55.139923],[7.785,55.134925],[7.815,55.134927],[7.82,55.129928],[7.855,55.129929],[7.86,55.124929],[7.89,55.124928],[7.895,55.119929],[7.925,55.119929],[7.93,55.114929],[7.965,55.114931],[7.97,55.10993],[8.0,55.109931],[8.005,55.104931],[8.035,55.104934],[8.04,55.099937],[8.07,55.099937],[8.075,55.094939],[8.11,55.094941],[8.115,55.089942],[8.14,55.089944],[8.145,55.084945],[8.18,55.084948],[8.185,55.079948],[8.215,55.079952],[8.22,55.074952],[8.25,55.074957],[8.255,55.069958],[8.285,55.069996],[8.29,55.064978],[8.308929,55.065],[8.295,55.07],[8.297143,55.075],[8.295,55.078],[8.285,55.080109],[8.32,55.083478],[8.335,55.08],[8.323125,55.075],[8.33,55.074167],[8.3306,55.065],[8.355,55.064955],[8.36,55.069997],[8.415,55.069939],[8.42,55.064915],[8.44,55.064885],[8.445,55.059917],[8.465,55.059864],[8.47,55.054929],[8.475,55.054875],[8.479886,55.05],[8.479999,55.04],[8.474989,55.035],[8.475,55.025159],[8.478333,55.025],[8.49,55.009966],[8.495686,55.01],[8.480385,55.025],[8.498052,55.04],[8.494839,55.06],[8.49,55.06297],[8.46,55.064783],[8.44,55.073437],[8.425,55.069617],[8.42,55.073487],[8.405,55.074167],[8.395,55.078214],[8.375,55.074167],[8.37,55.077945],[8.365,55.076],[8.364231,55.08],[8.368148,55.085],[8.366667,55.09],[8.38,55.095],[8.37,55.099375],[8.365,55.096667],[8.361,55.105],[8.415,55.108793],[8.425,55.106136],[8.437353,55.11],[8.425,55.113864],[8.415,55.111842],[8.3915,55.115],[8.41,55.119231],[8.42,55.116667],[8.426538,55.12],[8.425,55.122857],[8.415,55.124318],[8.41,55.121],[8.38,55.125],[8.39,55.125],[8.402,55.13],[8.4,55.133333],[8.39,55.135],[8.395,55.14],[8.4,55.135833],[8.405,55.142308],[8.429583,55.145],[8.425,55.148056],[8.395714,55.15],[8.448182,55.155],[8.445,55.158182],[8.429167,55.16],[8.436667,55.165],[8.435,55.1675],[8.415,55.17125],[8.411111,55.18],[8.405,55.177083],[8.395455,55.18],[8.392333,55.19],[8.386667,55.195],[8.3985,55.2],[8.379643,55.215],[8.381579,55.225],[8.3775,55.23],[8.38,55.235],[8.374,55.24],[8.386667,55.24],[8.388125,55.245],[8.38375,55.25],[8.39,55.24625],[8.395,55.255526],[8.4,55.2525],[8.42,55.261364],[8.425,55.25875],[8.442143,55.27],[8.425,55.277917],[8.42,55.274643],[8.42,55.28],[8.38,55.278966],[8.377,55.28],[8.38,55.284286],[8.385333,55.285],[8.3625,55.285],[8.366,55.29],[8.351429,55.3],[8.35,55.32],[8.36,55.325],[8.3525,55.33],[8.359375,55.335],[8.355,55.34],[8.382857,55.35],[8.368889,55.355],[8.384167,55.36],[8.38,55.364167],[8.372778,55.365],[8.38,55.37],[8.3675,55.375],[8.3635,55.385],[8.352857,55.39],[8.365556,55.395],[8.35,55.3975],[8.345,55.403889],[8.3375,55.405],[8.345,55.4075],[8.345,55.411111],[8.34,55.41325],[8.335,55.414],[8.33,55.41],[8.333333,55.415],[8.33,55.4175],[8.316667,55.42],[8.32,55.4255],[8.31,55.421667],[8.295,55.42375],[8.29,55.417895],[8.274,55.42],[8.285,55.42],[8.29,55.425],[8.28,55.428421],[8.27,55.427353],[8.267,55.43],[8.27,55.435],[8.28,55.433333],[8.293333,55.445],[8.308514,55.45],[8.2855,55.46],[8.29,55.465909],[8.27875,55.465],[8.28,55.459286],[8.27,55.461667],[8.266,55.465],[8.266842,55.47],[8.273043,55.475],[8.27,55.477414],[8.255,55.48],[8.25,55.486905],[8.245,55.48625],[8.222,55.5],[8.22,55.505676],[8.208333,55.505],[8.195,55.51625],[8.1875,55.515],[8.18,55.521562],[8.17,55.5175],[8.15,55.525],[8.145,55.52],[8.135,55.52],[8.138846,55.525],[8.135,55.528125],[8.130455,55.525],[8.135,55.52],[8.125,55.525],[8.12,55.521667],[8.115,55.525],[8.105,55.52],[8.1,55.526875],[8.086875,55.515],[8.09,55.51],[8.080714,55.515],[8.083,55.52],[8.08,55.526724],[8.06,55.51],[8.05,55.509038],[8.045,55.513125],[8.03,55.507222],[8.025,55.51],[8.005,55.508846],[8.0,55.514],[7.98,55.514239],[7.966,55.525],[7.99,55.552],[8.0,55.553621],[8.006429,55.55],[8.000556,55.54],[8.009167,55.535],[8.001667,55.52],[8.005,55.515],[8.01,55.514],[8.015286,55.52],[8.015625,55.54],[8.011667,55.55],[8.016818,55.56],[8.02,55.562763],[8.041667,55.565],[8.025,55.566176],[8.018636,55.57],[8.014615,55.575],[8.018125,55.58],[8.025,55.585833],[8.03,55.582778],[8.04,55.587561],[8.055,55.581944],[8.07,55.583889],[8.0785,55.59],[8.075,55.593889],[8.063,55.595],[8.08,55.598571],[8.100357,55.615],[8.1,55.621],[8.105811,55.625],[8.102273,55.635],[8.115,55.652778],[8.121176,55.655],[8.121818,55.665],[8.135,55.688571],[8.140192,55.69],[8.139091,55.695],[8.154583,55.725],[8.158421,55.745],[8.1675,55.76],[8.163158,55.79],[8.1675,55.795],[8.162407,55.8],[8.1626,55.815],[8.156944,55.825],[8.159375,55.83],[8.152353,55.84],[8.146957,55.86],[8.146364,55.87],[8.150441,55.875],[8.143611,55.88],[8.142083,55.89],[8.146324,55.9],[8.142647,55.905],[8.142083,55.915],[8.137609,55.92],[8.1425,55.925],[8.1325,55.94],[8.133889,55.945],[8.127581,55.95],[8.117917,55.985],[8.101538,56.0],[8.103519,56.005],[8.09025,56.035],[8.0925,56.04],[8.087308,56.045],[8.086897,56.065],[8.091974,56.07],[8.0886,56.075],[8.092187,56.08],[8.091957,56.09],[8.097258,56.105],[8.094405,56.115],[8.099167,56.12],[8.09875,56.125],[8.105,56.129643],[8.105,56.133333],[8.099516,56.135],[8.105,56.14],[8.106786,56.15],[8.104394,56.155],[8.108333,56.17],[8.115,56.173293],[8.115,56.177692],[8.108667,56.18],[8.117195,56.185],[8.112941,56.19],[8.115,56.193889],[8.12,56.1935],[8.12,56.199286],[8.114821,56.2],[8.12087,56.21],[8.11775,56.215],[8.122143,56.23],[8.122059,56.25],[8.125,56.253125],[8.120312,56.26],[8.125,56.265],[8.1192,56.27],[8.116957,56.3],[8.113095,56.305],[8.109694,56.36],[8.1126,56.365],[8.108077,56.37],[8.112143,56.39],[8.11,56.40125],[8.115,56.399444],[8.115,56.4085],[8.108966,56.415],[8.116,56.43],[8.110278,56.44],[8.113913,56.46],[8.12,56.464464],[8.12,56.475769],[8.115,56.476667],[8.113684,56.48],[8.111019,56.515],[8.115002,56.52],[8.110009,56.525],[8.115,56.551667],[8.125,56.565],[8.12303,56.575],[8.145,56.614032],[8.149623,56.64],[8.177941,56.68],[8.196184,56.7],[8.215,56.711641],[8.224994,56.705],[8.235,56.681646],[8.246923,56.685],[8.23,56.718864],[8.214615,56.725],[8.22,56.729],[8.218696,56.745],[8.225,56.785],[8.249576,56.835],[8.26,56.845],[8.260312,56.85],[8.3045,56.9],[8.30439,56.905],[8.36,56.963571],[8.375,56.965278],[8.385,56.97],[8.435,57.009999],[8.475,57.049992],[8.5,57.05],[8.52,57.062],[8.545,57.079997],[8.59,57.126321],[8.62,57.129991],[8.73,57.107667],[8.76,57.104524],[8.86,57.12],[8.9,57.134773],[8.910263,57.135],[8.911842,57.14],[8.92,57.140909],[8.925,57.145517],[8.935179,57.145],[8.939167,57.15],[8.945469,57.15],[8.95,57.156757],[8.955,57.155667],[8.965,57.161],[8.98,57.163438],[9.009444,57.16],[9.03,57.163182],[9.13,57.148824],[9.15,57.147143],[9.155,57.15],[9.17,57.145833],[9.18,57.1485],[9.185,57.145938],[9.195,57.148611],[9.22,57.1475],[9.235,57.151053],[9.24,57.148409],[9.245,57.151875],[9.255,57.151],[9.26,57.153846],[9.265,57.151579],[9.305,57.159583],[9.310333,57.155],[9.315,57.16],[9.325,57.163158],[9.355,57.163846],[9.37,57.169444],[9.375,57.167187],[9.38,57.171667],[9.4,57.173846],[9.45,57.197143],[9.455,57.194828],[9.458125,57.2],[9.47,57.207143],[9.515,57.22625],[9.52,57.223793],[9.523889,57.23],[9.545909,57.24],[9.585,57.276842],[9.5975,57.28],[9.605769,57.295],[9.63,57.315],[9.63,57.309815],[9.635,57.322692],[9.64,57.326071],[9.645,57.324423],[9.64875,57.335],[9.653929,57.34],[9.66,57.345294],[9.665,57.342647],[9.685,57.359792],[9.690833,57.37],[9.72125,57.4],[9.727609,57.41],[9.735,57.417778],[9.74,57.418214],[9.745441,57.425],[9.742407,57.43],[9.75,57.438182],[9.755,57.439167],[9.757222,57.445],[9.765312,57.45],[9.769853,57.46],[9.785,57.471324],[9.794828,57.485],[9.825,57.501136],[9.833889,57.51],[9.855556,57.52],[9.88,57.541176],[9.88875,57.545],[9.89,57.55],[9.90125,57.555],[9.898696,57.56],[9.915,57.575088],[9.92,57.573095],[9.922833,57.58],[9.94,57.593148],[9.975,57.602941],[10.105,57.5975],[10.1675,57.6],[10.23,57.614545],[10.24,57.62],[10.26,57.621538],[10.285,57.631944],[10.29,57.630714],[10.3,57.637059],[10.30619,57.635],[10.31,57.639706],[10.325,57.645667],[10.331818,57.645],[10.4,57.682187],[10.435,57.693889],[10.45,57.705],[10.475435,57.71],[10.5,57.724412],[10.505811,57.725],[10.508824,57.73],[10.515625,57.73],[10.525,57.738158],[10.540735,57.74],[10.573214,57.755],[10.615,57.756613],[10.655,57.750267],[10.685,57.755112],[10.689375,57.75],[10.665,57.737833],[10.648333,57.74],[10.613571,57.725],[10.605,57.715041],[10.595,57.710022],[10.569211,57.71],[10.54,57.693788],[10.485,57.654167],[10.475833,57.645],[10.472609,57.635],[10.452941,57.62],[10.44,57.603333],[10.434231,57.585],[10.43697,57.57],[10.465,57.538],[10.485,57.521364],[10.49,57.5225],[10.495,57.517222],[10.51,57.514],[10.515,57.50875],[10.565,57.496667],[10.59,57.498387],[10.6,57.502667],[10.615,57.4946],[10.620758,57.495],[10.632468,57.485],[10.625,57.480013],[10.605,57.483],[10.603125,57.48],[10.607813,57.475],[10.605,57.472453],[10.59,57.47875],[10.585,57.473889],[10.58,57.474375],[10.574091,57.465],[10.555,57.46],[10.557955,57.465],[10.55,57.473971],[10.54,57.479265],[10.536628,57.475],[10.555,57.46],[10.575,57.457647],[10.585294,57.45],[10.58,57.440192],[10.57,57.443043],[10.56,57.430044],[10.555,57.435002],[10.55,57.435021],[10.537727,57.425],[10.537308,57.42],[10.545,57.3925],[10.5525,57.38],[10.55,57.375],[10.56,57.36],[10.558636,57.345],[10.565,57.345],[10.58375,57.315],[10.585,57.30375],[10.59375,57.295],[10.59,57.2875],[10.575,57.285],[10.567083,57.23],[10.568269,57.215],[10.565,57.211136],[10.56,57.214167],[10.551111,57.2],[10.53,57.182333],[10.515,57.158333],[10.51,57.155],[10.513333,57.16],[10.512059,57.165],[10.5175,57.17],[10.515,57.1725],[10.505,57.170714],[10.50375,57.165],[10.495,57.158],[10.485,57.156667],[10.465,57.1375],[10.455,57.136429],[10.445,57.125],[10.44,57.125556],[10.433,57.12],[10.425,57.10125],[10.416667,57.095],[10.420455,57.085],[10.415,57.086],[10.409375,57.075],[10.416364,57.07],[10.413125,57.065],[10.417857,57.055],[10.410556,57.05],[10.415,57.045],[10.4125,57.04],[10.40375,57.035],[10.405,57.03],[10.401111,57.025],[10.405667,57.02],[10.4,57.0125],[10.395,57.013889],[10.385,57.003333],[10.38,57.00625],[10.37,57.000833],[10.37125,56.995],[10.36375,56.98],[10.368276,56.97],[10.361349,56.965],[10.365,56.96066],[10.372857,56.96],[10.36625,56.955],[10.37,56.95],[10.365,56.935],[10.372,56.93],[10.375833,56.92],[10.365,56.91],[10.3675,56.915],[10.365,56.935],[10.364,56.93],[10.355,56.928333],[10.34,56.915625],[10.34,56.909583],[10.355,56.91],[10.355,56.9025],[10.36,56.905],[10.34,56.889375],[10.335,56.892143],[10.33,56.88],[10.34,56.865],[10.355,56.85875],[10.38,56.855357],[10.385,56.85],[10.375,56.847222],[10.37,56.85],[10.365,56.84375],[10.36,56.844286],[10.35,56.853],[10.345,56.851667],[10.34,56.85],[10.345,56.8475],[10.345,56.8425],[10.3325,56.84],[10.33,56.835],[10.32,56.83],[10.325,56.825],[10.325,56.81],[10.335,56.805],[10.34,56.794286],[10.346,56.795],[10.348,56.79],[10.345,56.785],[10.363,56.775],[10.3725,56.765],[10.3725,56.76],[10.41,56.75],[10.408333,56.745],[10.42,56.738],[10.445,56.735],[10.435,56.734],[10.431,56.73],[10.45,56.728],[10.455,56.72],[10.485,56.715],[10.485,56.71],[10.48,56.713333],[10.475,56.708636],[10.47,56.7125],[10.455,56.714524],[10.44,56.720714],[10.425,56.72],[10.420625,56.715],[10.427143,56.705],[10.445,56.694375],[10.45,56.695385],[10.47,56.687],[10.472,56.68],[10.46,56.676667],[10.45,56.680625],[10.445,56.675625],[10.435,56.6735],[10.41875,56.66],[10.415,56.643929],[10.36875,56.62],[10.375,56.596667],[10.382222,56.59],[10.38,56.585],[10.381667,56.575],[10.39,56.57],[10.398,56.555],[10.415,56.55],[10.43,56.549545],[10.445,56.560625],[10.442857,56.545],[10.43,56.538333],[10.42931,56.535],[10.44,56.53],[10.465,56.531],[10.47,56.533889],[10.475,56.52625],[10.495,56.5235],[10.505,56.518833],[10.545,56.520385],[10.58,56.526818],[10.6,56.525556],[10.605,56.530556],[10.65,56.539],[10.73,56.538387],[10.775,56.547635],[10.79,56.546111],[10.805,56.5393],[10.845,56.536304],[10.855,56.531364],[10.87,56.534333],[10.873421,56.53],[10.864875,56.52],[10.872949,56.51],[10.875,56.491667],[10.885,56.48999],[10.891875,56.485],[10.9,56.484991],[10.915385,56.475],[10.925,56.474989],[10.955,56.456643],[10.961895,56.445],[10.955,56.434107],[10.945,56.433793],[10.933455,56.425],[10.937456,56.415],[10.927576,56.4],[10.93,56.395],[10.924444,56.38],[10.928333,56.375],[10.925,56.37375],[10.919327,56.345],[10.895,56.325015],[10.893,56.32],[10.875,56.308088],[10.867955,56.3],[10.87,56.294493],[10.852963,56.295],[10.835128,56.285],[10.820897,56.255],[10.81,56.255001],[10.79,56.240012],[10.771944,56.24],[10.754268,56.23],[10.741129,56.21],[10.739239,56.2],[10.7425,56.18],[10.74027,56.17],[10.729694,56.155],[10.729091,56.145],[10.721667,56.14],[10.685,56.136857],[10.66,56.1543],[10.645,56.158684],[10.635,56.17102],[10.6195,56.175],[10.615,56.196742],[10.66,56.200333],[10.665,56.207],[10.67,56.2056],[10.67,56.212115],[10.655,56.221607],[10.645,56.222],[10.64,56.218704],[10.635,56.223804],[10.602326,56.225],[10.59,56.218519],[10.581685,56.21],[10.58,56.199545],[10.57475,56.2],[10.57125,56.195],[10.565,56.194304],[10.56,56.187333],[10.54,56.173246],[10.53669,56.165],[10.546127,56.155],[10.55593,56.15],[10.56,56.141081],[10.57,56.131471],[10.5751,56.13],[10.565,56.125],[10.561563,56.11],[10.54375,56.1],[10.54,56.094603],[10.51,56.095073],[10.475,56.1375],[10.474579,56.14],[10.49,56.149945],[10.505,56.149964],[10.51,56.147035],[10.517071,56.15],[10.523411,56.16],[10.522419,56.17],[10.514894,56.17],[10.512867,56.165],[10.505,56.162386],[10.476154,56.165],[10.476917,56.175],[10.446731,56.18],[10.435,56.166618],[10.422222,56.16],[10.395,56.154934],[10.375,56.166548],[10.37,56.180865],[10.365,56.183571],[10.35,56.183333],[10.34,56.178571],[10.335,56.182778],[10.343947,56.205],[10.338125,56.21],[10.35,56.215333],[10.365,56.210882],[10.397222,56.23],[10.395,56.235],[10.405,56.232246],[10.41,56.226563],[10.43,56.227105],[10.44,56.222917],[10.445,56.230476],[10.458417,56.24],[10.459231,56.245],[10.47413,56.255],[10.465,56.267111],[10.455323,56.27],[10.457778,56.275],[10.445,56.288171],[10.435,56.292073],[10.415,56.2875],[10.403864,56.29],[10.393333,56.285],[10.390256,56.275],[10.375,56.263824],[10.35875,56.265],[10.354048,56.26],[10.356714,56.255],[10.354997,56.25],[10.33375,56.23],[10.335549,56.225],[10.31,56.221296],[10.29,56.199706],[10.253103,56.19],[10.24386,56.185],[10.238,56.175],[10.22825,56.17],[10.234974,56.165],[10.235,56.154974],[10.24,56.154959],[10.245,56.159953],[10.254973,56.15],[10.24,56.140027],[10.23,56.14001],[10.225,56.135033],[10.216121,56.135],[10.218534,56.13],[10.245802,56.105],[10.256,56.085],[10.256902,56.075],[10.265,56.062162],[10.281667,56.055],[10.285,56.049318],[10.295,56.045],[10.281429,56.035],[10.285,56.030982],[10.293387,56.03],[10.289205,56.02],[10.290833,56.015],[10.27,55.998636],[10.259681,55.995],[10.259123,55.975],[10.275769,55.965],[10.265455,55.93],[10.275,55.922857],[10.3,55.922632],[10.317414,55.915],[10.315,55.910333],[10.303214,55.91],[10.301296,55.9],[10.305,55.8946],[10.29,55.89125],[10.285,55.894762],[10.27,55.89375],[10.265,55.885952],[10.259474,55.885],[10.264444,55.88],[10.254062,55.87],[10.254,55.865],[10.3,55.837391],[10.304,55.84],[10.3,55.855417],[10.315,55.848],[10.36,55.855106],[10.385,55.8498],[10.39,55.855],[10.395,55.855429],[10.405,55.851],[10.4085,55.84],[10.407,55.835],[10.412143,55.835],[10.415,55.840526],[10.43,55.836346],[10.445,55.838824],[10.47,55.827222],[10.465,55.820714],[10.455,55.819231],[10.451333,55.815],[10.44,55.811364],[10.42,55.816905],[10.4,55.816957],[10.385,55.81175],[10.375,55.815577],[10.37,55.809348],[10.355,55.81375],[10.35,55.809219],[10.345,55.812727],[10.33,55.80875],[10.32,55.81],[10.32,55.799038],[10.325,55.7932],[10.33375,55.79],[10.335,55.785],[10.348929,55.77],[10.346923,55.76],[10.341,55.755],[10.334286,55.74],[10.327917,55.735],[10.295,55.738529],[10.29,55.734632],[10.26,55.737],[10.253333,55.735],[10.245,55.741833],[10.225,55.745882],[10.221957,55.75],[10.230417,55.76],[10.2,55.7625],[10.195,55.7675],[10.186,55.77],[10.183333,55.775],[10.197143,55.785],[10.195,55.79],[10.2,55.795],[10.1975,55.8],[10.205,55.804062],[10.21,55.797308],[10.23,55.803182],[10.245,55.800417],[10.25,55.793333],[10.255,55.798636],[10.26,55.799091],[10.275,55.793846],[10.287143,55.8],[10.285,55.805455],[10.295,55.802857],[10.301562,55.815],[10.3,55.82],[10.305,55.818793],[10.312143,55.825],[10.3,55.825],[10.29,55.835],[10.255,55.844118],[10.249167,55.85],[10.24,55.8525],[10.223947,55.845],[10.23,55.83],[10.225,55.825],[10.205,55.83],[10.195,55.826053],[10.19,55.829167],[10.185455,55.825],[10.195769,55.82],[10.185,55.8158],[10.17,55.815385],[10.155,55.820333],[10.15,55.8175],[10.146,55.82],[10.143333,55.83],[10.14,55.831],[10.139091,55.825],[10.143333,55.82],[10.12,55.822917],[10.115,55.820294],[10.105,55.821224],[10.09,55.808721],[10.085,55.808125],[10.07,55.815074],[10.055,55.828882],[10.051324,55.825],[10.069712,55.81],[10.071538,55.805],[10.065,55.80375],[10.06,55.798108],[10.055,55.799394],[10.045,55.788611],[10.035455,55.785],[10.040476,55.78],[10.023936,55.78],[10.02,55.776864],[10.02,55.76875],[10.035,55.7605],[10.079444,55.755],[10.090962,55.75],[10.094259,55.745],[10.055,55.739375],[10.045,55.730278],[10.01825,55.73],[10.002182,55.725],[10.004872,55.72],[10.015,55.719979],[10.025,55.712451],[10.03,55.717174],[10.04,55.716525],[10.045278,55.715],[10.045,55.709444],[10.062143,55.705],[10.0425,55.695],[10.05125,55.685],[10.05,55.68],[10.035,55.686071],[10.026129,55.695],[10.01,55.698833],[9.985,55.692727],[9.920789,55.69],[9.875,55.683318],[9.845,55.670033],[9.82,55.665047],[9.81,55.675005],[9.795,55.675019],[9.78,55.679091],[9.745,55.677796],[9.710625,55.7],[9.7,55.700013],[9.694483,55.705],[9.685,55.705014],[9.68,55.710004],[9.657833,55.71],[9.65,55.705009],[9.62075,55.705],[9.6025,55.7],[9.635,55.695312],[9.64,55.697843],[9.655,55.694999],[9.67,55.69784],[9.7,55.671049],[9.715,55.66996],[9.750323,55.655],[9.750156,55.65],[9.755814,55.645],[9.754762,55.63],[9.765,55.627169],[9.815,55.631579],[9.845,55.6282],[9.855,55.629969],[9.86,55.626731],[9.865,55.631034],[9.903125,55.63],[9.88,55.627692],[9.870385,55.62],[9.86,55.618367],[9.843333,55.61],[9.8348,55.61],[9.83,55.604125],[9.81,55.59775],[9.805,55.590625],[9.7986,55.59],[9.8,55.584898],[9.7818,55.575],[9.779643,55.565],[9.775,55.559536],[9.765,55.55513],[9.755,55.555161],[9.75,55.560019],[9.745,55.555084],[9.735,55.555039],[9.731299,55.545],[9.735352,55.535],[9.744879,55.525],[9.744953,55.52],[9.74,55.515026],[9.715,55.515114],[9.71,55.520089],[9.7,55.520155],[9.695,55.525006],[9.67,55.525029],[9.64,55.505046],[9.630645,55.51],[9.613889,55.51],[9.6,55.5026],[9.595,55.50431],[9.590739,55.5],[9.595,55.49537],[9.6,55.499994],[9.625,55.501313],[9.66,55.484759],[9.670508,55.475],[9.685,55.469833],[9.698852,55.46],[9.7,55.454151],[9.66,55.430745],[9.635,55.423137],[9.63,55.42662],[9.6075,55.425],[9.6,55.42],[9.633208,55.385],[9.63,55.373824],[9.611667,55.365],[9.614286,55.36],[9.62,55.363191],[9.671143,55.34],[9.67,55.33619],[9.65,55.335],[9.66,55.33],[9.653235,55.32],[9.671923,55.305],[9.675,55.295333],[9.68,55.307273],[9.685532,55.305],[9.683529,55.3],[9.690312,55.295],[9.69,55.288438],[9.698684,55.29],[9.69875,55.295],[9.705,55.300568],[9.725978,55.295],[9.728913,55.285],[9.715,55.279105],[9.71,55.2825],[9.700732,55.275],[9.719974,55.255],[9.720077,55.23],[9.705,55.22875],[9.695,55.221509],[9.696845,55.215],[9.705377,55.21],[9.707187,55.205],[9.7,55.1932],[9.689722,55.19],[9.685625,55.185],[9.67,55.184464],[9.654182,55.18],[9.650294,55.175],[9.63,55.170069],[9.619845,55.18],[9.619086,55.19],[9.585057,55.19],[9.575,55.176875],[9.57,55.178788],[9.56,55.173509],[9.55,55.172922],[9.536389,55.165],[9.535,55.160833],[9.5,55.155003],[9.50775,55.15],[9.506212,55.145],[9.512857,55.135],[9.526071,55.13],[9.515,55.124966],[9.495,55.125069],[9.49,55.128808],[9.485,55.125059],[9.48,55.1296],[9.475,55.12957],[9.46734,55.125],[9.471478,55.12],[9.5,55.119944],[9.505,55.114985],[9.515,55.114939],[9.52,55.109998],[9.525,55.109992],[9.54,55.096579],[9.545,55.101364],[9.5516,55.1],[9.5575,55.095],[9.556563,55.085],[9.568889,55.08],[9.555,55.077111],[9.525,55.055035],[9.505,55.045003],[9.465,55.045022],[9.46,55.040016],[9.435,55.038675],[9.430159,55.035],[9.43,55.028857],[9.44,55.029961],[9.453111,55.02],[9.506071,55.02],[9.52,55.029913],[9.533147,55.03],[9.54,55.034916],[9.57,55.036067],[9.572864,55.04],[9.571702,55.045],[9.595,55.044933],[9.605,55.039983],[9.620955,55.02],[9.63,55.015248],[9.68,54.999954],[9.695,54.990694],[9.71,54.991634],[9.715,54.994947],[9.73,54.99],[9.745,54.991325],[9.742202,54.98],[9.75,54.971701],[9.753636,54.975],[9.750192,54.98],[9.76,54.984978],[9.774412,54.975],[9.795,54.971471],[9.82,54.951324],[9.821912,54.96],[9.835,54.963917],[9.835,54.966182],[9.815833,54.97],[9.812353,54.975],[9.805,54.9775],[9.785,54.980028],[9.773721,54.99],[9.773913,55.0],[9.78,55.004966],[9.79,55.004992],[9.79,55.008333],[9.76,55.008593],[9.755,55.005053],[9.695,55.005069],[9.67,55.015038],[9.65501,55.025],[9.66,55.03089],[9.677326,55.035],[9.645,55.035074],[9.635036,55.045],[9.637895,55.055],[9.65,55.056358],[9.6625,55.07],[9.7,55.081145],[9.730306,55.085],[9.735,55.089694],[9.76,55.090661],[9.775,55.08245],[9.795,55.078958],[9.815,55.069997],[9.845,55.052121],[9.865,55.050203],[9.865,55.044],[9.882444,55.04],[9.882059,55.03],[9.885,55.027674],[9.905,55.021607],[9.915,55.025301],[9.925,55.021257],[9.965,55.015427],[9.975,55.002979],[9.98,54.999216],[9.985,54.999969],[10.0,54.986571],[10.045,54.936341],[10.054314,54.91],[10.06,54.907895],[10.07,54.896636],[10.077414,54.875],[10.095,54.859286],[10.09,54.8635],[10.077679,54.86],[10.075,54.86525],[10.061875,54.87],[10.05,54.866538],[10.027667,54.87],[10.012857,54.865],[9.99875,54.85],[9.935,54.848319],[9.9126,54.86],[9.89,54.859],[9.878423,54.87],[9.866212,54.875],[9.865002,54.88],[9.885,54.894926],[9.9,54.899959],[9.92,54.886829],[9.95,54.879988],[9.96,54.873279],[9.975,54.872778],[9.97587,54.875],[9.961406,54.885],[9.955,54.885029],[9.949602,54.89],[9.94,54.890041],[9.935,54.895006],[9.925,54.895048],[9.91,54.904233],[9.887637,54.905],[9.88,54.895088],[9.87,54.898802],[9.83,54.885107],[9.825,54.889539],[9.805,54.890075],[9.8,54.894097],[9.79,54.894568],[9.785,54.905],[9.78,54.899568],[9.77,54.898908],[9.765,54.895025],[9.745,54.895089],[9.733288,54.9],[9.706417,54.9],[9.705,54.893889],[9.71,54.890915],[9.73,54.889942],[9.74,54.885423],[9.747571,54.88],[9.746048,54.87],[9.762115,54.865],[9.76629,54.855],[9.765,54.848636],[9.759222,54.845],[9.760124,54.84],[9.75,54.835028],[9.725,54.83476],[9.72,54.840017],[9.71,54.840049],[9.701216,54.845],[9.7025,54.85],[9.695,54.850011],[9.69,54.853636],[9.67,54.849843],[9.66,54.853299],[9.64,54.853974],[9.631964,54.865],[9.645455,54.875],[9.643077,54.88],[9.631111,54.885],[9.615,54.900005],[9.595,54.901053],[9.587687,54.89],[9.6,54.889999],[9.605,54.884966],[9.625,54.884982],[9.629951,54.88],[9.605,54.854944],[9.625,54.854962],[9.63,54.849951],[9.645,54.849988],[9.65,54.844939],[9.665,54.8449],[9.67,54.83994],[9.685,54.839932],[9.69,54.834926],[9.71,54.834933],[9.715,54.829923],[9.73,54.829962],[9.735,54.8249],[9.75,54.824913],[9.755,54.829912],[9.79,54.829913],[9.795,54.834909],[9.83,54.834879],[9.835,54.839896],[9.875,54.839879],[9.88,54.844881],[9.895,54.844882],[9.94,54.819894],[9.945,54.819896],[9.95,54.81489],[9.955,54.814893],[9.96,54.809885],[9.97,54.809896],[9.975,54.804894],[9.98,54.804917],[9.985,54.799897],[9.99,54.799912],[9.995,54.794898],[10.02,54.784906],[10.045,54.769886],[10.07,54.769953],[10.075,54.764896],[10.185,54.764905],[10.19,54.759907],[10.215,54.759907],[10.225,54.749899],[10.23,54.749905],[10.26,54.719908],[10.265,54.719914],[10.335,54.649923],[10.34,54.649923],[10.36,54.629925],[10.365,54.629925],[10.375,54.619929],[10.39,54.619931],[10.395,54.614932],[10.41,54.614936],[10.415,54.609933],[10.425,54.60993],[10.43,54.604929],[10.445,54.604937],[10.45,54.599938],[10.465,54.599934],[10.47,54.594934],[10.48,54.594933],[10.485,54.589932],[10.5,54.589938],[10.505,54.584938],[10.515,54.584937],[10.52,54.579937],[10.535,54.579937],[10.54,54.574939],[10.55,54.57494],[10.555,54.569939],[10.565,54.569939],[10.57,54.564938],[10.595,54.559943],[10.6,54.55494],[10.62,54.554935],[10.625,54.549934],[10.65,54.549929],[10.655,54.544929],[10.685,54.544916],[10.69,54.549917],[10.735,54.549914],[10.74,54.554913],[10.745,54.554912],[10.75,54.559911],[10.755,54.55991],[10.76,54.564909],[10.765,54.564909],[10.77,54.569908],[10.805,54.584919],[10.81,54.58992],[10.815,54.589922],[10.82,54.594923],[10.825,54.594924],[10.83,54.599927],[10.845,54.604923],[10.855,54.614919],[10.89,54.629905],[10.9,54.639917],[10.985,54.639927],[10.99,54.644932],[11.02,54.644936],[11.025,54.639933],[11.085,54.63992],[11.09,54.634913],[11.11,54.634911],[11.115,54.629908],[11.135,54.629908],[11.14,54.624905],[11.16,54.624904],[11.165,54.619902],[11.18,54.619905],[11.185,54.6149],[11.2,54.6149],[11.205,54.609897],[11.215,54.609897],[11.23,54.59989],[11.235,54.59989],[11.24,54.59489],[11.25,54.594892],[11.265,54.584889],[11.28,54.58489],[11.285,54.579888],[11.295,54.579889],[11.3,54.574888],[11.315,54.574892],[11.32,54.569889],[11.335,54.564888],[11.345,54.554887],[11.36,54.549886],[11.37,54.539883],[11.395,54.529883],[11.405,54.519888],[11.42,54.514888],[11.43,54.504888],[11.435,54.504888],[11.48,54.479896],[11.485,54.479896],[11.49,54.474897],[11.5,54.474898],[11.545,54.449901],[11.56,54.444902],[11.57,54.434902],[11.585,54.429903],[11.61,54.409903],[11.615,54.409904],[11.625,54.399903],[11.63,54.399904],[11.64,54.389903],[11.645,54.389903],[11.665,54.369902],[11.67,54.369903],[11.675,54.364902],[11.715,54.364904],[11.72,54.369905],[11.725,54.364904],[11.735,54.364904],[11.74,54.369906],[11.755,54.369908],[11.76,54.364906],[11.765,54.36991],[11.95,54.369939],[11.955,54.37494],[11.97,54.374941],[11.975,54.379942],[11.99,54.379941],[11.995,54.384941],[12.01,54.384936],[12.015,54.389936],[12.025,54.389933],[12.03,54.394935],[12.05,54.39493],[12.055,54.399931],[12.065,54.399928],[12.07,54.404929],[12.085,54.404925],[12.09,54.40993],[12.105,54.409922],[12.11,54.414923],[12.115,54.41492],[12.14,54.439931],[12.145,54.439928],[12.17,54.464965],[12.175,54.46496],[12.2,54.489928],[12.205,54.489925],[12.23,54.514924],[12.235,54.514926],[12.26,54.539906],[12.265,54.539899],[12.295,54.569909],[12.3,54.56991],[12.325,54.594925],[12.33,54.594927],[12.385,54.644938],[12.39,54.644938],[12.41,54.664937],[12.415,54.664937],[12.44,54.689936],[12.45,54.689936],[12.455,54.694936],[12.47,54.694936],[12.475,54.699935],[12.49,54.699936],[12.495,54.704936],[12.51,54.704937],[12.515,54.709937],[12.53,54.709938],[12.535,54.714938],[12.55,54.714939],[12.555,54.719939],[12.57,54.719939],[12.575,54.724939],[12.59,54.724938],[12.595,54.729937],[12.61,54.729935],[12.615,54.734934],[12.63,54.734932],[12.635,54.739935],[12.65,54.739933],[12.655,54.744939],[12.67,54.744938],[12.675,54.749939],[12.69,54.749938],[12.695,54.754937],[12.71,54.754936],[12.715,54.759936],[12.73,54.759936],[12.735,54.764936],[12.75,54.764934],[12.755,54.769934],[12.765,54.769933],[12.78,54.779933],[12.79,54.779932],[12.805,54.789931],[12.815,54.78993],[12.82,54.79493],[12.83,54.794929],[12.845,54.804927],[12.87,54.809923],[12.885,54.819921],[12.91,54.824918],[12.915,54.829917],[12.93,54.834911],[12.94,54.844905],[12.945,54.844904],[12.96,54.859886],[12.965,54.859883],[12.99,54.884839],[12.995,54.884838],[13.045,54.929825],[13.05,54.929825],[13.075,54.954826],[13.08,54.954824],[13.1,54.97486],[13.105,54.974861],[13.125,54.9949],[13.13,54.994898],[13.140089,55.005],[13.140087,55.01],[13.135,55.015087],[13.12,55.020077],[13.11,55.030074],[13.095,55.035069],[13.085,55.045064],[13.07,55.050067],[13.06,55.060065],[13.055,55.060068],[13.05,55.065066],[13.04,55.065069],[13.025,55.075068],[13.015,55.075067],[13.0,55.085092],[12.99,55.085089],[12.975,55.095109],[12.965,55.09511],[12.95,55.105136],[12.925,55.110135],[12.91,55.120143],[12.9,55.120141],[12.885,55.130145],[12.875,55.130145],[12.86,55.14014],[12.85,55.140141],[12.835,55.150138],[12.825,55.150138],[12.81,55.160134],[12.8,55.160134],[12.795,55.165134],[12.79,55.165133],[12.78,55.175133],[12.775,55.175132],[12.765,55.185128],[12.76,55.185127],[12.745,55.200121],[12.74,55.200122],[12.73,55.210113],[12.725,55.210113],[12.71,55.22509],[12.705,55.225096],[12.695,55.235083],[12.69,55.235092],[12.66508,55.26],[12.665078,55.265],[12.655077,55.275],[12.655077,55.28],[12.635073,55.305],[12.635058,55.35],[12.630058,55.355],[12.630054,55.365],[12.625054,55.37],[12.625052,55.38],[12.620053,55.385],[12.615049,55.41],[12.610047,55.415],[12.610042,55.425],[12.605045,55.43],[12.62,55.43996],[12.625,55.439961],[12.635,55.449966],[12.67,55.464969],[12.68,55.474965],[12.705,55.484964],[12.715032,55.495],[12.715031,55.51],[12.720033,55.515],[12.720029,55.53],[12.725029,55.535],[12.725024,55.54],[12.76,55.559988],[12.775,55.564977],[12.78,55.56999],[12.785,55.56999],[12.79,55.574994],[12.795,55.574989],[12.799,55.58],[12.795,55.585],[12.79,55.585],[12.7875,55.59],[12.775,55.585004],[12.765,55.590714],[12.755,55.590004],[12.745,55.59561],[12.74,55.587895],[12.73,55.585],[12.718846,55.595],[12.719048,55.6],[12.726316,55.605],[12.725,55.613667],[12.722258,55.63],[12.715,55.6375],[12.709672,55.65],[12.72,55.669],[12.73,55.677333],[12.755,55.688636],[12.8025,55.68],[12.802,55.675],[12.81,55.666],[12.82,55.67],[12.81375,55.66],[12.822353,55.655],[12.820909,55.65],[12.82775,55.64],[12.83,55.63],[12.84,55.634487],[12.857,55.63],[12.84,55.625],[12.835,55.625],[12.83,55.63],[12.824043,55.615],[12.814091,55.605],[12.826,55.6],[12.826667,55.595],[12.821429,55.59],[12.83,55.589987],[12.865,55.609987],[12.88,55.614983],[12.88002,55.62],[12.885023,55.625],[12.885006,55.635],[12.89001,55.64],[12.890021,55.645],[12.87003,55.665],[12.870038,55.67],[12.79,55.750037],[12.785,55.750044],[12.725,55.810076],[12.72,55.810075],[12.695062,55.835],[12.695045,55.845],[12.690045,55.85],[12.690042,55.865],[12.680042,55.88],[12.675052,55.895],[12.665,55.905061],[12.66,55.90506],[12.655053,55.91],[12.655044,55.915],[12.64512,55.925],[12.645059,55.96],[12.650057,55.965],[12.650052,56.02],[12.655065,56.025],[12.655159,56.04],[12.645157,56.05],[12.645155,56.055],[12.62,56.065073],[12.61,56.0751],[12.595,56.0801],[12.585,56.090122],[12.57,56.095113],[12.56,56.105119],[12.555,56.105114],[12.53,56.120101],[12.52,56.120099],[12.465,56.150097],[12.455,56.150096],[12.425,56.175093],[12.42,56.175093],[12.41,56.185093],[12.405,56.185093],[12.395,56.195092],[12.39,56.195092],[12.375,56.210093],[12.35,56.215094],[12.345,56.220096],[12.335,56.220096],[12.33,56.225097],[12.32,56.225097],[12.315,56.230097],[12.305,56.230098],[12.3,56.235099],[12.29,56.2351],[12.285,56.240101],[12.275,56.240101],[12.27,56.245103],[12.26,56.245104],[12.255,56.250105],[12.24,56.250106],[12.235,56.255108],[12.225,56.255109],[12.22,56.260111],[12.21,56.260112],[12.205,56.265113],[12.195,56.265114],[12.19,56.270116],[12.18,56.270117],[12.175,56.275119],[12.165,56.275119],[12.16,56.280121],[12.145,56.280121],[12.14,56.285123],[12.13,56.285124],[12.125,56.290125],[12.1,56.295133],[12.085131,56.305],[12.08513,56.315],[12.090131,56.32],[12.090131,56.335],[12.095126,56.34],[12.095125,56.35],[12.100127,56.355],[12.100132,56.365],[12.10513,56.37],[12.105124,56.385],[12.110122,56.39],[12.115116,56.415],[12.120121,56.42],[12.120129,56.435],[12.125131,56.44],[12.125132,56.45],[12.130132,56.455],[12.130122,56.47],[12.135119,56.475],[12.135121,56.485],[12.140125,56.49],[12.140133,56.5],[12.145146,56.505],[12.140142,56.51],[12.140145,56.515],[12.12511,56.53],[12.125101,56.535],[12.110059,56.55],[12.110038,56.555],[12.070097,56.6],[12.070103,56.605],[12.055092,56.62],[12.055096,56.625],[12.040109,56.64],[12.040115,56.645],[12.020126,56.665],[12.020138,56.67],[12.005138,56.685],[12.005138,56.69],[11.965139,56.735],[11.965137,56.74],[11.950182,56.755],[11.95018,56.76],[11.930111,56.78],[11.930128,56.785],[11.915111,56.8],[11.915102,56.805],[11.87513,56.85],[11.875132,56.855],[11.855153,56.875],[11.855106,56.88],[11.840079,56.895],[11.840089,56.9],[11.820118,56.92],[11.82012,56.925],[11.800189,56.945],[11.800206,56.95],[11.780181,56.97],[11.780182,56.975],[11.735187,57.025],[11.73524,57.03],[11.700138,57.07],[11.700133,57.075],[11.680154,57.095],[11.68015,57.1],[11.66017,57.12],[11.660155,57.125],[11.635206,57.15],[11.635239,57.155],[11.620332,57.17],[11.620184,57.175],[11.600111,57.195],[11.600158,57.2],[11.575268,57.225],[11.575273,57.23],[11.535311,57.275],[11.535317,57.28],[11.515311,57.3],[11.515305,57.305],[11.495218,57.325],[11.495259,57.33],[11.470317,57.355],[11.470325,57.36],[11.450264,57.38],[11.450373,57.385],[11.425244,57.41],[11.425238,57.415],[11.40522,57.435],[11.405214,57.44],[11.260213,57.59],[11.260209,57.595],[11.150163,57.705],[11.150164,57.71],[11.130166,57.725],[11.130168,57.73],[11.04,57.820204],[11.035,57.820206],[11.025,57.830218],[11.01,57.835233],[10.985,57.855293],[10.98,57.8553],[10.97,57.865348],[10.955,57.870396],[10.93,57.890477],[10.915,57.895505],[10.89,57.915602],[10.875,57.920625],[10.85,57.940703],[10.835,57.945725],[10.825,57.955755],[10.82,57.955757],[10.795,57.975799],[10.78,57.980801],[10.77,57.990808],[10.765,57.990803],[10.750793,58.0]]}},{"type":"Feature","properties":{"depth":5.0,"source":"DDM 2024 coarse contour","resolution":"0.005 degree sampled grid"},"geometry":{"type":"LineString","coordinates":[[12.3078,56.135],[12.32,56.128864],[12.33,56.12881],[12.332963,56.125],[12.345,56.12499],[12.375909,56.115],[12.38125,56.11],[12.396818,56.105],[12.44,56.098611],[12.47,56.098784],[12.52,56.08998],[12.555,56.075823],[12.605,56.0492],[12.615,56.049889],[12.624992,56.04],[12.6,56.011744],[12.575,56.000001],[12.549999,55.975],[12.545,55.965488],[12.546818,55.96],[12.544118,55.95],[12.549286,55.945],[12.54875,55.94],[12.555625,55.935],[12.55875,55.925],[12.55,55.919167],[12.545,55.922143],[12.536429,55.915],[12.54,55.904423],[12.545,55.908125],[12.556667,55.895],[12.559412,55.875],[12.565,55.8718],[12.579984,55.85],[12.5797,55.84],[12.5875,55.815],[12.5995,55.79],[12.598333,55.775],[12.604821,55.765],[12.6,55.76],[12.605,55.757143],[12.61,55.75875],[12.61375,55.755],[12.612667,55.745],[12.605,55.743333],[12.597,55.735],[12.5975,55.725],[12.6,55.720625],[12.605,55.728534],[12.610417,55.725],[12.62,55.73],[12.63,55.72999],[12.634965,55.725],[12.634966,55.72],[12.62,55.710015],[12.610984,55.71],[12.618846,55.7],[12.63,55.69633],[12.631453,55.69],[12.639948,55.685],[12.64,55.679981],[12.645,55.679951],[12.649985,55.675],[12.65,55.670156],[12.657083,55.665],[12.66,55.656538],[12.665,55.660328],[12.675,55.640385],[12.68,55.635833],[12.681786,55.64],[12.685714,55.64],[12.6825,55.635],[12.686957,55.63],[12.686442,55.595],[12.682788,55.585],[12.687187,55.57],[12.68,55.558333],[12.665,55.551923],[12.65,55.560417],[12.61,55.534286],[12.56,55.535],[12.541379,55.545],[12.537083,55.55],[12.540588,55.555],[12.53,55.569583],[12.525,55.571538],[12.52,55.566875],[12.503333,55.575],[12.507,55.58],[12.505833,55.585],[12.495,55.583125],[12.485,55.589286],[12.48,55.583571],[12.475,55.58375],[12.47,55.585],[12.465,55.591389],[12.43,55.601333],[12.425,55.6],[12.4275,55.595],[12.41,55.593333],[12.365,55.575],[12.305,55.570588],[12.29,55.55875],[12.2725,55.555],[12.255833,55.545],[12.242857,55.53],[12.247,55.525],[12.245625,55.515],[12.24875,55.51],[12.24,55.495],[12.25,55.485],[12.24875,55.48],[12.24,55.476],[12.23,55.479318],[12.21,55.4738],[12.204999,55.47],[12.214989,55.46],[12.21,55.455013],[12.205,55.460005],[12.2025,55.455],[12.21,55.448393],[12.215,55.450172],[12.225,55.440909],[12.25,55.4275],[12.3,55.407361],[12.36,55.404595],[12.38,55.399231],[12.412143,55.38],[12.43,55.365312],[12.435208,55.365],[12.456076,55.345],[12.452931,55.34],[12.458286,55.33],[12.450568,55.315],[12.452736,55.3],[12.457632,55.295],[12.455556,55.285],[12.445,55.275001],[12.43,55.269706],[12.41,55.255024],[12.401538,55.255],[12.395,55.250016],[12.385,55.252391],[12.368163,55.25],[12.365937,55.24],[12.36,55.232429],[12.275,55.229706],[12.25,55.224],[12.24,55.216364],[12.19,55.210882],[12.155,55.19],[12.115,55.176875],[12.111852,55.165],[12.116667,55.155],[12.113731,55.15],[12.115,55.14434],[12.125,55.140769],[12.135,55.150694],[12.155,55.154],[12.15,55.155],[12.149091,55.16],[12.14,55.168235],[12.14,55.176042],[12.165,55.178929],[12.17,55.17875],[12.175,55.17375],[12.18125,55.175],[12.18625,55.17],[12.175,55.164722],[12.19,55.163333],[12.195,55.155],[12.205,55.156111],[12.22,55.150556],[12.23,55.145],[12.239,55.135],[12.245,55.136],[12.27,55.126818],[12.275,55.128],[12.280625,55.125],[12.281,55.12],[12.29,55.117273],[12.29125,55.11],[12.3,55.105],[12.30625,55.095],[12.31,55.0935],[12.315,55.0975],[12.32,55.093929],[12.345,55.094444],[12.353462,55.09],[12.351667,55.085],[12.335,55.077273],[12.315,55.077143],[12.305,55.070625],[12.304667,55.065],[12.296316,55.055],[12.295,55.045],[12.298333,55.04],[12.33,55.033488],[12.445,55.029667],[12.52,55.012087],[12.545,54.990238],[12.55,54.978854],[12.56,54.971579],[12.555,54.953788],[12.54,54.942574],[12.505,54.940011],[12.435,54.957534],[12.385,54.961328],[12.354,54.96],[12.335,54.954091],[12.329,54.955],[12.28375,54.935],[12.27,54.922045],[12.245,54.907162],[12.23,54.888],[12.219231,54.885],[12.221667,54.87],[12.230135,54.86],[12.225,54.851905],[12.205,54.84875],[12.20125,54.845],[12.2055,54.84],[12.2,54.84125],[12.19,54.834808],[12.175,54.841389],[12.17,54.829063],[12.143214,54.82],[12.14,54.8145],[12.16,54.815],[12.169231,54.81],[12.16,54.802778],[12.15,54.803889],[12.125,54.797222],[12.107,54.79],[12.11,54.7885],[12.11,54.783704],[12.1,54.78625],[12.094286,54.785],[12.095,54.78],[12.085,54.78],[12.083125,54.775],[12.048125,54.75],[12.041875,54.74],[12.040952,54.73],[12.032143,54.725],[12.025,54.713182],[12.017857,54.71],[12.0,54.690714],[11.99,54.687273],[11.97,54.673333],[11.969,54.625],[11.978387,54.585],[11.975714,54.56],[11.981,54.555],[11.9738,54.55],[11.9775,54.545],[11.975,54.5444],[11.965,54.5495],[11.95,54.547963],[11.935,54.55625],[11.933333,54.55],[11.93,54.548889],[11.92,54.55],[11.895,54.542222],[11.885,54.544167],[11.865,54.53975],[11.839,54.545],[11.85,54.55],[11.85,54.555],[11.86,54.555],[11.82,54.558421],[11.815,54.56375],[11.805,54.55875],[11.8,54.563],[11.79,54.558],[11.785,54.563125],[11.77,54.561765],[11.765,54.565],[11.76,54.562667],[11.755,54.567143],[11.74,54.570909],[11.705,54.57375],[11.675,54.580556],[11.625,54.581071],[11.61,54.5775],[11.585,54.581111],[11.57,54.579167],[11.55,54.585],[11.535,54.579286],[11.53,54.584444],[11.52,54.581389],[11.495,54.591154],[11.485,54.588864],[11.475,54.595],[11.46,54.59875],[11.45,54.606875],[11.42,54.615],[11.405,54.625],[11.402308,54.63],[11.385,54.632778],[11.355,54.645741],[11.345,54.646379],[11.34,54.652727],[11.325,54.656875],[11.305,54.670714],[11.295,54.674091],[11.29,54.680769],[11.255,54.696818],[11.17,54.716875],[11.16,54.722368],[11.155,54.720556],[11.11,54.732692],[11.06,54.73725],[11.05,54.745],[11.045,54.741154],[11.01,54.745],[10.985,54.7625],[10.971875,54.785],[10.9525,54.795],[10.944,54.795],[10.925,54.808077],[10.918571,54.82],[10.925,54.818636],[10.9275,54.825],[10.945,54.8425],[10.96,54.843269],[10.970312,54.84],[10.970278,54.845],[10.975,54.848148],[10.99,54.84625],[10.991667,54.85],[10.978333,54.86],[10.959333,54.865],[10.9665,54.87],[10.962955,54.875],[10.965,54.876667],[10.97,54.877273],[10.975,54.86875],[10.983846,54.875],[10.979167,54.88],[10.984,54.885],[10.98,54.8925],[10.975,54.888846],[10.97,54.89],[10.976429,54.9],[10.985,54.905625],[10.99,54.898571],[11.0,54.9086],[11.005,54.907941],[11.007187,54.91],[11.005,54.912333],[10.998333,54.915],[11.01,54.932692],[11.021667,54.93],[11.020625,54.935],[11.025,54.937333],[11.03,54.9354],[11.04,54.951563],[11.045,54.950333],[11.055,54.955417],[11.07,54.9536],[11.075,54.959118],[11.085,54.953857],[11.088043,54.965],[11.085,54.968043],[11.08,54.963056],[11.075625,54.965],[11.085,54.971552],[11.09,54.9675],[11.095,54.970833],[11.1,54.967037],[11.12,54.969444],[11.12,54.9775],[11.13,54.978],[11.135,54.983333],[11.15,54.98],[11.155,54.985],[11.165,54.981094],[11.18,54.9875],[11.186429,54.98],[11.205,54.971667],[11.22,54.9692],[11.225,54.972115],[11.24,54.967321],[11.24375,54.97],[11.247381,54.985],[11.24,54.989167],[11.24,54.993333],[11.258158,54.985],[11.258571,54.98],[11.265,54.977778],[11.268333,54.98],[11.2625,54.985],[11.2675,54.995],[11.26,54.998125],[11.2555,55.005],[11.26,55.005882],[11.27,54.9956],[11.295,54.990169],[11.312681,54.98],[11.34,54.95],[11.350862,54.935],[11.349583,54.93],[11.355,54.929848],[11.372083,54.92],[11.39,54.895],[11.405,54.893125],[11.41,54.895],[11.409231,54.9],[11.413333,54.9],[11.415,54.895],[11.43125,54.895],[11.455,54.886635],[11.456098,54.88],[11.465,54.875294],[11.469706,54.88],[11.455,54.896471],[11.442778,54.9],[11.44,54.904167],[11.431842,54.905],[11.43,54.908889],[11.425,54.9055],[11.415,54.909062],[11.395,54.909154],[11.386667,54.925],[11.365025,54.94],[11.36,54.95328],[11.335,54.974875],[11.325,54.988556],[11.307258,55.0],[11.294224,55.015],[11.29375,55.02],[11.295,55.021667],[11.3,55.016562],[11.318871,55.01],[11.33,54.998953],[11.335,54.998333],[11.34,55.002903],[11.347333,54.995],[11.36,54.989286],[11.365,54.991184],[11.37,54.983846],[11.382353,54.98],[11.385,54.970833],[11.39,54.975],[11.38625,54.97],[11.39,54.967857],[11.39,54.975],[11.395,54.980714],[11.41,54.974167],[11.414,54.975],[11.414333,54.98],[11.41275,54.985],[11.405,54.990556],[11.395,54.99],[11.39,54.996667],[11.385,54.995192],[11.38037,55.0],[11.381176,55.005],[11.395,55.012368],[11.4,55.005769],[11.405,55.007],[11.42,55.028462],[11.431316,55.025],[11.421429,55.02],[11.425208,55.01],[11.42,55.007222],[11.415,55.012222],[11.408,55.005],[11.415,54.998043],[11.435,54.990185],[11.44,54.98225],[11.455,54.975244],[11.48,54.95],[11.485,54.950833],[11.491429,54.965],[11.499545,54.97],[11.494545,54.975],[11.48,54.978333],[11.485,54.996111],[11.5,54.993871],[11.51,55.000962],[11.515,54.997121],[11.545,55.000769],[11.565,54.990397],[11.57,54.984667],[11.589167,54.985],[11.595,54.980385],[11.601563,54.98],[11.605,54.97463],[11.615,54.971338],[11.615,54.9681],[11.595,54.963163],[11.585,54.971944],[11.58,54.966613],[11.575,54.968214],[11.57,54.96],[11.56,54.960865],[11.553182,54.955],[11.549286,54.95],[11.554565,54.945],[11.548214,54.94],[11.558214,54.935],[11.552619,54.93],[11.555,54.9275],[11.565,54.929231],[11.57,54.922273],[11.58,54.925333],[11.58,54.92],[11.585,54.915357],[11.595,54.91725],[11.600426,54.915],[11.596786,54.91],[11.6,54.906897],[11.615,54.91],[11.615,54.903],[11.615,54.91],[11.600952,54.925],[11.605,54.928148],[11.61,54.923571],[11.6175,54.925],[11.615,54.935143],[11.621429,54.925],[11.63,54.924286],[11.635,54.919625],[11.65,54.920556],[11.655,54.924286],[11.67,54.918857],[11.675,54.920185],[11.705,54.895714],[11.71,54.898125],[11.725,54.888333],[11.735,54.88625],[11.735978,54.89],[11.730323,54.9],[11.718889,54.91],[11.722727,54.915],[11.72,54.919286],[11.715,54.921667],[11.705,54.9188],[11.680714,54.935],[11.68,54.940625],[11.675,54.936538],[11.665625,54.94],[11.668718,54.945],[11.666667,54.95],[11.695,54.952925],[11.7,54.966489],[11.705,54.967121],[11.706875,54.96],[11.7125,54.96],[11.7175,54.97],[11.703966,54.975],[11.705,54.97875],[11.71,54.979286],[11.72,54.989231],[11.73,54.990217],[11.745,54.981071],[11.75,54.9812],[11.7538,54.985],[11.74625,54.99],[11.75,54.993462],[11.755,54.995],[11.76,54.991136],[11.765,54.994167],[11.775,54.989118],[11.778182,54.995],[11.77,55.0],[11.78,55.001129],[11.785,55.0006],[11.795,54.99225],[11.8,54.995],[11.82,54.988611],[11.826,54.985],[11.83,54.9747],[11.845,54.971324],[11.855,54.962857],[11.88,54.956316],[11.885,54.952264],[11.96,54.944979],[11.975,54.939923],[11.984947,54.93],[11.982792,54.925],[11.989737,54.915],[11.99,54.908169],[12.0,54.906237],[12.005,54.901739],[12.055,54.892927],[12.075,54.896093],[12.12,54.88994],[12.125,54.881562],[12.140563,54.875],[12.15,54.8655],[12.17,54.866134],[12.173289,54.87],[12.17,54.873641],[12.155,54.879253],[12.14,54.880064],[12.13,54.890044],[12.115,54.898307],[12.065,54.907804],[12.035,54.9076],[12.01,54.915013],[11.990115,54.93],[11.99,54.939254],[11.985,54.944239],[11.97,54.953478],[11.94,54.959623],[11.935,54.963966],[11.925,54.964293],[11.92,54.96877],[11.91,54.969167],[11.886371,54.98],[11.88,54.977541],[11.865,54.979657],[11.859595,54.985],[11.86878,54.99],[11.858952,54.995],[11.864032,55.005],[11.85,55.006818],[11.845,55.013061],[11.835,55.017766],[11.807143,55.025],[11.78,55.041778],[11.74,55.048676],[11.735,55.04391],[11.72,55.044113],[11.7,55.05],[11.69,55.062759],[11.675,55.063485],[11.645,55.073397],[11.604783,55.08],[11.599211,55.085],[11.603333,55.09],[11.61,55.090918],[11.62,55.087273],[11.64,55.088208],[11.65,55.082895],[11.68,55.079149],[11.68,55.082105],[11.67,55.081136],[11.666136,55.085],[11.67,55.087656],[11.68,55.086618],[11.6885,55.095],[11.681,55.1],[11.685,55.105],[11.68,55.11],[11.685,55.105],[11.705,55.099667],[11.7115,55.105],[11.701667,55.12],[11.705,55.125],[11.702273,55.13],[11.6775,55.145],[11.678333,55.15],[11.671667,55.155],[11.645,55.161923],[11.636905,55.17],[11.636735,55.175],[11.63,55.177841],[11.615,55.171818],[11.585714,55.18],[11.5825,55.185],[11.545,55.1845],[11.525,55.18775],[11.52,55.184519],[11.5,55.192],[11.502097,55.18],[11.495,55.176667],[11.48,55.179],[11.485,55.191452],[11.478393,55.19],[11.465,55.179651],[11.45,55.182174],[11.44,55.173889],[11.425,55.18],[11.405,55.182375],[11.401724,55.18],[11.411154,55.175],[11.4,55.1705],[11.395,55.176071],[11.385,55.172857],[11.33,55.181111],[11.32,55.18],[11.3,55.185926],[11.28,55.184766],[11.26907,55.195],[11.255,55.200061],[11.24,55.213516],[11.23,55.216429],[11.22,55.229452],[11.215556,55.25],[11.23,55.255968],[11.2375,55.255],[11.24,55.262778],[11.235,55.267143],[11.214714,55.27],[11.215,55.275],[11.229333,55.28],[11.230741,55.285],[11.175,55.302826],[11.145,55.3175],[11.12,55.32125],[11.1175,55.325],[11.13,55.335016],[11.105,55.339444],[11.107554,55.345],[11.09,55.345],[11.090003,55.35],[11.09875,55.365],[11.095556,55.37],[11.1,55.374444],[11.115,55.374388],[11.124082,55.37],[11.145,55.371418],[11.162857,55.38],[11.182917,55.385],[11.20625,55.4],[11.195,55.409125],[11.177222,55.41],[11.172273,55.42],[11.197206,55.445],[11.196161,55.45],[11.185,55.456071],[11.1695,55.475],[11.168,55.495],[11.13,55.513462],[11.095,55.504792],[11.0746,55.515],[11.085,55.54],[11.09,55.543636],[11.1,55.542241],[11.11,55.5465],[11.12,55.541477],[11.145,55.544667],[11.145,55.553077],[11.135,55.548],[11.129545,55.55],[11.14,55.56],[11.150476,55.555],[11.15,55.57],[11.145789,55.575],[11.145288,55.585],[11.139375,55.585],[11.140849,55.59],[11.13,55.598684],[11.1215,55.6],[11.115357,55.615],[11.025,55.649375],[10.945,55.655005],[10.94,55.66],[10.93,55.66],[10.923913,55.675],[10.925,55.680625],[10.93,55.684444],[10.945,55.676505],[10.974231,55.67],[11.01,55.671696],[11.035,55.669972],[11.052833,55.665],[11.075013,55.665],[11.075,55.66875],[11.06,55.678706],[11.03,55.689345],[10.994833,55.72],[10.985,55.725],[10.905,55.725023],[10.9,55.72932],[10.89,55.730013],[10.87,55.740333],[10.851875,55.745],[10.86375,55.75],[10.875,55.745],[10.885,55.748333],[10.895,55.746098],[10.93,55.75499],[10.945,55.754994],[10.99,55.749989],[10.999545,55.745],[11.02,55.743889],[11.023333,55.74],[11.04,55.736974],[11.055,55.737286],[11.06,55.740982],[11.07,55.738673],[11.104118,55.745],[11.125,55.755],[11.13,55.762105],[11.137,55.76],[11.14,55.765517],[11.18,55.765],[11.181667,55.77],[11.1775,55.775],[11.18,55.775833],[11.195,55.772857],[11.215,55.755294],[11.225,55.754211],[11.227222,55.75],[11.24449,55.74],[11.257768,55.735],[11.270119,55.735],[11.280889,55.74],[11.28314,55.745],[11.278077,55.77],[11.285,55.775],[11.285,55.764167],[11.286667,55.77],[11.275004,55.79],[11.275566,55.795],[11.285,55.799947],[11.3,55.79],[11.3,55.784265],[11.306471,55.78],[11.314651,55.765],[11.322778,55.76],[11.3462,55.76],[11.356552,55.77],[11.355,55.78],[11.37,55.795],[11.373714,55.82],[11.366522,55.835],[11.341,55.84],[11.345625,55.845],[11.365,55.848871],[11.4,55.84375],[11.405,55.846667],[11.43,55.848182],[11.45,55.854194],[11.49,55.858889],[11.494167,55.865],[11.487667,55.87],[11.49,55.872333],[11.495,55.865556],[11.505,55.871],[11.51,55.877917],[11.515,55.876111],[11.515,55.887083],[11.505,55.881563],[11.5028,55.885],[11.51,55.89],[11.500455,55.895],[11.495769,55.905],[11.5,55.908437],[11.51,55.906875],[11.52,55.910238],[11.521852,55.915],[11.517895,55.925],[11.48,55.938958],[11.445,55.945],[11.375,55.950006],[11.340946,55.965],[11.325,55.964063],[11.29,55.974063],[11.273125,55.995],[11.275556,56.0],[11.268571,56.005],[11.266458,56.02],[11.262222,56.025],[11.26625,56.03],[11.257857,56.035],[11.271389,56.035],[11.2734,56.02],[11.28,56.01629],[11.29,56.00331],[11.295,56.003649],[11.299681,55.995],[11.305,55.992162],[11.327143,55.985],[11.34,55.984984],[11.365,55.975256],[11.375,55.97499],[11.382424,55.97],[11.4,55.969989],[11.412561,55.965],[11.475,55.966304],[11.489153,55.96],[11.521667,55.955],[11.55,55.956419],[11.585,55.966058],[11.605,55.958409],[11.61,55.960417],[11.621429,55.95],[11.64,55.944286],[11.652727,55.945],[11.665,55.95625],[11.6725,55.955],[11.670862,55.96],[11.675,55.96375],[11.68,55.9575],[11.685,55.957778],[11.695,55.951667],[11.710441,55.955],[11.730366,55.965],[11.74,55.974231],[11.745,55.975],[11.745286,55.97],[11.745,55.975],[11.753333,55.975],[11.761875,55.98],[11.76,55.986],[11.755,55.983611],[11.745,55.9875],[11.738571,55.985],[11.735,55.99],[11.725,55.988077],[11.729,55.995],[11.7325,55.995],[11.735,55.99],[11.74,55.993125],[11.765,55.994375],[11.795,56.005937],[11.8,56.000769],[11.808,56.0],[11.820833,55.985],[11.825625,55.965],[11.83025,55.96],[11.823864,55.945],[11.83,55.927273],[11.833621,55.945],[11.845,55.958308],[11.839545,55.965],[11.844394,55.975],[11.86,55.983148],[11.895,55.993052],[11.925,56.008229],[11.975,56.023333],[11.995,56.033333],[12.009375,56.035],[12.055,56.059991],[12.132317,56.09],[12.185,56.114989],[12.285,56.133308],[12.3,56.131846],[12.305,56.137333],[12.3078,56.135]]}},{"type":"Feature","properties":{"depth":5.0,"source":"DDM 2024 coarse contour","resolution":"0.005 degree sampled grid"},"geometry":{"type":"LineString","coordinates":[[16.2,55.425336],[16.185,55.425339],[16.18,55.430338],[16.165,55.430341],[16.16,55.435341],[16.14,55.435345],[16.135,55.440344],[16.12,55.440347],[16.115,55.445348],[16.1,55.445351],[16.095,55.450352],[16.075,55.450354],[16.07,55.455354],[16.055,55.455355],[16.05,55.460355],[16.03,55.460357],[16.025,55.465355],[16.01,55.465359],[16.005,55.470358],[15.99,55.47036],[15.985,55.475358],[15.965,55.475362],[15.96,55.48036],[15.945,55.480363],[15.94,55.485361],[15.92,55.485365],[15.915,55.490364],[15.9,55.490367],[15.895,55.495366],[15.875,55.495369],[15.87,55.500367],[15.855,55.500369],[15.85,55.505363],[15.835,55.505363],[15.83,55.510357],[15.81,55.510363],[15.805,55.515359],[15.79,55.515358],[15.785,55.520354],[15.77,55.52035],[15.765,55.525345],[15.745,55.525339],[15.74,55.530335],[15.725,55.530332],[15.72,55.535328],[15.705,55.535326],[15.7,55.540323],[15.685,55.540322],[15.68,55.54532],[15.66,55.545319],[15.655,55.550316],[15.64,55.550318],[15.635,55.555315],[15.62,55.555318],[15.615,55.560313],[15.595,55.560317],[15.59,55.565311],[15.575,55.565312],[15.57,55.570308],[15.555,55.570307],[15.55,55.575305],[15.53,55.575306],[15.525,55.580306],[15.51,55.580304],[15.505,55.585303],[15.485,55.585302],[15.48,55.5903],[15.465,55.5903],[15.46,55.595299],[15.445,55.5953],[15.44,55.600296],[15.425,55.600302],[15.42,55.605303],[15.4,55.605303],[15.395,55.610302],[15.38,55.610304],[15.375,55.615304],[15.355,55.615308],[15.35,55.62031],[15.335,55.620308],[15.33,55.625308],[15.315,55.625309],[15.31,55.630308],[15.29,55.630311],[15.285,55.635309],[15.27,55.63531],[15.265,55.640309],[15.245,55.640311],[15.24,55.64531],[15.225,55.64531],[15.22,55.650305],[15.205,55.650305],[15.2,55.655301],[15.185,55.655303],[15.18,55.660301],[15.16,55.660303],[15.155,55.665299],[15.14,55.665298],[15.135,55.670293],[15.115,55.670295],[15.11,55.675292],[15.095,55.675289],[15.09,55.680286],[15.07,55.680277],[15.065,55.685278],[15.05,55.685268],[15.045,55.690267],[15.04,55.69026],[15.03,55.680257],[15.025,55.680241],[15.015,55.670265],[15.01,55.67028],[14.985,55.650303],[14.98,55.650305],[14.97,55.640308],[14.955,55.635324],[14.93,55.615334],[14.925,55.615334],[14.915,55.605336],[14.9,55.600337],[14.875,55.580335],[14.87,55.580333],[14.86,55.570329],[14.855,55.570329],[14.845,55.560325],[14.84,55.560324],[14.83,55.55032],[14.815,55.545317],[14.805,55.535318],[14.8,55.535317],[14.79,55.525285],[14.785,55.525307],[14.775,55.515286],[14.77,55.515289],[14.76,55.50528],[14.755,55.505283],[14.73,55.485293],[14.715,55.480299],[14.705,55.470307],[14.7,55.470309],[14.69,55.460297],[14.685,55.460297],[14.66,55.440302],[14.655,55.440302],[14.645,55.430304],[14.64,55.430305],[14.63,55.420307],[14.625,55.420311],[14.615,55.410315],[14.61,55.410323],[14.585,55.39033],[14.57,55.385303],[14.545,55.365278],[14.54,55.365286],[14.53,55.355278],[14.525,55.355276],[14.515,55.34526],[14.51,55.345275],[14.5,55.335232],[14.495,55.335233],[14.485,55.325207],[14.48,55.325209],[14.47,55.315188],[14.465,55.315192],[14.455,55.305188],[14.45,55.305209],[14.435,55.290184],[14.43,55.290187],[14.415,55.275185],[14.41,55.275189],[14.395,55.260183],[14.39,55.260184],[14.355,55.230185],[14.35,55.230183],[14.34,55.220185],[14.335,55.220185],[14.3,55.190197],[14.295,55.190198],[14.28,55.175198],[14.275,55.175198],[14.26,55.160198],[14.255,55.160198],[14.24,55.145199],[14.235,55.145199],[14.22,55.1302],[14.215,55.130199],[14.2,55.115201],[14.195,55.1152],[14.18,55.100203],[14.175,55.100202],[14.16,55.085203],[14.155,55.085203],[14.14,55.070204],[14.135,55.070204],[14.12,55.055204],[14.115,55.055204],[14.1,55.040204],[14.095,55.040204],[14.08,55.025204],[14.075,55.025204],[14.06,55.010204],[14.055,55.010204],[14.04,54.995203],[14.035,54.995203],[13.9948,54.96],[14.0,54.954801],[14.005,54.954801],[14.025,54.934806],[14.03,54.934808],[14.06,54.904818],[14.065,54.904818],[14.085,54.884826],[14.09,54.884826],[14.12,54.854843],[14.125,54.854844],[14.145,54.834863],[14.15,54.834863],[14.17,54.814881],[14.41,54.814946],[14.414949,54.81],[14.414873,54.66],[14.42,54.654874],[14.445,54.644882],[14.455,54.634878],[14.46,54.634879],[14.465,54.629881],[14.5,54.614891],[14.51,54.604893],[14.515,54.604894],[14.52,54.599897],[14.555,54.584901],[14.565,54.574908],[14.6,54.559913],[14.61,54.549916],[14.625,54.544915],[14.63,54.539917],[14.635,54.539916],[14.64509,54.55],[14.645092,54.555],[14.675165,54.595],[14.675171,54.6],[14.69,54.614811],[14.71,54.614809],[14.715,54.609812],[14.735,54.60981],[14.74,54.604813],[14.76,54.604812],[14.765,54.599814],[14.785,54.599813],[14.79,54.594815],[14.815,54.594813],[14.82,54.589815],[14.85,54.589811],[14.855,54.584813],[14.885,54.58481],[14.89,54.579811],[14.93,54.579806],[14.935,54.574808],[14.985,54.574802],[14.99,54.569805],[15.155,54.569793],[15.16,54.57479],[15.225,54.574789],[15.23,54.579787],[15.255,54.579781],[15.26,54.584777],[15.285,54.584776],[15.29,54.589772],[15.305,54.589772],[15.31,54.594767],[15.32,54.594767],[15.325,54.599763],[15.335,54.599763],[15.34,54.604758],[15.355,54.604758],[15.36,54.609754],[15.37,54.609754],[15.375,54.614749],[15.39,54.614749],[15.395,54.619745],[15.42,54.62474],[15.425,54.629737],[15.435,54.629736],[15.44,54.634734],[15.46,54.634734],[15.465,54.639732],[15.48,54.639732],[15.485,54.64473],[15.505,54.64473],[15.51,54.649728],[15.525,54.649729],[15.53,54.654726],[15.545,54.654726],[15.55,54.659724],[15.57,54.659725],[15.575,54.664722],[15.59,54.664723],[15.595,54.669721],[15.615,54.669722],[15.62,54.674719],[15.635,54.67472],[15.64,54.679717],[15.65,54.679718],[15.655,54.684716],[15.665,54.684717],[15.69,54.704715],[15.695,54.704716],[15.71,54.719714],[15.715,54.719715],[15.725,54.729713],[15.73,54.729715],[15.74,54.739713],[15.745,54.739714],[15.755,54.749713],[15.76,54.749714],[15.79,54.779706],[15.795,54.779708],[15.815,54.799703],[15.820295,54.8],[15.820297,54.805],[15.8303,54.815],[15.830301,54.82],[15.840304,54.83],[15.840306,54.835],[15.870317,54.87],[15.870318,54.875],[15.915325,54.925],[15.915326,54.93],[15.94033,54.955],[15.940331,54.96],[15.970335,54.99],[15.960315,55.005],[15.9603,55.02],[15.955307,55.025],[15.95532,55.045],[15.950328,55.05],[15.950343,55.075],[15.945351,55.08],[15.945363,55.1],[15.94037,55.105],[15.940386,55.135],[15.965389,55.165],[15.965389,55.17],[15.98039,55.185],[15.98039,55.19],[15.995391,55.205],[15.995391,55.21],[16.010393,55.225],[16.010393,55.23],[16.020394,55.24],[16.020395,55.25],[16.025,55.254604],[16.035,55.254611],[16.04,55.259615],[16.06,55.259621],[16.065,55.264628],[16.085,55.264628],[16.09,55.269637],[16.11,55.269637],[16.115,55.274646],[16.13,55.274645],[16.135,55.279655],[16.155,55.279653],[16.16,55.284662],[16.18,55.28466],[16.185,55.289668],[16.2,55.289668]]}},{"type":"Feature","properties":{"depth":5.0,"source":"DDM 2024 coarse contour","resolution":"0.005 degree sampled grid"},"geometry":{"type":"LineString","coordinates":[[11.93,54.57001],[11.926429,54.57],[11.926786,54.56],[11.93,54.555909],[11.934091,54.56],[11.932941,54.57],[11.93,54.57001]]}},{"type":"Feature","properties":{"depth":5.0,"source":"DDM 2024 coarse contour","resolution":"0.005 degree sampled grid"},"geometry":{"type":"LineString","coordinates":[[11.87,54.6372],[11.86,54.64],[11.859412,54.635],[11.855,54.631429],[11.84,54.62725],[11.825,54.627105],[11.82,54.632059],[11.805,54.633958],[11.8,54.626818],[11.793125,54.63],[11.803214,54.635],[11.78,54.637159],[11.776935,54.635],[11.788913,54.63],[11.757222,54.625],[11.76,54.62],[11.755,54.6175],[11.7575,54.61],[11.755,54.605625],[11.74,54.611364],[11.726667,54.61],[11.73,54.605],[11.74,54.602917],[11.75,54.594792],[11.795,54.595],[11.79,54.5945],[11.79,54.588714],[11.805,54.58837],[11.826429,54.58],[11.845,54.5786],[11.85,54.575455],[11.885,54.579881],[11.89,54.587],[11.912917,54.585],[11.9075,54.6],[11.9,54.605],[11.898478,54.61],[11.885,54.6196],[11.874167,54.62],[11.88375,54.625],[11.87,54.6372]]}},{"type":"Feature","properties":{"depth":5.0,"source":"DDM 2024 coarse contour","resolution":"0.005 degree sampled grid"},"geometry":{"type":"LineString","coordinates":[[11.791,54.62],[11.796875,54.615],[11.795,54.613333],[11.788889,54.62],[11.791,54.62]]}},{"type":"Feature","properties":{"depth":5.0,"source":"DDM 2024 coarse contour","resolution":"0.005 degree sampled grid"},"geometry":{"type":"LineString","coordinates":[[11.765,54.645238],[11.757778,54.645],[11.765,54.638333],[11.765,54.645238]]}},{"type":"Feature","properties":{"depth":5.0,"source":"DDM 2024 coarse contour","resolution":"0.005 degree sampled grid"},"geometry":{"type":"LineString","coordinates":[[10.17575,55.65],[10.205,55.64],[10.187683,55.625],[10.186,55.62],[10.19,55.6185],[10.215,55.61875],[10.22,55.622609],[10.222,55.62],[10.218333,55.615],[10.225,55.6124],[10.234474,55.615],[10.229167,55.625],[10.24,55.634],[10.28,55.632692],[10.325,55.6275],[10.343333,55.62],[10.344474,55.615],[10.37,55.60825],[10.42,55.605],[10.434,55.6],[10.438333,55.595],[10.438889,55.585],[10.46,55.571471],[10.4975,55.555],[10.51,55.553],[10.52,55.545714],[10.525,55.546765],[10.540357,55.54],[10.559947,55.52],[10.56,55.515263],[10.565,55.525532],[10.58,55.53497],[10.595,55.534974],[10.61,55.523462],[10.62,55.521053],[10.6215,55.525],[10.615,55.529737],[10.60869,55.55],[10.598548,55.56],[10.591885,55.585],[10.595676,55.595],[10.594444,55.6],[10.584242,55.61],[10.59,55.624182],[10.62,55.627879],[10.625,55.633],[10.63,55.628333],[10.635,55.62875],[10.63275,55.615],[10.635455,55.61],[10.656923,55.595],[10.66,55.584722],[10.675,55.575],[10.685,55.555],[10.709123,55.54],[10.712297,55.525],[10.72,55.514595],[10.735,55.507143],[10.75,55.494545],[10.752653,55.48],[10.745,55.474012],[10.735,55.470008],[10.71,55.471721],[10.675,55.461311],[10.671212,55.455],[10.672143,55.45],[10.7,55.431667],[10.725962,55.42],[10.745,55.404028],[10.775,55.395132],[10.772,55.39],[10.774697,55.385],[10.785,55.372692],[10.801957,55.36],[10.8025,55.355],[10.818036,55.335],[10.821818,55.32],[10.835,55.314167],[10.84,55.307614],[10.85,55.304995],[10.85686,55.295],[10.855,55.287727],[10.84,55.2824],[10.825,55.283984],[10.82,55.291812],[10.815,55.289382],[10.805,55.3],[10.795,55.3],[10.79025,55.295],[10.796364,55.29],[10.8,55.280789],[10.812153,55.28],[10.811957,55.275],[10.805978,55.27],[10.818429,55.255],[10.813529,55.25],[10.819118,55.245],[10.811528,55.24],[10.822,55.23],[10.814231,55.22],[10.820217,55.195],[10.813333,55.19],[10.817206,55.18],[10.805,55.165],[10.799118,55.165],[10.797593,55.155],[10.7898,55.145],[10.789681,55.135],[10.776078,55.1],[10.765,55.095],[10.761458,55.085],[10.745,55.067437],[10.718714,55.06],[10.716719,55.045],[10.73,55.031538],[10.731327,55.025],[10.695,55.029324],[10.666579,55.025],[10.658167,55.02],[10.66,55.01],[10.6516,55.005],[10.66,54.9952],[10.665,55.000167],[10.675,55.002195],[10.695,55.001196],[10.700862,54.995],[10.696739,54.985],[10.698333,54.98],[10.705,54.975156],[10.715,54.980333],[10.72,54.977561],[10.755,54.978288],[10.775,54.9885],[10.79,54.987041],[10.804556,54.995],[10.807391,55.005],[10.815357,55.01],[10.821061,55.02],[10.818404,55.025],[10.826964,55.035],[10.84,55.037381],[10.849444,55.055],[10.855814,55.06],[10.858085,55.065],[10.849623,55.07],[10.855294,55.085],[10.86,55.089],[10.864,55.085],[10.86,55.08],[10.865,55.0795],[10.865625,55.09],[10.86,55.091538],[10.858875,55.095],[10.861,55.105],[10.872308,55.11],[10.87,55.115],[10.865,55.115],[10.865,55.12],[10.87,55.115],[10.874062,55.12],[10.8715,55.125],[10.876818,55.13],[10.871154,55.135],[10.879194,55.14],[10.875,55.149286],[10.87,55.143542],[10.868125,55.15],[10.87,55.154],[10.875,55.1525],[10.875,55.176429],[10.883437,55.18],[10.88,55.187976],[10.874434,55.19],[10.882917,55.195],[10.875571,55.215],[10.88,55.231204],[10.888,55.235],[10.89,55.24125],[10.9,55.235469],[10.905,55.238824],[10.91,55.235],[10.905,55.226667],[10.898913,55.225],[10.901875,55.22],[10.897273,55.215],[10.9002,55.205],[10.895,55.207059],[10.885962,55.195],[10.894167,55.185],[10.888,55.16],[10.887268,55.15],[10.88997,55.145],[10.883519,55.135],[10.881603,55.12],[10.885,55.117427],[10.895003,55.125],[10.900007,55.14],[10.931,55.165],[10.935,55.178846],[10.945,55.18],[10.955,55.174643],[10.96,55.175536],[10.96,55.17],[10.96875,55.165],[10.965,55.14625],[10.953235,55.13],[10.945,55.11],[10.945,55.0975],[10.95,55.098462],[10.951154,55.095],[10.945,55.094545],[10.941296,55.09],[10.937778,55.07],[10.911818,55.03],[10.910147,55.02],[10.9,55.005926],[10.901364,54.995],[10.866667,54.97],[10.84,54.94],[10.835593,54.915],[10.81,54.866053],[10.805,54.858125],[10.8,54.856538],[10.8,54.85],[10.795,54.85],[10.7844,54.835],[10.785588,54.83],[10.780508,54.825],[10.780111,54.815],[10.77,54.805185],[10.768261,54.795],[10.757727,54.785],[10.754615,54.77],[10.75,54.765385],[10.75,54.755],[10.745,54.755143],[10.743043,54.745],[10.72,54.725481],[10.71,54.720465],[10.68,54.718375],[10.678333,54.725],[10.67,54.733667],[10.664839,54.735],[10.665,54.746364],[10.659397,54.75],[10.67,54.756429],[10.655001,54.78],[10.656279,54.79],[10.65,54.800208],[10.62,54.822231],[10.595,54.829403],[10.582,54.84],[10.58,54.845408],[10.565,54.848636],[10.545714,54.845],[10.535,54.84],[10.54,54.834412],[10.535,54.84],[10.53,54.834342],[10.52375,54.84],[10.465,54.8395],[10.443571,54.83],[10.435,54.817321],[10.425,54.812558],[10.375,54.831912],[10.355,54.843364],[10.32,54.872917],[10.281364,54.89],[10.265,54.905],[10.240444,54.92],[10.2359,54.94],[10.215,54.955002],[10.21,54.955038],[10.200006,54.97],[10.205,54.974992],[10.225,54.970205],[10.227376,54.96],[10.255,54.945139],[10.28,54.94498],[10.29,54.940898],[10.3,54.931366],[10.330887,54.915],[10.34,54.900727],[10.36,54.899967],[10.375,54.890094],[10.38,54.890125],[10.4,54.904583],[10.385,54.915909],[10.4,54.914956],[10.42,54.902129],[10.425,54.904991],[10.43,54.900833],[10.455,54.902],[10.46,54.9035],[10.459455,54.91],[10.445,54.917895],[10.446923,54.93],[10.44,54.935],[10.46,54.9415],[10.475,54.940286],[10.48,54.935714],[10.485294,54.945],[10.472,54.95],[10.46,54.962692],[10.45,54.966176],[10.44,54.965102],[10.437037,54.96],[10.440385,54.955],[10.435,54.953696],[10.423333,54.96],[10.415,54.960032],[10.41,54.964615],[10.39,54.962143],[10.38,54.969167],[10.362778,54.97],[10.347273,54.975],[10.37,54.986346],[10.365,54.985952],[10.345,54.998158],[10.325488,55.005],[10.315,55.00503],[10.285,55.016742],[10.255,55.015098],[10.245,55.023511],[10.235,55.025156],[10.229526,55.03],[10.230595,55.035],[10.25,55.04493],[10.285,55.021748],[10.305,55.021515],[10.314432,55.015],[10.335,55.019962],[10.355,55.000708],[10.365,55.003846],[10.37,55.015714],[10.38,55.018261],[10.390606,55.015],[10.4,55.005208],[10.415,55.000208],[10.42,55.003913],[10.425,55.002656],[10.4365,54.995],[10.435,54.99],[10.455,54.986481],[10.461957,54.99],[10.462143,54.995],[10.45,54.997879],[10.445,55.003043],[10.417,55.01],[10.424167,55.015],[10.44,55.014348],[10.455,55.020137],[10.475,55.021779],[10.478558,55.02],[10.474792,55.015],[10.485,55.014457],[10.5,55.006277],[10.502308,54.99],[10.505,54.987941],[10.51,54.991439],[10.512714,54.99],[10.511842,54.985],[10.515,54.981471],[10.518558,54.995],[10.5125,55.0],[10.510816,55.01],[10.52,55.014975],[10.53,55.013824],[10.563857,55.035],[10.549324,55.035],[10.54,55.03004],[10.528356,55.03],[10.52,55.025044],[10.5,55.025049],[10.475,55.040007],[10.43,55.039899],[10.415,55.035022],[10.395,55.041452],[10.38,55.038774],[10.37,55.047308],[10.356563,55.04],[10.335,55.038086],[10.325,55.033768],[10.318125,55.04],[10.323902,55.045],[10.32,55.048137],[10.315,55.05],[10.313,55.045],[10.308,55.045],[10.317357,55.06],[10.305,55.060037],[10.285,55.072528],[10.277143,55.065],[10.276533,55.055],[10.282099,55.05],[10.28,55.048811],[10.275,55.053403],[10.26,55.050061],[10.254882,55.055],[10.24,55.060046],[10.230046,55.07],[10.23,55.073481],[10.218934,55.07],[10.224167,55.065],[10.225,55.049409],[10.22,55.0575],[10.215,55.054918],[10.2,55.059138],[10.195,55.067628],[10.185,55.075015],[10.165,55.075053],[10.13,55.088613],[10.11,55.08004],[10.095,55.078974],[10.09,55.075061],[10.0718,55.075],[10.067857,55.085],[10.071875,55.095],[10.08,55.110543],[10.094808,55.12],[10.095,55.126],[10.055,55.129167],[10.045,55.127368],[10.035,55.12],[10.04,55.115556],[10.045,55.118421],[10.05,55.116579],[10.056471,55.11],[10.055,55.104864],[10.038404,55.11],[10.035,55.12],[10.03,55.117931],[10.005,55.120036],[9.996023,55.125],[9.985,55.12501],[9.97425,55.135],[9.980811,55.14],[9.985106,55.15],[9.974286,55.165],[9.9775,55.175],[9.974412,55.19],[9.982981,55.205],[9.98,55.208333],[9.965476,55.215],[9.93,55.21503],[9.921429,55.22],[9.915,55.23],[9.905,55.233605],[9.895,55.229457],[9.885,55.234286],[9.875,55.225],[9.877857,55.23],[9.875,55.235],[9.865,55.238462],[9.86,55.246452],[9.835,55.243],[9.829167,55.25],[9.83,55.255152],[9.855,55.259737],[9.885714,55.255],[9.87407,55.265],[9.864493,55.28],[9.87,55.283438],[9.88,55.279722],[9.885,55.274146],[9.88303,55.29],[9.887986,55.305],[9.882131,55.32],[9.863714,55.34],[9.8664,55.345],[9.805,55.355041],[9.8,55.358852],[9.785,55.361172],[9.775,55.369],[9.775,55.375],[9.783,55.38],[9.811765,55.38],[9.815,55.385],[9.807174,55.39],[9.816607,55.4],[9.77,55.410385],[9.795,55.419975],[9.815,55.417015],[9.8231,55.42],[9.790789,55.43],[9.745,55.43],[9.734062,55.44],[9.740366,55.445],[9.73,55.448533],[9.716667,55.465],[9.715043,55.47],[9.72,55.474937],[9.725,55.47566],[9.7399,55.465],[9.778846,55.45],[9.79,55.447742],[9.791429,55.45],[9.785,55.450008],[9.77,55.461579],[9.755,55.465018],[9.735,55.475036],[9.725,55.490033],[9.705,55.490087],[9.715,55.489934],[9.719974,55.485],[9.71993,55.48],[9.715,55.475042],[9.695,55.470135],[9.675036,55.49],[9.675,55.501231],[9.69,55.499931],[9.695,55.495081],[9.695,55.500089],[9.69,55.500069],[9.675044,55.51],[9.675014,55.515],[9.68,55.519952],[9.7,55.519845],[9.720984,55.51],[9.75,55.509989],[9.755009,55.515],[9.755033,55.52],[9.765,55.526752],[9.765018,55.535],[9.760021,55.54],[9.763977,55.545],[9.785,55.546752],[9.8,55.554938],[9.815,55.555357],[9.827,55.56],[9.85,55.555253],[9.855,55.5512],[9.855,55.525],[9.865,55.518141],[9.94,55.516724],[10.0,55.55],[10.00125,55.56],[10.025,55.575517],[10.03,55.5772],[10.04,55.572738],[10.055,55.574615],[10.085,55.585],[10.078889,55.59],[10.09,55.600294],[10.095,55.597857],[10.11,55.6],[10.10875,55.605],[10.115,55.613125],[10.12,55.614545],[10.13,55.611333],[10.175,55.6216],[10.1806,55.625],[10.156154,55.635],[10.152857,55.645],[10.16,55.653393],[10.17575,55.65]]}},{"type":"Feature","properties":{"depth":5.0,"source":"DDM 2024 coarse contour","resolution":"0.005 degree sampled grid"},"geometry":{"type":"LineString","coordinates":[[9.56,54.875041],[9.525,54.875002],[9.52,54.87],[9.513214,54.87],[9.504998,54.865],[9.505,54.862143],[9.51,54.864255],[9.514255,54.86],[9.51,54.856078],[9.505,54.85875],[9.495,54.851176],[9.46,54.835047],[9.442119,54.835],[9.47,54.83494],[9.475,54.839973],[9.49,54.839948],[9.495,54.844975],[9.5,54.844962],[9.505,54.849981],[9.51,54.849976],[9.515,54.854984],[9.52,54.854966],[9.525,54.859977],[9.56,54.875041]]}},{"type":"Feature","properties":{"depth":5.0,"source":"DDM 2024 coarse contour","resolution":"0.005 degree sampled grid"},"geometry":{"type":"LineString","coordinates":[[10.53,54.86875],[10.527128,54.865],[10.528082,54.855],[10.532029,54.855],[10.53,54.86875]]}},{"type":"Feature","properties":{"depth":5.0,"source":"DDM 2024 coarse contour","resolution":"0.005 degree sampled grid"},"geometry":{"type":"LineString","coordinates":[[11.745,54.866393],[11.745,54.853333],[11.747763,54.855],[11.745,54.866393]]}},{"type":"Feature","properties":{"depth":5.0,"source":"DDM 2024 coarse contour","resolution":"0.005 degree sampled grid"},"geometry":{"type":"LineString","coordinates":[[10.65,54.901],[10.643333,54.9],[10.65,54.89],[10.64,54.8975],[10.638,54.895],[10.6375,54.89],[10.642857,54.885],[10.64,54.882778],[10.635,54.882143],[10.63,54.885833],[10.62,54.877778],[10.595,54.885],[10.575,54.875],[10.578333,54.88],[10.575,54.882],[10.574,54.87],[10.61,54.860833],[10.618333,54.865],[10.62,54.871429],[10.635,54.87625],[10.635,54.87],[10.63,54.8725],[10.628,54.865],[10.63,54.861667],[10.635,54.862857],[10.645,54.858333],[10.6475,54.86],[10.645,54.861667],[10.64,54.86],[10.645,54.87],[10.642,54.875],[10.649167,54.88],[10.646875,54.885],[10.65,54.89],[10.6575,54.89],[10.65,54.901]]}},{"type":"Feature","properties":{"depth":5.0,"source":"DDM 2024 coarse contour","resolution":"0.005 degree sampled grid"},"geometry":{"type":"LineString","coordinates":[[12.205,54.866667],[12.18,54.868759],[12.1744,54.865],[12.18,54.861079],[12.205,54.863226],[12.207115,54.865],[12.205,54.866667]]}},{"type":"Feature","properties":{"depth":5.0,"source":"DDM 2024 coarse contour","resolution":"0.005 degree sampled grid"},"geometry":{"type":"LineString","coordinates":[[11.585,54.905286],[11.58,54.9015],[11.565,54.905],[11.557368,54.89],[11.571667,54.885],[11.571875,54.895],[11.575,54.896563],[11.585,54.89],[11.582083,54.885],[11.585,54.88],[11.59,54.883462],[11.6025,54.88],[11.6,54.888889],[11.595,54.887778],[11.5925,54.895],[11.595,54.89875],[11.6,54.89125],[11.60875,54.895],[11.6,54.901563],[11.59,54.900312],[11.585,54.905286]]}},{"type":"Feature","properties":{"depth":5.0,"source":"DDM 2024 coarse contour","resolution":"0.005 degree sampled grid"},"geometry":{"type":"LineString","coordinates":[[11.74,54.882857],[11.728333,54.88],[11.74,54.87963],[11.74,54.882857]]}},{"type":"Feature","properties":{"depth":5.0,"source":"DDM 2024 coarse contour","resolution":"0.005 degree sampled grid"},"geometry":{"type":"LineString","coordinates":[[10.44,54.896905],[10.435,54.897273],[10.42375,54.89],[10.445,54.883333],[10.445,54.890714],[10.44,54.896905]]}},{"type":"Feature","properties":{"depth":5.0,"source":"DDM 2024 coarse contour","resolution":"0.005 degree sampled grid"},"geometry":{"type":"LineString","coordinates":[[11.62,54.891786],[11.615,54.894167],[11.612222,54.89],[11.62,54.8845],[11.62,54.891786]]}},{"type":"Feature","properties":{"depth":5.0,"source":"DDM 2024 coarse contour","resolution":"0.005 degree sampled grid"},"geometry":{"type":"LineString","coordinates":[[11.525,54.9355],[11.505,54.933333],[11.503333,54.93],[11.509615,54.92],[11.52,54.927083],[11.525,54.912857],[11.53,54.915],[11.529,54.91],[11.539,54.91],[11.544,54.915],[11.541667,54.92],[11.526842,54.93],[11.525,54.9355]]}},{"type":"Feature","properties":{"depth":5.0,"source":"DDM 2024 coarse contour","resolution":"0.005 degree sampled grid"},"geometry":{"type":"LineString","coordinates":[[9.635,54.930004],[9.624821,54.93],[9.622093,54.925],[9.63,54.918942],[9.635,54.919457],[9.64125,54.925],[9.635,54.930004]]}},{"type":"Feature","properties":{"depth":5.0,"source":"DDM 2024 coarse contour","resolution":"0.005 degree sampled grid"},"geometry":{"type":"LineString","coordinates":[[9.765,54.930033],[9.761236,54.93],[9.765,54.91996],[9.765,54.930033]]}},{"type":"Feature","properties":{"depth":5.0,"source":"DDM 2024 coarse contour","resolution":"0.005 degree sampled grid"},"geometry":{"type":"LineString","coordinates":[[8.635,54.935769],[8.62,54.938036],[8.610556,54.935],[8.608333,54.93],[8.615,54.924091],[8.63,54.922973],[8.6365,54.93],[8.635,54.935769]]}},{"type":"Feature","properties":{"depth":5.0,"source":"DDM 2024 coarse contour","resolution":"0.005 degree sampled grid"},"geometry":{"type":"LineString","coordinates":[[10.535,54.9575],[10.53,54.953333],[10.51,54.95],[10.511667,54.945],[10.515,54.9425],[10.52,54.946333],[10.53625,54.935],[10.54,54.928953],[10.545,54.931818],[10.575,54.927391],[10.598636,54.93],[10.55,54.937037],[10.54025,54.945],[10.541129,54.95],[10.535,54.9575]]}},{"type":"Feature","properties":{"depth":5.0,"source":"DDM 2024 coarse contour","resolution":"0.005 degree sampled grid"},"geometry":{"type":"LineString","coordinates":[[9.76,54.948537],[9.756882,54.945],[9.76,54.9311],[9.76,54.948537]]}},{"type":"Feature","properties":{"depth":5.0,"source":"DDM 2024 coarse contour","resolution":"0.005 degree sampled grid"},"geometry":{"type":"LineString","coordinates":[[11.5,54.95175],[11.491111,54.95],[11.5,54.945],[11.505,54.937],[11.51,54.945],[11.505,54.948],[11.5,54.945],[11.503889,54.95],[11.5,54.95175]]}},{"type":"Feature","properties":{"depth":5.0,"source":"DDM 2024 coarse contour","resolution":"0.005 degree sampled grid"},"geometry":{"type":"LineString","coordinates":[[9.755,54.973889],[9.75141,54.97],[9.754962,54.965],[9.752227,54.96],[9.755,54.947059],[9.758378,54.95],[9.755033,54.955],[9.75799,54.96],[9.755,54.973889]]}},{"type":"Feature","properties":{"depth":5.0,"source":"DDM 2024 coarse contour","resolution":"0.005 degree sampled grid"},"geometry":{"type":"LineString","coordinates":[[11.663333,54.98],[11.674333,54.975],[11.68,54.9675],[11.69,54.9664],[11.691818,54.96],[11.685,54.95825],[11.67,54.962879],[11.655,54.961719],[11.645,54.96375],[11.639959,54.97],[11.645,54.976875],[11.663333,54.98]]}},{"type":"Feature","properties":{"depth":5.0,"source":"DDM 2024 coarse contour","resolution":"0.005 degree sampled grid"},"geometry":{"type":"LineString","coordinates":[[12.0,54.964048],[11.9775,54.96],[12.0,54.958111],[12.0,54.964048]]}},{"type":"Feature","properties":{"depth":5.0,"source":"DDM 2024 coarse contour","resolution":"0.005 degree sampled grid"},"geometry":{"type":"LineString","coordinates":[[12.045,54.960012],[12.02,54.96],[12.035,54.95684],[12.047717,54.96],[12.045,54.960012]]}},{"type":"Feature","properties":{"depth":5.0,"source":"DDM 2024 coarse contour","resolution":"0.005 degree sampled grid"},"geometry":{"type":"LineString","coordinates":[[12.115,54.9675],[12.099605,54.965],[12.105,54.964182],[12.11,54.957031],[12.1192,54.965],[12.115,54.9675]]}},{"type":"Feature","properties":{"depth":5.0,"source":"DDM 2024 coarse contour","resolution":"0.005 degree sampled grid"},"geometry":{"type":"LineString","coordinates":[[11.96,54.973173],[11.956633,54.97],[11.958667,54.965],[11.965,54.964348],[11.96,54.973173]]}},{"type":"Feature","properties":{"depth":5.0,"source":"DDM 2024 coarse contour","resolution":"0.005 degree sampled grid"},"geometry":{"type":"LineString","coordinates":[[12.15,54.983],[12.122295,54.97],[12.125,54.966633],[12.135,54.968308],[12.154286,54.98],[12.15,54.983]]}},{"type":"Feature","properties":{"depth":5.0,"source":"DDM 2024 coarse contour","resolution":"0.005 degree sampled grid"},"geometry":{"type":"LineString","coordinates":[[11.688333,54.985],[11.671667,54.985],[11.685,54.98875],[11.688333,54.985]]}},{"type":"Feature","properties":{"depth":5.0,"source":"DDM 2024 coarse contour","resolution":"0.005 degree sampled grid"},"geometry":{"type":"LineString","coordinates":[[14.779986,55.295],[14.784423,55.29],[14.8,55.28494],[14.826078,55.255],[14.85,55.249942],[14.855,55.244968],[14.865,55.244938],[14.88604,55.23],[14.915,55.224954],[14.945,55.212009],[14.96,55.214987],[14.965,55.219932],[14.986875,55.205],[14.994512,55.195],[15.02,55.179998],[15.04,55.174953],[15.045705,55.17],[15.056724,55.165],[15.065,55.164939],[15.08,55.156193],[15.095,55.154929],[15.115,55.146117],[15.145,55.144894],[15.154983,55.13],[15.155726,55.125],[15.15,55.117626],[15.150034,55.1],[15.159916,55.085],[15.15,55.07375],[15.142195,55.07],[15.143605,55.065],[15.131721,55.05],[15.115,55.04],[15.12,55.035],[15.135,55.035254],[15.137049,55.03],[15.12675,55.025],[15.124556,55.015],[15.12,55.010233],[15.092833,54.99],[15.08,54.984677],[15.06,54.985004],[14.975938,55.0],[14.96,54.999758],[14.935,55.012121],[14.925,55.010028],[14.92,55.013966],[14.905652,55.015],[14.905,55.02],[14.866,55.035],[14.85,55.035851],[14.845244,55.04],[14.83,55.035682],[14.826481,55.04],[14.81,55.045012],[14.804464,55.05],[14.795536,55.05],[14.795,55.039531],[14.77,55.053409],[14.745,55.060025],[14.715909,55.08],[14.698333,55.08],[14.696618,55.085],[14.680014,55.1],[14.7,55.1148],[14.683333,55.12],[14.681563,55.125],[14.7,55.126071],[14.703793,55.13],[14.7038,55.145],[14.69619,55.15],[14.702423,55.17],[14.695036,55.185],[14.700007,55.19],[14.698529,55.195],[14.705007,55.215],[14.720007,55.235],[14.720053,55.24],[14.740004,55.255],[14.740031,55.26],[14.750018,55.27],[14.750061,55.29],[14.765,55.299965],[14.775,55.299984],[14.779986,55.295]]}},{"type":"Feature","properties":{"depth":5.0,"source":"DDM 2024 coarse contour","resolution":"0.005 degree sampled grid"},"geometry":{"type":"LineString","coordinates":[[12.18,55.004111],[12.170932,54.995],[12.175,54.990714],[12.182778,54.995],[12.184625,55.0],[12.18,55.004111]]}},{"type":"Feature","properties":{"depth":5.0,"source":"DDM 2024 coarse contour","resolution":"0.005 degree sampled grid"},"geometry":{"type":"LineString","coordinates":[[11.386136,55.045],[11.389375,55.04],[11.386296,55.035],[11.3628,55.025],[11.365,55.015],[11.37,55.018889],[11.38,55.017333],[11.381296,55.015],[11.375,55.010263],[11.36,55.008125],[11.355,55.0175],[11.345,55.01175],[11.34,55.016625],[11.315,55.019565],[11.308108,55.025],[11.308333,55.03],[11.317609,55.04],[11.315833,55.045],[11.325714,55.045],[11.331111,55.04],[11.34,55.038571],[11.36,55.043194],[11.365,55.048158],[11.386136,55.045]]}},{"type":"Feature","properties":{"depth":5.0,"source":"DDM 2024 coarse contour","resolution":"0.005 degree sampled grid"},"geometry":{"type":"LineString","coordinates":[[11.788333,55.02],[11.8025,55.015],[11.79,55.014459],[11.785,55.019524],[11.778889,55.02],[11.788333,55.02]]}},{"type":"Feature","properties":{"depth":5.0,"source":"DDM 2024 coarse contour","resolution":"0.005 degree sampled grid"},"geometry":{"type":"LineString","coordinates":[[10.149948,55.065],[10.145,55.06],[10.16,55.051571],[10.17,55.054928],[10.175,55.051119],[10.195,55.050264],[10.1945,55.04],[10.17,55.030278],[10.135,55.031635],[10.125,55.04027],[10.115385,55.055],[10.135,55.064944],[10.14,55.063788],[10.145,55.069909],[10.149948,55.065]]}},{"type":"Feature","properties":{"depth":5.0,"source":"DDM 2024 coarse contour","resolution":"0.005 degree sampled grid"},"geometry":{"type":"LineString","coordinates":[[10.585,55.041618],[10.566737,55.04],[10.57,55.03713],[10.58,55.037973],[10.587157,55.04],[10.585,55.041618]]}},{"type":"Feature","properties":{"depth":5.0,"source":"DDM 2024 coarse contour","resolution":"0.005 degree sampled grid"},"geometry":{"type":"LineString","coordinates":[[11.151429,55.065],[11.166111,55.055],[11.165,55.039625],[11.145,55.055],[11.142,55.065],[11.151429,55.065]]}},{"type":"Feature","properties":{"depth":5.0,"source":"DDM 2024 coarse contour","resolution":"0.005 degree sampled grid"},"geometry":{"type":"LineString","coordinates":[[11.715,55.055009],[11.71,55.057768],[11.7005,55.055],[11.71,55.05131],[11.71913,55.055],[11.715,55.055009]]}},{"type":"Feature","properties":{"depth":5.0,"source":"DDM 2024 coarse contour","resolution":"0.005 degree sampled grid"},"geometry":{"type":"LineString","coordinates":[[11.8,55.061538],[11.79,55.062619],[11.785417,55.06],[11.8025,55.06],[11.8,55.061538]]}},{"type":"Feature","properties":{"depth":5.0,"source":"DDM 2024 coarse contour","resolution":"0.005 degree sampled grid"},"geometry":{"type":"LineString","coordinates":[[10.245,55.090003],[10.2341,55.09],[10.234767,55.075],[10.26,55.067456],[10.275139,55.07],[10.26859,55.075],[10.273468,55.08],[10.265,55.080025],[10.26,55.085001],[10.245,55.090003]]}},{"type":"Feature","properties":{"depth":5.0,"source":"DDM 2024 coarse contour","resolution":"0.005 degree sampled grid"},"geometry":{"type":"LineString","coordinates":[[11.199091,55.085],[11.204688,55.08],[11.205,55.0725],[11.19,55.077692],[11.19,55.087813],[11.195,55.089091],[11.199091,55.085]]}},{"type":"Feature","properties":{"depth":5.0,"source":"DDM 2024 coarse contour","resolution":"0.005 degree sampled grid"},"geometry":{"type":"LineString","coordinates":[[11.715,55.081],[11.7,55.083437],[11.694286,55.075],[11.715,55.07407],[11.717609,55.08],[11.715,55.081]]}},{"type":"Feature","properties":{"depth":5.0,"source":"DDM 2024 coarse contour","resolution":"0.005 degree sampled grid"},"geometry":{"type":"LineString","coordinates":[[11.491458,55.095],[11.475,55.084933],[11.469512,55.085],[11.466667,55.09],[11.48,55.095172],[11.491458,55.095]]}},{"type":"Feature","properties":{"depth":5.0,"source":"DDM 2024 coarse contour","resolution":"0.005 degree sampled grid"},"geometry":{"type":"LineString","coordinates":[[8.46,55.090902],[8.436591,55.09],[8.45,55.087083],[8.462037,55.09],[8.46,55.090902]]}},{"type":"Feature","properties":{"depth":5.0,"source":"DDM 2024 coarse contour","resolution":"0.005 degree sampled grid"},"geometry":{"type":"LineString","coordinates":[[11.180669,55.185],[11.190532,55.175],[11.19,55.16625],[11.167647,55.155],[11.159839,55.145],[11.165,55.14],[11.167647,55.13],[11.184167,55.11],[11.182143,55.105],[11.185217,55.1],[11.175,55.0925],[11.163462,55.095],[11.1675,55.105],[11.165,55.113214],[11.16,55.116],[11.1565,55.13],[11.145,55.136053],[11.129615,55.15],[11.125192,55.16],[11.13,55.16625],[11.14,55.16625],[11.147857,55.175],[11.14125,55.18],[11.145,55.180682],[11.15,55.176364],[11.15875,55.18],[11.15625,55.185],[11.17,55.188452],[11.180669,55.185]]}},{"type":"Feature","properties":{"depth":5.0,"source":"DDM 2024 coarse contour","resolution":"0.005 degree sampled grid"},"geometry":{"type":"LineString","coordinates":[[8.44,55.102347],[8.41,55.1],[8.435,55.097167],[8.442875,55.1],[8.44,55.102347]]}},{"type":"Feature","properties":{"depth":5.0,"source":"DDM 2024 coarse contour","resolution":"0.005 degree sampled grid"},"geometry":{"type":"LineString","coordinates":[[11.511429,55.105],[11.515,55.103214],[11.515,55.098548],[11.500556,55.1],[11.497857,55.105],[11.511429,55.105]]}},{"type":"Feature","properties":{"depth":5.0,"source":"DDM 2024 coarse contour","resolution":"0.005 degree sampled grid"},"geometry":{"type":"LineString","coordinates":[[9.566095,55.13],[9.586818,55.115],[9.57,55.109653],[9.555,55.110096],[9.544316,55.12],[9.545073,55.13],[9.55,55.134923],[9.56,55.134919],[9.566095,55.13]]}},{"type":"Feature","properties":{"depth":5.0,"source":"DDM 2024 coarse contour","resolution":"0.005 degree sampled grid"},"geometry":{"type":"LineString","coordinates":[[10.105,55.11525],[10.1,55.117419],[10.096429,55.115],[10.099318,55.11],[10.1025,55.11],[10.105,55.11525]]}},{"type":"Feature","properties":{"depth":5.0,"source":"DDM 2024 coarse contour","resolution":"0.005 degree sampled grid"},"geometry":{"type":"LineString","coordinates":[[10.115,55.131938],[10.100775,55.13],[10.105,55.126154],[10.115,55.127578],[10.1175,55.13],[10.115,55.131938]]}},{"type":"Feature","properties":{"depth":5.0,"source":"DDM 2024 coarse contour","resolution":"0.005 degree sampled grid"},"geometry":{"type":"LineString","coordinates":[[8.42,55.135294],[8.4075,55.135],[8.41,55.1325],[8.42,55.135294]]}},{"type":"Feature","properties":{"depth":5.0,"source":"DDM 2024 coarse contour","resolution":"0.005 degree sampled grid"},"geometry":{"type":"LineString","coordinates":[[10.11,55.176508],[10.08,55.171385],[10.0355,55.175],[10.03,55.17],[10.025,55.175104],[10.015,55.171604],[10.005,55.1738],[10.000778,55.17],[10.02,55.16275],[10.045,55.136827],[10.055,55.13122],[10.069,55.135],[10.085,55.145135],[10.105,55.145968],[10.126176,55.155],[10.128467,55.16],[10.124271,55.17],[10.11,55.176508]]}},{"type":"Feature","properties":{"depth":5.0,"source":"DDM 2024 coarse contour","resolution":"0.005 degree sampled grid"},"geometry":{"type":"LineString","coordinates":[[12.16,55.153214],[12.156538,55.15],[12.157812,55.145],[12.15,55.142632],[12.1475,55.135],[12.16,55.135],[12.170625,55.14],[12.171964,55.145],[12.16,55.153214]]}},{"type":"Feature","properties":{"depth":5.0,"source":"DDM 2024 coarse contour","resolution":"0.005 degree sampled grid"},"geometry":{"type":"LineString","coordinates":[[11.190147,55.265],[11.19503,55.26],[11.191567,55.235],[11.201042,55.215],[11.21,55.206869],[11.230482,55.2],[11.234737,55.195],[11.232738,55.19],[11.251154,55.175],[11.25,55.167917],[11.23,55.172174],[11.225,55.169],[11.195,55.189275],[11.163265,55.2],[11.149527,55.21],[11.151667,55.215],[11.14,55.23],[11.1525,55.23],[11.152778,55.255],[11.145556,55.265],[11.15,55.27],[11.165,55.2665],[11.17,55.268182],[11.18,55.262813],[11.185,55.2675],[11.190147,55.265]]}},{"type":"Feature","properties":{"depth":5.0,"source":"DDM 2024 coarse contour","resolution":"0.005 degree sampled grid"},"geometry":{"type":"LineString","coordinates":[[8.46,55.212564],[8.443333,55.205],[8.46,55.200793],[8.475,55.201633],[8.479583,55.205],[8.46,55.212564]]}},{"type":"Feature","properties":{"depth":5.0,"source":"DDM 2024 coarse contour","resolution":"0.005 degree sampled grid"},"geometry":{"type":"LineString","coordinates":[[8.575,55.212262],[8.545682,55.21],[8.575,55.207683],[8.577639,55.21],[8.575,55.212262]]}},{"type":"Feature","properties":{"depth":5.0,"source":"DDM 2024 coarse contour","resolution":"0.005 degree sampled grid"},"geometry":{"type":"LineString","coordinates":[[8.515,55.225208],[8.51,55.223194],[8.505,55.226154],[8.4975,55.22],[8.4834,55.215],[8.49,55.211242],[8.51,55.214976],[8.53,55.214992],[8.54,55.211719],[8.543088,55.215],[8.52,55.218333],[8.515,55.225208]]}},{"type":"Feature","properties":{"depth":5.0,"source":"DDM 2024 coarse contour","resolution":"0.005 degree sampled grid"},"geometry":{"type":"LineString","coordinates":[[8.42,55.226429],[8.413611,55.225],[8.415,55.21825],[8.42,55.216935],[8.424524,55.22],[8.424167,55.225],[8.42,55.226429]]}},{"type":"Feature","properties":{"depth":5.0,"source":"DDM 2024 coarse contour","resolution":"0.005 degree sampled grid"},"geometry":{"type":"LineString","coordinates":[[9.79,55.34],[9.795,55.3345],[9.825,55.33],[9.832093,55.325],[9.841214,55.3],[9.84,55.294375],[9.835,55.295488],[9.830455,55.29],[9.836346,55.285],[9.835088,55.28],[9.815,55.287981],[9.81,55.293913],[9.796207,55.29],[9.808387,55.285],[9.811667,55.28],[9.810125,55.265],[9.797273,55.265],[9.795,55.258056],[9.78,55.253824],[9.767143,55.24],[9.74,55.2325],[9.736364,55.235],[9.733613,55.25],[9.725055,55.255],[9.721892,55.27],[9.738404,55.28],[9.746897,55.29],[9.737308,55.3],[9.74,55.30125],[9.755,55.2895],[9.77,55.293929],[9.785,55.290172],[9.794737,55.295],[9.78913,55.3],[9.789844,55.31],[9.782879,55.315],[9.785,55.320682],[9.772857,55.325],[9.77625,55.33],[9.774875,55.335],[9.78,55.34],[9.79,55.34]]}},{"type":"Feature","properties":{"depth":5.0,"source":"DDM 2024 coarse contour","resolution":"0.005 degree sampled grid"},"geometry":{"type":"LineString","coordinates":[[8.44,55.315217],[8.425,55.312353],[8.4125,55.305],[8.41119,55.3],[8.42,55.297071],[8.4578,55.31],[8.44,55.315217]]}},{"type":"Feature","properties":{"depth":5.0,"source":"DDM 2024 coarse contour","resolution":"0.005 degree sampled grid"},"geometry":{"type":"LineString","coordinates":[[8.375,55.320625],[8.365,55.323571],[8.363684,55.32],[8.373333,55.315],[8.366207,55.31],[8.37,55.307442],[8.39,55.301032],[8.405,55.305],[8.383,55.31],[8.375714,55.315],[8.375,55.320625]]}},{"type":"Feature","properties":{"depth":5.0,"source":"DDM 2024 coarse contour","resolution":"0.005 degree sampled grid"},"geometry":{"type":"LineString","coordinates":[[8.53,55.310581],[8.515,55.312],[8.512857,55.305],[8.52,55.301579],[8.53,55.303],[8.532308,55.305],[8.53,55.310581]]}},{"type":"Feature","properties":{"depth":5.0,"source":"DDM 2024 coarse contour","resolution":"0.005 degree sampled grid"},"geometry":{"type":"LineString","coordinates":[[9.851447,55.31],[9.855464,55.305],[9.85,55.3],[9.85,55.3125],[9.851447,55.31]]}},{"type":"Feature","properties":{"depth":5.0,"source":"DDM 2024 coarse contour","resolution":"0.005 degree sampled grid"},"geometry":{"type":"LineString","coordinates":[[10.949995,55.325],[10.955333,55.32],[10.95,55.317051],[10.938167,55.325],[10.945,55.33],[10.949995,55.325]]}},{"type":"Feature","properties":{"depth":5.0,"source":"DDM 2024 coarse contour","resolution":"0.005 degree sampled grid"},"geometry":{"type":"LineString","coordinates":[[15.184923,55.325],[15.19,55.324944],[15.194956,55.32],[15.19,55.315319],[15.185,55.315294],[15.170108,55.325],[15.175,55.329979],[15.18,55.329862],[15.184923,55.325]]}},{"type":"Feature","properties":{"depth":5.0,"source":"DDM 2024 coarse contour","resolution":"0.005 degree sampled grid"},"geometry":{"type":"LineString","coordinates":[[10.989,55.345],[10.99,55.339787],[10.995556,55.335],[10.99,55.331538],[10.974583,55.33],[10.965,55.325004],[10.955,55.325003],[10.95,55.33],[10.965,55.339995],[10.98,55.345238],[10.989,55.345]]}},{"type":"Feature","properties":{"depth":5.0,"source":"DDM 2024 coarse contour","resolution":"0.005 degree sampled grid"},"geometry":{"type":"LineString","coordinates":[[11.086818,55.35],[11.09,55.345],[11.086667,55.34],[11.074643,55.34],[11.075294,55.35],[11.086818,55.35]]}},{"type":"Feature","properties":{"depth":5.0,"source":"DDM 2024 coarse contour","resolution":"0.005 degree sampled grid"},"geometry":{"type":"LineString","coordinates":[[9.716828,55.37],[9.7249,55.36],[9.725297,55.355],[9.705833,55.345],[9.695,55.346364],[9.681207,55.36],[9.7,55.371071],[9.716828,55.37]]}},{"type":"Feature","properties":{"depth":5.0,"source":"DDM 2024 coarse contour","resolution":"0.005 degree sampled grid"},"geometry":{"type":"LineString","coordinates":[[9.835,55.390009],[9.825,55.392021],[9.8188,55.39],[9.825,55.386607],[9.835,55.390009]]}},{"type":"Feature","properties":{"depth":5.0,"source":"DDM 2024 coarse contour","resolution":"0.005 degree sampled grid"},"geometry":{"type":"LineString","coordinates":[[8.415,55.475029],[8.4066,55.475],[8.417027,55.46],[8.43,55.452838],[8.455,55.449259],[8.47,55.443158],[8.477639,55.445],[8.474364,55.45],[8.445,55.45],[8.445,55.455031],[8.44,55.457065],[8.435,55.455027],[8.424429,55.465],[8.424545,55.47],[8.42,55.47003],[8.415,55.475029]]}},{"type":"Feature","properties":{"depth":5.0,"source":"DDM 2024 coarse contour","resolution":"0.005 degree sampled grid"},"geometry":{"type":"LineString","coordinates":[[11.090543,55.49],[11.097872,55.485],[11.095,55.481143],[11.085455,55.48],[11.093203,55.47],[11.09,55.452187],[11.067375,55.475],[11.075,55.493077],[11.090543,55.49]]}},{"type":"Feature","properties":{"depth":5.0,"source":"DDM 2024 coarse contour","resolution":"0.005 degree sampled grid"},"geometry":{"type":"LineString","coordinates":[[8.355,55.506957],[8.35,55.508115],[8.347432,55.505],[8.36034,55.49],[8.355862,55.485],[8.311667,55.465],[8.311923,55.46],[8.32,55.458077],[8.35,55.469967],[8.365938,55.48],[8.385,55.481371],[8.393814,55.485],[8.39,55.488689],[8.37,55.489919],[8.368947,55.495],[8.355,55.506957]]}},{"type":"Feature","properties":{"depth":5.0,"source":"DDM 2024 coarse contour","resolution":"0.005 degree sampled grid"},"geometry":{"type":"LineString","coordinates":[[8.405,55.483222],[8.394419,55.48],[8.405,55.477041],[8.405,55.483222]]}},{"type":"Feature","properties":{"depth":5.0,"source":"DDM 2024 coarse contour","resolution":"0.005 degree sampled grid"},"geometry":{"type":"LineString","coordinates":[[8.33,55.491842],[8.32,55.493193],[8.3125,55.49],[8.325,55.484444],[8.3335,55.49],[8.33,55.491842]]}},{"type":"Feature","properties":{"depth":5.0,"source":"DDM 2024 coarse contour","resolution":"0.005 degree sampled grid"},"geometry":{"type":"LineString","coordinates":[[9.585,55.495004],[9.5675,55.495],[9.575,55.495],[9.574994,55.49],[9.58,55.489987],[9.588214,55.495],[9.585,55.495004]]}},{"type":"Feature","properties":{"depth":5.0,"source":"DDM 2024 coarse contour","resolution":"0.005 degree sampled grid"},"geometry":{"type":"LineString","coordinates":[[10.56,55.514231],[10.55,55.507963],[10.53625,55.505],[10.536154,55.495],[10.54,55.491552],[10.544286,55.495],[10.545,55.502031],[10.56,55.504],[10.564853,55.51],[10.56,55.514231]]}},{"type":"Feature","properties":{"depth":5.0,"source":"DDM 2024 coarse contour","resolution":"0.005 degree sampled grid"},"geometry":{"type":"LineString","coordinates":[[10.57,55.515005],[10.565,55.517375],[10.5612,55.515],[10.5725,55.505],[10.579,55.505],[10.57,55.515005]]}},{"type":"Feature","properties":{"depth":5.0,"source":"DDM 2024 coarse contour","resolution":"0.005 degree sampled grid"},"geometry":{"type":"LineString","coordinates":[[10.793,55.52],[10.803714,55.515],[10.803947,55.51],[10.79,55.500667],[10.78,55.500312],[10.77,55.507222],[10.754674,55.51],[10.78,55.520976],[10.793,55.52]]}},{"type":"Feature","properties":{"depth":5.0,"source":"DDM 2024 coarse contour","resolution":"0.005 degree sampled grid"},"geometry":{"type":"LineString","coordinates":[[7.698333,55.565],[7.71,55.560962],[7.7325,55.56],[7.735,55.552692],[7.751786,55.55],[7.76,55.535758],[7.785,55.540222],[7.815,55.526875],[7.84,55.53013],[7.86,55.525054],[7.873056,55.52],[7.875238,55.515],[7.78,55.52],[7.775,55.523333],[7.77,55.5225],[7.755,55.535],[7.7425,55.535],[7.739167,55.54],[7.745,55.54],[7.745,55.549167],[7.73,55.546765],[7.725,55.543125],[7.715,55.551053],[7.675,55.554615],[7.67,55.5575],[7.655,55.55],[7.6575,55.555],[7.6525,55.56],[7.698333,55.565]]}},{"type":"Feature","properties":{"depth":5.0,"source":"DDM 2024 coarse contour","resolution":"0.005 degree sampled grid"},"geometry":{"type":"LineString","coordinates":[[8.0,55.525333],[7.995,55.528889],[7.99,55.518333],[7.995,55.515682],[8.0025,55.525],[8.0,55.525333]]}},{"type":"Feature","properties":{"depth":5.0,"source":"DDM 2024 coarse contour","resolution":"0.005 degree sampled grid"},"geometry":{"type":"LineString","coordinates":[[7.955769,55.555],[7.961389,55.54],[7.951,55.53],[7.93,55.55],[7.935,55.56],[7.945,55.553],[7.95,55.55875],[7.955769,55.555]]}},{"type":"Feature","properties":{"depth":5.0,"source":"DDM 2024 coarse contour","resolution":"0.005 degree sampled grid"},"geometry":{"type":"LineString","coordinates":[[7.525,55.56],[7.53,55.558571],[7.535,55.550625],[7.545,55.549333],[7.55,55.543462],[7.565,55.548889],[7.595,55.55],[7.605,55.5475],[7.61,55.551364],[7.64,55.557187],[7.655,55.55],[7.64,55.546],[7.635,55.5475],[7.625,55.5425],[7.605,55.5425],[7.595,55.537692],[7.59,55.543043],[7.585,55.542187],[7.58,55.535667],[7.541875,55.54],[7.535,55.544831],[7.52,55.545],[7.51,55.554],[7.505,55.553077],[7.499583,55.56],[7.51,55.555769],[7.515,55.560333],[7.525,55.56]]}},{"type":"Feature","properties":{"depth":5.0,"source":"DDM 2024 coarse contour","resolution":"0.005 degree sampled grid"},"geometry":{"type":"LineString","coordinates":[[8.05,55.583],[8.034167,55.58],[8.045,55.578158],[8.0515,55.58],[8.05,55.583]]}},{"type":"Feature","properties":{"depth":5.0,"source":"DDM 2024 coarse contour","resolution":"0.005 degree sampled grid"},"geometry":{"type":"LineString","coordinates":[[12.8,55.5975],[12.795,55.596212],[12.792,55.59],[12.800192,55.58],[12.81,55.579974],[12.815,55.584992],[12.82001,55.585],[12.82,55.589565],[12.805,55.587667],[12.8015,55.59],[12.8,55.5975]]}},{"type":"Feature","properties":{"depth":5.0,"source":"DDM 2024 coarse contour","resolution":"0.005 degree sampled grid"},"geometry":{"type":"LineString","coordinates":[[11.122273,55.59],[11.126905,55.585],[11.12,55.581333],[11.105,55.583437],[11.1,55.59],[11.115,55.594062],[11.122273,55.59]]}},{"type":"Feature","properties":{"depth":5.0,"source":"DDM 2024 coarse contour","resolution":"0.005 degree sampled grid"},"geometry":{"type":"LineString","coordinates":[[10.915357,55.66],[10.90375,55.66],[10.91,55.662206],[10.915357,55.66]]}},{"type":"Feature","properties":{"depth":5.0,"source":"DDM 2024 coarse contour","resolution":"0.005 degree sampled grid"},"geometry":{"type":"LineString","coordinates":[[11.97,55.681154],[11.965,55.683864],[11.952679,55.68],[11.97,55.681154]]}},{"type":"Feature","properties":{"depth":5.0,"source":"DDM 2024 coarse contour","resolution":"0.005 degree sampled grid"},"geometry":{"type":"LineString","coordinates":[[12.665,55.705],[12.665,55.7],[12.675,55.695],[12.66875,55.68],[12.66,55.679578],[12.654333,55.69],[12.655192,55.7],[12.66,55.707143],[12.665,55.705]]}},{"type":"Feature","properties":{"depth":5.0,"source":"DDM 2024 coarse contour","resolution":"0.005 degree sampled grid"},"geometry":{"type":"LineString","coordinates":[[12.734167,55.705],[12.735,55.7],[12.72625,55.695],[12.724167,55.69],[12.71,55.684],[12.705,55.685909],[12.699481,55.7],[12.7,55.702857],[12.71,55.697917],[12.715,55.7],[12.715455,55.705],[12.72,55.708333],[12.73,55.709],[12.734167,55.705]]}},{"type":"Feature","properties":{"depth":5.0,"source":"DDM 2024 coarse contour","resolution":"0.005 degree sampled grid"},"geometry":{"type":"LineString","coordinates":[[11.77,55.77335],[11.765167,55.76],[11.775455,55.745],[11.767794,55.74],[11.781154,55.735],[11.793293,55.72],[11.795,55.712308],[11.82,55.685],[11.825,55.687],[11.83,55.698478],[11.835,55.693974],[11.835009,55.705],[11.852164,55.73],[11.86,55.734996],[11.866279,55.735],[11.855,55.735014],[11.850009,55.74],[11.851667,55.75],[11.848333,55.75],[11.84,55.738654],[11.826429,55.74],[11.831905,55.735],[11.83,55.732778],[11.81,55.732281],[11.795,55.741316],[11.787391,55.75],[11.787037,55.755],[11.776395,55.76],[11.77,55.77335]]}},{"type":"Feature","properties":{"depth":5.0,"source":"DDM 2024 coarse contour","resolution":"0.005 degree sampled grid"},"geometry":{"type":"LineString","coordinates":[[10.215455,55.755],[10.215909,55.75],[10.21,55.747143],[10.186875,55.745],[10.195,55.759167],[10.215455,55.755]]}},{"type":"Feature","properties":{"depth":5.0,"source":"DDM 2024 coarse contour","resolution":"0.005 degree sampled grid"},"geometry":{"type":"LineString","coordinates":[[11.19,55.760789],[11.185,55.763636],[11.182895,55.76],[11.2,55.744016],[11.21,55.75],[11.2,55.751875],[11.19,55.760789]]}},{"type":"Feature","properties":{"depth":5.0,"source":"DDM 2024 coarse contour","resolution":"0.005 degree sampled grid"},"geometry":{"type":"LineString","coordinates":[[10.577963,56.025],[10.59,56.017222],[10.605,56.017436],[10.607794,56.015],[10.597857,56.01],[10.600192,56.005],[10.596429,56.0],[10.575,55.99],[10.58,55.984643],[10.59,55.9862],[10.595,55.980625],[10.577941,55.965],[10.60119,55.935],[10.608258,55.93],[10.63,55.93027],[10.65,55.936364],[10.655,55.940625],[10.665,55.928148],[10.67,55.938013],[10.68,55.940286],[10.69,55.937903],[10.697955,55.945],[10.705,55.946161],[10.734412,55.935],[10.725,55.924375],[10.715789,55.92],[10.705,55.924706],[10.701863,55.92],[10.705238,55.915],[10.704,55.905],[10.70875,55.9],[10.709286,55.89],[10.6885,55.885],[10.683191,55.87],[10.664239,55.86],[10.65,55.843919],[10.645,55.835366],[10.642586,55.82],[10.65087,55.81],[10.6515,55.805],[10.640854,55.785],[10.63129,55.775],[10.628077,55.765],[10.62,55.760005],[10.58,55.766812],[10.555,55.7625],[10.545,55.766765],[10.5263,55.79],[10.52,55.840714],[10.5041,55.855],[10.505,55.8595],[10.525,55.861731],[10.53,55.86537],[10.54,55.864615],[10.575,55.871176],[10.582353,55.885],[10.583182,55.895],[10.594914,55.905],[10.595,55.911574],[10.59,55.920001],[10.570385,55.93],[10.555,55.92875],[10.535,55.935016],[10.52001,55.955],[10.52,55.981346],[10.545357,56.0],[10.565,56.020229],[10.575,56.026702],[10.577963,56.025]]}},{"type":"Feature","properties":{"depth":5.0,"source":"DDM 2024 coarse contour","resolution":"0.005 degree sampled grid"},"geometry":{"type":"LineString","coordinates":[[11.905,55.942216],[11.89,55.937857],[11.873182,55.94],[11.87,55.936111],[11.865,55.939623],[11.83,55.923387],[11.825,55.927642],[11.805,55.927745],[11.8,55.930658],[11.795,55.925625],[11.765,55.933736],[11.758571,55.925],[11.754994,55.905],[11.75,55.900011],[11.735,55.895012],[11.715,55.896585],[11.705,55.900833],[11.69,55.898],[11.69,55.89],[11.69875,55.885],[11.692692,55.88],[11.693448,55.875],[11.705,55.867895],[11.71,55.870405],[11.715,55.866053],[11.715,55.858103],[11.725,55.852045],[11.724998,55.845],[11.734999,55.835],[11.735403,55.82],[11.715,55.80502],[11.69,55.80629],[11.687778,55.805],[11.69075,55.8],[11.685,55.7965],[11.642941,55.79],[11.645,55.7875],[11.65,55.79],[11.649375,55.785],[11.63,55.785],[11.626,55.78],[11.655,55.779043],[11.695,55.792453],[11.7,55.797384],[11.715882,55.795],[11.725,55.800956],[11.74,55.80163],[11.756509,55.775],[11.765,55.771467],[11.768786,55.775],[11.77,55.790323],[11.785,55.791163],[11.795,55.801774],[11.805,55.803191],[11.81,55.800741],[11.815755,55.81],[11.83,55.820789],[11.836042,55.82],[11.845,55.803056],[11.85,55.805455],[11.85098,55.81],[11.845556,55.815],[11.845714,55.82],[11.85,55.823158],[11.875,55.805833],[11.88,55.818043],[11.89,55.823281],[11.9125,55.825],[11.9375,55.835],[11.946548,55.85],[11.945,55.860625],[11.925811,55.875],[11.917595,55.89],[11.921066,55.895],[11.90375,55.91],[11.895,55.910288],[11.896667,55.905],[11.89,55.903443],[11.883065,55.905],[11.880909,55.91],[11.882,55.92],[11.9,55.936818],[11.907671,55.94],[11.905,55.942216]]}},{"type":"Feature","properties":{"depth":5.0,"source":"DDM 2024 coarse contour","resolution":"0.005 degree sampled grid"},"geometry":{"type":"LineString","coordinates":[[10.315,55.823462],[10.314605,55.815],[10.32,55.81],[10.322857,55.815],[10.315,55.823462]]}},{"type":"Feature","properties":{"depth":5.0,"source":"DDM 2024 coarse contour","resolution":"0.005 degree sampled grid"},"geometry":{"type":"LineString","coordinates":[[10.01,55.860781],[10.0,55.860727],[10.0,55.854783],[9.994545,55.855],[9.99,55.850833],[9.985455,55.855],[9.97875,55.855],[9.98375,55.85],[9.975,55.849032],[9.95625,55.85],[9.97,55.851563],[9.97275,55.855],[9.97,55.855948],[9.8875,55.855],[9.895,55.849022],[9.92881,55.84],[9.96,55.838145],[9.975,55.833551],[10.005,55.835],[10.005,55.83],[10.005,55.835],[9.997647,55.84],[9.995,55.8465],[10.01,55.850286],[10.02,55.846149],[10.024493,55.85],[10.02,55.8575],[10.01,55.860781]]}},{"type":"Feature","properties":{"depth":5.0,"source":"DDM 2024 coarse contour","resolution":"0.005 degree sampled grid"},"geometry":{"type":"LineString","coordinates":[[10.03,55.846373],[10.025,55.848923],[10.022102,55.845],[10.035,55.832308],[10.05,55.826184],[10.05875,55.835],[10.04,55.838739],[10.03,55.846373]]}},{"type":"Feature","properties":{"depth":5.0,"source":"DDM 2024 coarse contour","resolution":"0.005 degree sampled grid"},"geometry":{"type":"LineString","coordinates":[[12.04,55.846466],[12.038357,55.84],[12.05,55.828167],[12.0525,55.83],[12.048,55.84],[12.04,55.846466]]}},{"type":"Feature","properties":{"depth":5.0,"source":"DDM 2024 coarse contour","resolution":"0.005 degree sampled grid"},"geometry":{"type":"LineString","coordinates":[[10.165,55.835227],[10.149286,55.835],[10.16,55.831667],[10.165,55.8325],[10.165,55.835227]]}},{"type":"Feature","properties":{"depth":5.0,"source":"DDM 2024 coarse contour","resolution":"0.005 degree sampled grid"},"geometry":{"type":"LineString","coordinates":[[10.39,55.84625],[10.382143,55.84],[10.392,55.84],[10.3925,55.845],[10.39,55.84625]]}},{"type":"Feature","properties":{"depth":5.0,"source":"DDM 2024 coarse contour","resolution":"0.005 degree sampled grid"},"geometry":{"type":"LineString","coordinates":[[11.080833,55.925],[11.084778,55.92],[11.105,55.919286],[11.12,55.909996],[11.125714,55.91],[11.13,55.905],[11.15,55.899884],[11.155,55.901493],[11.158846,55.895],[11.17,55.890714],[11.175,55.884643],[11.21619,55.865],[11.225,55.854655],[11.245,55.850407],[11.25637,55.84],[11.25,55.838434],[11.225312,55.845],[11.203636,55.86],[11.19,55.858958],[11.165,55.865],[11.155,55.864324],[11.145,55.86875],[11.125,55.883846],[11.106176,55.89],[11.105625,55.895],[11.085,55.900004],[11.071364,55.915],[11.07,55.925],[11.080833,55.925]]}},{"type":"Feature","properties":{"depth":5.0,"source":"DDM 2024 coarse contour","resolution":"0.005 degree sampled grid"},"geometry":{"type":"LineString","coordinates":[[11.317917,55.85],[11.315,55.847813],[11.3025,55.85],[11.317917,55.85]]}},{"type":"Feature","properties":{"depth":5.0,"source":"DDM 2024 coarse contour","resolution":"0.005 degree sampled grid"},"geometry":{"type":"LineString","coordinates":[[12.005,55.947917],[12.003269,55.935],[12.01,55.928824],[12.02,55.928269],[12.023269,55.925],[12.03407,55.9],[12.028846,55.89],[12.03,55.871875],[12.031458,55.88],[12.03725,55.885],[12.035769,55.9],[12.04,55.915],[12.036154,55.925],[12.025,55.938333],[12.015,55.9325],[12.006622,55.94],[12.005,55.947917]]}},{"type":"Feature","properties":{"depth":5.0,"source":"DDM 2024 coarse contour","resolution":"0.005 degree sampled grid"},"geometry":{"type":"LineString","coordinates":[[11.675,55.900455],[11.675,55.8895],[11.67875,55.895],[11.678333,55.9],[11.675,55.900455]]}},{"type":"Feature","properties":{"depth":5.0,"source":"DDM 2024 coarse contour","resolution":"0.005 degree sampled grid"},"geometry":{"type":"LineString","coordinates":[[10.27,55.913158],[10.266389,55.905],[10.27,55.895161],[10.272902,55.905],[10.27,55.913158]]}},{"type":"Feature","properties":{"depth":5.0,"source":"DDM 2024 coarse contour","resolution":"0.005 degree sampled grid"},"geometry":{"type":"LineString","coordinates":[[10.331389,55.915],[10.336316,55.91],[10.327917,55.915],[10.331389,55.915]]}},{"type":"Feature","properties":{"depth":5.0,"source":"DDM 2024 coarse contour","resolution":"0.005 degree sampled grid"},"geometry":{"type":"LineString","coordinates":[[10.655,55.926765],[10.65,55.928816],[10.643571,55.925],[10.653191,55.92],[10.655,55.915526],[10.661742,55.92],[10.655,55.926765]]}},{"type":"Feature","properties":{"depth":5.0,"source":"DDM 2024 coarse contour","resolution":"0.005 degree sampled grid"},"geometry":{"type":"LineString","coordinates":[[10.410422,55.93],[10.405,55.924804],[10.398333,55.93],[10.410422,55.93]]}},{"type":"Feature","properties":{"depth":5.0,"source":"DDM 2024 coarse contour","resolution":"0.005 degree sampled grid"},"geometry":{"type":"LineString","coordinates":[[10.69,55.926818],[10.68,55.928197],[10.68,55.921803],[10.69,55.922778],[10.693077,55.925],[10.69,55.926818]]}},{"type":"Feature","properties":{"depth":5.0,"source":"DDM 2024 coarse contour","resolution":"0.005 degree sampled grid"},"geometry":{"type":"LineString","coordinates":[[10.806,55.945],[10.80875,55.935],[10.79,55.925],[10.777429,55.935],[10.785,55.945141],[10.8,55.948462],[10.806,55.945]]}},{"type":"Feature","properties":{"depth":5.0,"source":"DDM 2024 coarse contour","resolution":"0.005 degree sampled grid"},"geometry":{"type":"LineString","coordinates":[[11.995,55.930857],[11.985,55.933875],[11.980811,55.93],[11.985,55.926556],[11.998,55.93],[11.995,55.930857]]}},{"type":"Feature","properties":{"depth":5.0,"source":"DDM 2024 coarse contour","resolution":"0.005 degree sampled grid"},"geometry":{"type":"LineString","coordinates":[[11.975,55.954286],[11.97,55.95],[11.9208,55.945],[11.925,55.940532],[11.94,55.9393],[11.945,55.942111],[11.965,55.938478],[11.97,55.933125],[11.98,55.931667],[11.990937,55.945],[11.975,55.954286]]}},{"type":"Feature","properties":{"depth":5.0,"source":"DDM 2024 coarse contour","resolution":"0.005 degree sampled grid"},"geometry":{"type":"LineString","coordinates":[[10.436563,55.965],[10.455,55.962917],[10.46,55.957875],[10.465,55.96],[10.471455,55.955],[10.47,55.952419],[10.465,55.954118],[10.45,55.93973],[10.435,55.938939],[10.405,55.949868],[10.398973,55.96],[10.41,55.966667],[10.436563,55.965]]}},{"type":"Feature","properties":{"depth":5.0,"source":"DDM 2024 coarse contour","resolution":"0.005 degree sampled grid"},"geometry":{"type":"LineString","coordinates":[[10.747292,55.955],[10.768636,55.95],[10.771102,55.945],[10.765,55.94],[10.755,55.940017],[10.745,55.948699],[10.733448,55.95],[10.747292,55.955]]}},{"type":"Feature","properties":{"depth":5.0,"source":"DDM 2024 coarse contour","resolution":"0.005 degree sampled grid"},"geometry":{"type":"LineString","coordinates":[[10.366,55.975],[10.37,55.972143],[10.385,55.972333],[10.39,55.965],[10.385,55.959742],[10.365,55.9505],[10.340882,55.965],[10.347857,55.97],[10.35,55.975581],[10.366,55.975]]}},{"type":"Feature","properties":{"depth":5.0,"source":"DDM 2024 coarse contour","resolution":"0.005 degree sampled grid"},"geometry":{"type":"LineString","coordinates":[[10.320154,55.97],[10.318182,55.965],[10.3125,55.965],[10.315,55.970694],[10.320154,55.97]]}},{"type":"Feature","properties":{"depth":5.0,"source":"DDM 2024 coarse contour","resolution":"0.005 degree sampled grid"},"geometry":{"type":"LineString","coordinates":[[10.738,55.98],[10.73375,55.975],[10.7275,55.975],[10.735,55.983],[10.738,55.98]]}},{"type":"Feature","properties":{"depth":5.0,"source":"DDM 2024 coarse contour","resolution":"0.005 degree sampled grid"},"geometry":{"type":"LineString","coordinates":[[10.781667,55.98],[10.76,55.975],[10.765,55.981875],[10.781667,55.98]]}},{"type":"Feature","properties":{"depth":5.0,"source":"DDM 2024 coarse contour","resolution":"0.005 degree sampled grid"},"geometry":{"type":"LineString","coordinates":[[10.322,56.045],[10.323214,56.035],[10.32,56.025769],[10.313415,56.035],[10.319375,56.04],[10.32,56.0475],[10.322,56.045]]}},{"type":"Feature","properties":{"depth":5.0,"source":"DDM 2024 coarse contour","resolution":"0.005 degree sampled grid"},"geometry":{"type":"LineString","coordinates":[[10.4625,56.06],[10.465,56.053125],[10.47,56.0545],[10.47625,56.05],[10.47,56.041389],[10.44,56.044783],[10.435,56.048571],[10.435,56.05625],[10.44,56.061667],[10.4625,56.06]]}},{"type":"Feature","properties":{"depth":5.0,"source":"DDM 2024 coarse contour","resolution":"0.005 degree sampled grid"},"geometry":{"type":"LineString","coordinates":[[11.210333,56.085],[11.236389,56.065],[11.237222,56.06],[11.235,56.05871],[11.217,56.07],[11.209545,56.08],[11.210333,56.085]]}},{"type":"Feature","properties":{"depth":5.0,"source":"DDM 2024 coarse contour","resolution":"0.005 degree sampled grid"},"geometry":{"type":"LineString","coordinates":[[10.581111,56.105],[10.591667,56.1],[10.585,56.099277],[10.581111,56.105]]}},{"type":"Feature","properties":{"depth":5.0,"source":"DDM 2024 coarse contour","resolution":"0.005 degree sampled grid"},"geometry":{"type":"LineString","coordinates":[[10.6002,56.115],[10.59,56.11],[10.593,56.115],[10.6002,56.115]]}},{"type":"Feature","properties":{"depth":5.0,"source":"DDM 2024 coarse contour","resolution":"0.005 degree sampled grid"},"geometry":{"type":"LineString","coordinates":[[10.7,56.12],[10.7,56.1145],[10.69,56.115],[10.687667,56.12],[10.7,56.12]]}},{"type":"Feature","properties":{"depth":5.0,"source":"DDM 2024 coarse contour","resolution":"0.005 degree sampled grid"},"geometry":{"type":"LineString","coordinates":[[10.826481,56.14],[10.828462,56.135],[10.82,56.125833],[10.81,56.123333],[10.793462,56.13],[10.795001,56.135],[10.805,56.143421],[10.826481,56.14]]}},{"type":"Feature","properties":{"depth":5.0,"source":"DDM 2024 coarse contour","resolution":"0.005 degree sampled grid"},"geometry":{"type":"LineString","coordinates":[[10.2785,56.18],[10.275,56.174767],[10.265,56.173929],[10.261818,56.18],[10.265,56.184375],[10.2785,56.18]]}},{"type":"Feature","properties":{"depth":5.0,"source":"DDM 2024 coarse contour","resolution":"0.005 degree sampled grid"},"geometry":{"type":"LineString","coordinates":[[11.715111,56.2],[11.721944,56.19],[11.7,56.190047],[11.690641,56.2],[11.705,56.204327],[11.715111,56.2]]}},{"type":"Feature","properties":{"depth":5.0,"source":"DDM 2024 coarse contour","resolution":"0.005 degree sampled grid"},"geometry":{"type":"LineString","coordinates":[[10.465,56.225016],[10.45,56.223452],[10.432222,56.21],[10.438261,56.205],[10.455,56.204074],[10.47,56.20875],[10.47051,56.215],[10.465,56.225016]]}},{"type":"Feature","properties":{"depth":5.0,"source":"DDM 2024 coarse contour","resolution":"0.005 degree sampled grid"},"geometry":{"type":"LineString","coordinates":[[11.679878,56.21],[11.679881,56.205],[11.675,56.20299],[11.668509,56.21],[11.675,56.2125],[11.679878,56.21]]}},{"type":"Feature","properties":{"depth":5.0,"source":"DDM 2024 coarse contour","resolution":"0.005 degree sampled grid"},"geometry":{"type":"LineString","coordinates":[[11.798333,56.295],[11.798,56.29],[11.79,56.2885],[11.785,56.279167],[11.77,56.276471],[11.765,56.28],[11.77,56.284],[11.78,56.28],[11.785,56.29125],[11.795,56.29625],[11.798333,56.295]]}},{"type":"Feature","properties":{"depth":5.0,"source":"DDM 2024 coarse contour","resolution":"0.005 degree sampled grid"},"geometry":{"type":"LineString","coordinates":[[10.940893,56.375],[10.945,56.365],[10.934375,56.37],[10.936875,56.375],[10.940893,56.375]]}},{"type":"Feature","properties":{"depth":5.0,"source":"DDM 2024 coarse contour","resolution":"0.005 degree sampled grid"},"geometry":{"type":"LineString","coordinates":[[9.01,57.010862],[8.996,57.01],[8.97,56.996613],[8.94,57.000932],[8.925,56.9925],[8.923816,56.99],[8.928077,56.985],[8.921395,56.98],[8.925,56.977156],[8.933452,56.98],[8.931316,56.985],[8.935,56.988333],[8.95,56.985],[8.956892,56.98],[8.938889,56.965],[8.917833,56.955],[8.91675,56.945],[8.920714,56.94],[8.9198,56.935],[8.927273,56.915],[8.91439,56.905],[8.918636,56.9],[8.901842,56.875],[8.89663,56.855],[8.885,56.848514],[8.869167,56.855],[8.865833,56.86],[8.865,56.871923],[8.854091,56.87],[8.842391,56.86],[8.84825,56.855],[8.847,56.84],[8.855,56.8286],[8.875,56.813214],[8.88,56.812174],[8.89,56.817308],[8.895806,56.81],[8.884054,56.805],[8.885833,56.8],[8.88,56.782988],[8.87,56.783091],[8.85,56.771094],[8.844694,56.755],[8.83,56.73502],[8.792609,56.715],[8.775,56.690024],[8.73,56.676231],[8.71,56.678929],[8.645,56.665006],[8.615,56.6775],[8.6125,56.675],[8.613333,56.67],[8.625625,56.665],[8.64,56.664987],[8.649444,56.66],[8.652857,56.655],[8.642143,56.65],[8.647813,56.645],[8.638939,56.63],[8.642143,56.625],[8.655,56.624028],[8.660309,56.62],[8.645,56.611563],[8.6375,56.615],[8.615,56.605],[8.6,56.604375],[8.59,56.5975],[8.57,56.593182],[8.561301,56.585],[8.569997,56.58],[8.57,56.569773],[8.579479,56.56],[8.58375,56.545],[8.6,56.53375],[8.605,56.541667],[8.61475,56.52],[8.614,56.515],[8.605,56.51],[8.615,56.506944],[8.622667,56.5],[8.618977,56.495],[8.62,56.484659],[8.63,56.479149],[8.64875,56.475],[8.67,56.475],[8.685,56.478462],[8.69,56.483036],[8.705,56.482778],[8.72,56.488214],[8.725833,56.505],[8.719375,56.51],[8.707941,56.53],[8.71,56.534375],[8.715,56.535],[8.715,56.54],[8.7,56.543667],[8.697222,56.55],[8.71,56.552857],[8.73,56.55],[8.7275,56.555],[8.7375,56.56],[8.73,56.567069],[8.705,56.576875],[8.695,56.5775],[8.686905,56.59],[8.6902,56.595],[8.6854,56.605],[8.675,56.606196],[8.672266,56.61],[8.67381,56.625],[8.685,56.636],[8.71,56.633043],[8.72,56.628362],[8.737308,56.635],[8.765,56.653857],[8.7875,56.685],[8.815,56.699999],[8.835,56.694574],[8.845,56.698472],[8.86,56.697143],[8.865,56.699844],[8.86,56.705758],[8.84,56.705],[8.83,56.70125],[8.82,56.70141],[8.818313,56.705],[8.848919,56.74],[8.867083,56.755],[8.864526,56.76],[8.868062,56.765],[8.888026,56.77],[8.915,56.781944],[8.925,56.796048],[8.935,56.800814],[8.965,56.806667],[8.995,56.796972],[8.995,56.800021],[8.98,56.81],[8.975,56.810017],[8.96,56.824667],[8.955,56.821389],[8.941875,56.83],[8.943679,56.84],[8.955,56.846545],[8.98,56.842744],[9.005,56.850625],[9.04,56.854722],[9.065,56.847195],[9.08,56.849991],[9.084971,56.845],[9.08,56.840015],[9.07,56.84102],[9.065,56.835],[9.085,56.831607],[9.085,56.824714],[9.06,56.815018],[9.045,56.817097],[9.034231,56.815],[9.026316,56.805],[9.0354,56.805],[9.04,56.811383],[9.1,56.797179],[9.114979,56.785],[9.1125,56.78],[9.114778,56.775],[9.135,56.745521],[9.17,56.718582],[9.175,56.71814],[9.182692,56.73],[9.17,56.7412],[9.195,56.731562],[9.201643,56.725],[9.185,56.715017],[9.18,56.717836],[9.175,56.707982],[9.154796,56.7],[9.131957,56.685],[9.125,56.678788],[9.12,56.667759],[9.105714,56.655],[9.104348,56.65],[9.108125,56.645],[9.105,56.641429],[9.085,56.64],[9.08,56.635],[9.08,56.63],[9.072143,56.625],[9.075,56.616667],[9.08,56.621667],[9.115294,56.63],[9.145,56.663627],[9.161316,56.655],[9.163654,56.65],[9.159643,56.635],[9.1675,56.63],[9.19,56.628796],[9.205,56.637667],[9.225,56.63402],[9.245,56.643077],[9.265,56.642717],[9.295,56.623125],[9.296212,56.615],[9.3,56.612768],[9.301812,56.615],[9.306818,56.66],[9.3,56.675],[9.29,56.685],[9.26,56.685595],[9.24,56.676],[9.23,56.68],[9.21,56.671176],[9.195833,56.67],[9.18,56.661083],[9.1674,56.665],[9.154268,56.675],[9.153684,56.68],[9.16,56.685325],[9.175,56.690667],[9.185,56.699957],[9.198061,56.705],[9.219444,56.72],[9.231695,56.735],[9.234574,56.745],[9.230521,56.755],[9.222805,56.76],[9.175,56.764627],[9.174,56.78],[9.179231,56.785],[9.165,56.7924],[9.161047,56.805],[9.186071,56.83],[9.195,56.845],[9.192581,56.855],[9.200865,56.86],[9.19,56.865312],[9.18,56.875541],[9.165,56.880179],[9.16,56.877556],[9.154565,56.885],[9.165,56.9],[9.1615,56.91],[9.168235,56.915],[9.175,56.929],[9.19,56.937857],[9.19,56.94375],[9.165417,56.96],[9.17,56.965],[9.15,56.9725],[9.14,56.98],[9.125,56.98],[9.1,56.99],[9.095,56.9975],[9.085,57.0],[9.055,56.997222],[9.04,56.982778],[9.03,56.982273],[9.025,57.002667],[9.01,57.010862]]}},{"type":"Feature","properties":{"depth":5.0,"source":"DDM 2024 coarse contour","resolution":"0.005 degree sampled grid"},"geometry":{"type":"LineString","coordinates":[[8.657,56.59],[8.665,56.58875],[8.674483,56.58],[8.659167,56.565],[8.670385,56.56],[8.665,56.556833],[8.645909,56.555],[8.638036,56.545],[8.637619,56.54],[8.6428,56.535],[8.639999,56.525],[8.635,56.517632],[8.62,56.511413],[8.615147,56.515],[8.623929,56.525],[8.615909,56.535],[8.615,56.545341],[8.606129,56.555],[8.6075,56.56],[8.635,56.588571],[8.657,56.59]]}},{"type":"Feature","properties":{"depth":5.0,"source":"DDM 2024 coarse contour","resolution":"0.005 degree sampled grid"},"geometry":{"type":"LineString","coordinates":[[8.33,56.686],[8.3275,56.68],[8.336667,56.665],[8.305,56.6475],[8.295556,56.63],[8.3,56.62375],[8.325,56.609091],[8.335,56.609],[8.34,56.614615],[8.345,56.615455],[8.35,56.61],[8.356667,56.61],[8.36,56.605],[8.35,56.585],[8.355,56.582308],[8.365,56.581071],[8.38,56.586],[8.395,56.58625],[8.455,56.571912],[8.475,56.56337],[8.48,56.5645],[8.5,56.557742],[8.51,56.548594],[8.52,56.54575],[8.54,56.555],[8.5594,56.575],[8.555,56.57885],[8.55,56.575008],[8.535,56.572619],[8.51,56.578333],[8.507692,56.58],[8.51,56.59],[8.499118,56.6],[8.49,56.621071],[8.476071,56.63],[8.435,56.651563],[8.43,56.65],[8.425,56.655],[8.4,56.663421],[8.39,56.664118],[8.385,56.657708],[8.38,56.664167],[8.355,56.671818],[8.34,56.68375],[8.335,56.6825],[8.33,56.686]]}},{"type":"Feature","properties":{"depth":5.0,"source":"DDM 2024 coarse contour","resolution":"0.005 degree sampled grid"},"geometry":{"type":"LineString","coordinates":[[10.651,56.635],[10.6525,56.63],[10.645,56.625],[10.653333,56.62],[10.653333,56.615],[10.665,56.608333],[10.67,56.61],[10.671667,56.605],[10.6875,56.595],[10.685,56.585],[10.687778,56.58],[10.685,56.5775],[10.67,56.575],[10.665,56.578333],[10.65,56.579412],[10.645,56.585],[10.63,56.588077],[10.59,56.589167],[10.585,56.592963],[10.57125,56.595],[10.564118,56.61],[10.565,56.615],[10.575,56.62],[10.595,56.625],[10.625,56.625],[10.63,56.63],[10.645,56.635833],[10.651,56.635]]}},{"type":"Feature","properties":{"depth":5.0,"source":"DDM 2024 coarse contour","resolution":"0.005 degree sampled grid"},"geometry":{"type":"LineString","coordinates":[[8.34,56.591944],[8.33,56.59375],[8.32625,56.59],[8.335,56.585],[8.345,56.59],[8.34,56.591944]]}},{"type":"Feature","properties":{"depth":5.0,"source":"DDM 2024 coarse contour","resolution":"0.005 degree sampled grid"},"geometry":{"type":"LineString","coordinates":[[9.935,56.653244],[9.93,56.654149],[9.925,56.650041],[9.887582,56.65],[9.89,56.647609],[9.895,56.649982],[9.938269,56.65],[9.935,56.653244]]}},{"type":"Feature","properties":{"depth":5.0,"source":"DDM 2024 coarse contour","resolution":"0.005 degree sampled grid"},"geometry":{"type":"LineString","coordinates":[[10.045,56.69501],[10.035,56.690013],[10.024286,56.69],[10.02,56.684052],[10.0,56.680047],[9.995,56.675077],[9.980389,56.675],[9.975,56.669347],[9.958929,56.665],[9.9582,56.66],[9.940608,56.655],[9.942473,56.65],[9.953272,56.65],[9.97,56.659898],[9.975,56.659935],[9.98,56.654996],[9.995,56.669903],[10.005,56.669933],[10.01,56.674932],[10.02,56.671074],[10.029845,56.675],[10.04,56.688621],[10.049762,56.695],[10.045,56.69501]]}},{"type":"Feature","properties":{"depth":5.0,"source":"DDM 2024 coarse contour","resolution":"0.005 degree sampled grid"},"geometry":{"type":"LineString","coordinates":[[11.45125,56.775],[11.48,56.762419],[11.505,56.76],[11.555,56.736875],[11.565,56.735833],[11.57,56.739],[11.58,56.736786],[11.585,56.74],[11.582778,56.735],[11.585,56.733],[11.605,56.74],[11.6,56.745],[11.605,56.74],[11.625,56.745],[11.625,56.75],[11.63,56.751061],[11.645,56.75],[11.645,56.740833],[11.663,56.745],[11.655,56.75],[11.74875,56.75],[11.665,56.73372],[11.625,56.717034],[11.62,56.709734],[11.615,56.711],[11.594,56.695],[11.589853,56.69],[11.59,56.684634],[11.571167,56.665],[11.57,56.659711],[11.565,56.6618],[11.555,56.659429],[11.54,56.65],[11.532,56.655],[11.545,56.659286],[11.55,56.656667],[11.555,56.665],[11.55,56.674],[11.54,56.667273],[11.525,56.665],[11.515,56.667647],[11.5,56.665],[11.495,56.66875],[11.4925,56.66],[11.51875,56.655],[11.517857,56.65],[11.455,56.65],[11.442,56.66],[11.46375,56.665],[11.45,56.66875],[11.44125,56.675],[11.445,56.6775],[11.455,56.675],[11.45625,56.68],[11.45,56.68625],[11.434,56.69],[11.443333,56.695],[11.441667,56.7],[11.446818,56.705],[11.435,56.71],[11.432,56.715],[11.435,56.725],[11.42,56.74],[11.425,56.7425],[11.43,56.73875],[11.441429,56.74],[11.43,56.755],[11.42,56.756125],[11.415811,56.76],[11.42,56.767187],[11.43,56.772],[11.45125,56.775]]}},{"type":"Feature","properties":{"depth":5.0,"source":"DDM 2024 coarse contour","resolution":"0.005 degree sampled grid"},"geometry":{"type":"LineString","coordinates":[[11.475,56.679107],[11.465769,56.675],[11.466111,56.67],[11.475,56.665],[11.465,56.66],[11.483333,56.66],[11.4825,56.665],[11.475,56.665],[11.48,56.675],[11.475,56.679107]]}},{"type":"Feature","properties":{"depth":5.0,"source":"DDM 2024 coarse contour","resolution":"0.005 degree sampled grid"},"geometry":{"type":"LineString","coordinates":[[8.565,56.697065],[8.552821,56.695],[8.555,56.692927],[8.568393,56.695],[8.565,56.697065]]}},{"type":"Feature","properties":{"depth":5.0,"source":"DDM 2024 coarse contour","resolution":"0.005 degree sampled grid"},"geometry":{"type":"LineString","coordinates":[[8.585,56.7018],[8.5725,56.7],[8.59,56.7],[8.585,56.7018]]}},{"type":"Feature","properties":{"depth":5.0,"source":"DDM 2024 coarse contour","resolution":"0.005 degree sampled grid"},"geometry":{"type":"LineString","coordinates":[[8.91,56.705002],[8.888696,56.705],[8.905,56.699559],[8.91,56.705002]]}},{"type":"Feature","properties":{"depth":5.0,"source":"DDM 2024 coarse contour","resolution":"0.005 degree sampled grid"},"geometry":{"type":"LineString","coordinates":[[8.525,56.721053],[8.52,56.723085],[8.505,56.720008],[8.495,56.725],[8.49,56.724808],[8.486094,56.72],[8.52,56.717315],[8.529,56.72],[8.525,56.721053]]}},{"type":"Feature","properties":{"depth":5.0,"source":"DDM 2024 coarse contour","resolution":"0.005 degree sampled grid"},"geometry":{"type":"LineString","coordinates":[[8.63,56.888427],[8.62913,56.87],[8.634958,56.865],[8.609259,56.84],[8.592443,56.83],[8.575,56.813534],[8.557353,56.815],[8.555,56.811667],[8.55,56.812778],[8.54,56.803714],[8.525,56.80371],[8.51,56.796981],[8.5,56.79619],[8.480333,56.785],[8.483611,56.775],[8.502857,56.76],[8.50325,56.755],[8.4896,56.735],[8.49,56.725833],[8.495,56.725],[8.500002,56.74],[8.51,56.752143],[8.535,56.76375],[8.545,56.765],[8.5458,56.77],[8.540227,56.78],[8.533065,56.785],[8.535,56.791111],[8.55,56.7965],[8.565,56.790625],[8.58,56.801103],[8.585,56.801538],[8.61,56.800862],[8.62,56.795658],[8.645,56.802162],[8.658043,56.81],[8.657353,56.815],[8.645,56.812571],[8.62,56.817538],[8.603111,56.815],[8.603846,56.825],[8.621346,56.835],[8.643504,56.855],[8.64419,56.87],[8.640022,56.88],[8.635,56.880041],[8.63,56.888427]]}},{"type":"Feature","properties":{"depth":5.0,"source":"DDM 2024 coarse contour","resolution":"0.005 degree sampled grid"},"geometry":{"type":"LineString","coordinates":[[9.163289,56.775],[9.166094,56.77],[9.1528,56.77],[9.155,56.78],[9.163289,56.775]]}},{"type":"Feature","properties":{"depth":5.0,"source":"DDM 2024 coarse contour","resolution":"0.005 degree sampled grid"},"geometry":{"type":"LineString","coordinates":[[8.52125,56.785],[8.525,56.78],[8.513289,56.785],[8.52125,56.785]]}},{"type":"Feature","properties":{"depth":5.0,"source":"DDM 2024 coarse contour","resolution":"0.005 degree sampled grid"},"geometry":{"type":"LineString","coordinates":[[9.085455,56.91],[9.095333,56.905],[9.11,56.89],[9.112727,56.875],[9.125,56.868387],[9.1395,56.855],[9.13,56.852241],[9.115,56.858772],[9.09,56.861429],[9.07,56.883261],[9.053966,56.89],[9.055,56.901],[9.07,56.903276],[9.085455,56.91]]}},{"type":"Feature","properties":{"depth":5.0,"source":"DDM 2024 coarse contour","resolution":"0.005 degree sampled grid"},"geometry":{"type":"LineString","coordinates":[[8.9432,56.875],[8.93,56.872556],[8.9225,56.875],[8.935,56.878056],[8.9432,56.875]]}},{"type":"Feature","properties":{"depth":5.0,"source":"DDM 2024 coarse contour","resolution":"0.005 degree sampled grid"},"geometry":{"type":"LineString","coordinates":[[8.86,56.9812],[8.858846,56.975],[8.845,56.967],[8.8,56.956897],[8.775,56.945013],[8.755,56.942947],[8.73,56.948046],[8.72,56.945025],[8.711447,56.95],[8.695,56.947576],[8.67,56.950011],[8.66,56.94],[8.666154,56.925],[8.66,56.918649],[8.646802,56.915],[8.642121,56.9],[8.631094,56.89],[8.653265,56.89],[8.675,56.896798],[8.7,56.893485],[8.73,56.894989],[8.735,56.891934],[8.75,56.899994],[8.815,56.908068],[8.81925,56.91],[8.825,56.925],[8.825,56.935],[8.845,56.954583],[8.851176,56.955],[8.8475,56.96],[8.85,56.962],[8.855,56.958333],[8.86,56.959991],[8.865,56.954999],[8.875,56.959286],[8.885,56.957593],[8.896579,56.96],[8.895,56.963],[8.885,56.964643],[8.875,56.960625],[8.8715,56.965],[8.878333,56.97],[8.875,56.975],[8.87,56.973],[8.86,56.9812]]}},{"type":"Feature","properties":{"depth":5.0,"source":"DDM 2024 coarse contour","resolution":"0.005 degree sampled grid"},"geometry":{"type":"LineString","coordinates":[[9.0115,56.92],[9.021809,56.9],[9.020952,56.895],[9.0,56.894808],[9.002826,56.905],[8.995,56.909],[8.99,56.904615],[8.988875,56.91],[9.005,56.92],[9.0115,56.92]]}},{"type":"Feature","properties":{"depth":5.0,"source":"DDM 2024 coarse contour","resolution":"0.005 degree sampled grid"},"geometry":{"type":"LineString","coordinates":[[8.9675,56.905],[8.97,56.899054],[8.965625,56.9],[8.964,56.905],[8.9675,56.905]]}},{"type":"Feature","properties":{"depth":5.0,"source":"DDM 2024 coarse contour","resolution":"0.005 degree sampled grid"},"geometry":{"type":"LineString","coordinates":[[10.3625,56.92],[10.365,56.91],[10.36,56.9125],[10.355,56.91],[10.359,56.92],[10.3625,56.92]]}},{"type":"Feature","properties":{"depth":5.0,"source":"DDM 2024 coarse contour","resolution":"0.005 degree sampled grid"},"geometry":{"type":"LineString","coordinates":[[8.953051,56.935],[8.955,56.926818],[8.96,56.926667],[8.965625,56.92],[8.955,56.917283],[8.943182,56.92],[8.941064,56.935],[8.945,56.938364],[8.953051,56.935]]}},{"type":"Feature","properties":{"depth":5.0,"source":"DDM 2024 coarse contour","resolution":"0.005 degree sampled grid"},"geometry":{"type":"LineString","coordinates":[[9.001842,56.945],[8.985,56.93],[8.989706,56.935],[8.991047,56.945],[8.995,56.948036],[9.001842,56.945]]}},{"type":"Feature","properties":{"depth":5.0,"source":"DDM 2024 coarse contour","resolution":"0.005 degree sampled grid"},"geometry":{"type":"LineString","coordinates":[[9.171538,56.945],[9.17,56.934286],[9.167778,56.945],[9.17,56.947857],[9.171538,56.945]]}},{"type":"Feature","properties":{"depth":5.0,"source":"DDM 2024 coarse contour","resolution":"0.005 degree sampled grid"},"geometry":{"type":"LineString","coordinates":[[10.27,56.987744],[10.265,56.985037],[10.225,56.985036],[10.22,56.988696],[10.215952,56.985],[10.225,56.984964],[10.23,56.980887],[10.235,56.984512],[10.237534,56.98],[10.242466,56.98],[10.245,56.984111],[10.273261,56.985],[10.27,56.987744]]}},{"type":"Feature","properties":{"depth":5.0,"source":"DDM 2024 coarse contour","resolution":"0.005 degree sampled grid"},"geometry":{"type":"LineString","coordinates":[[9.285,56.995385],[9.276271,56.985],[9.28,56.98114],[9.285,56.995385]]}},{"type":"Feature","properties":{"depth":5.0,"source":"DDM 2024 coarse contour","resolution":"0.005 degree sampled grid"},"geometry":{"type":"LineString","coordinates":[[10.055,57.0617],[10.05,57.063611],[10.046176,57.06],[10.061339,57.05],[10.07,57.049975],[10.08,57.043571],[10.106957,57.035],[10.109259,57.03],[10.115,57.030662],[10.125,57.025952],[10.189615,56.99],[10.19875,56.995],[10.175,57.005119],[10.11,57.042326],[10.07,57.053571],[10.055,57.0617]]}},{"type":"Feature","properties":{"depth":5.0,"source":"DDM 2024 coarse contour","resolution":"0.005 degree sampled grid"},"geometry":{"type":"LineString","coordinates":[[10.21,56.990013],[10.2,56.994589],[10.196359,56.99],[10.205,56.986284],[10.213023,56.99],[10.21,56.990013]]}},{"type":"Feature","properties":{"depth":5.0,"source":"DDM 2024 coarse contour","resolution":"0.005 degree sampled grid"},"geometry":{"type":"LineString","coordinates":[[10.305,56.990015],[10.273558,56.99],[10.29,56.986447],[10.307123,56.99],[10.305,56.990015]]}},{"type":"Feature","properties":{"depth":5.0,"source":"DDM 2024 coarse contour","resolution":"0.005 degree sampled grid"},"geometry":{"type":"LineString","coordinates":[[9.48,57.020714],[9.45,57.022583],[9.438824,57.02],[9.482692,57.02],[9.48,57.020714]]}},{"type":"Feature","properties":{"depth":5.0,"source":"DDM 2024 coarse contour","resolution":"0.005 degree sampled grid"},"geometry":{"type":"LineString","coordinates":[[9.51,57.025341],[9.483387,57.025],[9.485,57.021154],[9.51375,57.025],[9.51,57.025341]]}},{"type":"Feature","properties":{"depth":5.0,"source":"DDM 2024 coarse contour","resolution":"0.005 degree sampled grid"},"geometry":{"type":"LineString","coordinates":[[9.545,57.031635],[9.542258,57.03],[9.543214,57.025],[9.55,57.022857],[9.548696,57.03],[9.545,57.031635]]}},{"type":"Feature","properties":{"depth":5.0,"source":"DDM 2024 coarse contour","resolution":"0.005 degree sampled grid"},"geometry":{"type":"LineString","coordinates":[[11.140455,57.04],[11.145,57.031667],[11.151667,57.03],[11.14,57.024],[11.13,57.035],[11.135,57.03],[11.140455,57.04]]}},{"type":"Feature","properties":{"depth":5.0,"source":"DDM 2024 coarse contour","resolution":"0.005 degree sampled grid"},"geometry":{"type":"LineString","coordinates":[[9.61,57.031696],[9.593704,57.03],[9.61475,57.03],[9.61,57.031696]]}},{"type":"Feature","properties":{"depth":5.0,"source":"DDM 2024 coarse contour","resolution":"0.005 degree sampled grid"},"geometry":{"type":"LineString","coordinates":[[11.0225,57.065],[11.0325,57.055],[11.025,57.0475],[11.023571,57.05],[11.027857,57.055],[11.025,57.057857],[11.02,57.058889],[11.015,57.055],[11.005833,57.06],[11.005,57.065],[11.0225,57.065]]}},{"type":"Feature","properties":{"depth":5.0,"source":"DDM 2024 coarse contour","resolution":"0.005 degree sampled grid"},"geometry":{"type":"LineString","coordinates":[[10.04,57.07001],[10.03,57.072308],[10.045,57.061159],[10.04863,57.065],[10.04,57.07001]]}},{"type":"Feature","properties":{"depth":5.0,"source":"DDM 2024 coarse contour","resolution":"0.005 degree sampled grid"},"geometry":{"type":"LineString","coordinates":[[9.79,57.072143],[9.772,57.07],[9.785,57.067029],[9.792535,57.07],[9.79,57.072143]]}},{"type":"Feature","properties":{"depth":5.0,"source":"DDM 2024 coarse contour","resolution":"0.005 degree sampled grid"},"geometry":{"type":"LineString","coordinates":[[9.985,57.082431],[9.973106,57.075],[9.9689,57.07],[9.97,57.065417],[9.989268,57.08],[9.985,57.082431]]}},{"type":"Feature","properties":{"depth":5.0,"source":"DDM 2024 coarse contour","resolution":"0.005 degree sampled grid"},"geometry":{"type":"LineString","coordinates":[[10.015,57.085028],[9.986927,57.085],[9.99,57.080462],[10.015,57.081724],[10.017714,57.085],[10.015,57.085028]]}},{"type":"Feature","properties":{"depth":5.0,"source":"DDM 2024 coarse contour","resolution":"0.005 degree sampled grid"},"geometry":{"type":"LineString","coordinates":[[10.528571,57.1],[10.52,57.092],[10.5175,57.095],[10.52,57.10125],[10.528571,57.1]]}},{"type":"Feature","properties":{"depth":5.0,"source":"DDM 2024 coarse contour","resolution":"0.005 degree sampled grid"},"geometry":{"type":"LineString","coordinates":[[10.9075,57.37],[10.90625,57.365],[10.899,57.36],[10.9,57.347083],[10.905,57.353125],[10.915,57.3525],[10.915004,57.36],[10.92,57.364995],[10.935,57.366875],[10.938214,57.365],[10.94,57.344231],[10.95,57.3315],[10.955,57.328],[10.965,57.3275],[10.97,57.32],[10.975,57.325],[10.99,57.325],[10.995,57.32],[10.99,57.325],[10.981429,57.32],[10.99,57.317273],[10.995,57.32],[10.995,57.315],[11.005,57.31],[11.019,57.325],[11.025,57.326316],[11.03,57.324298],[11.045,57.326667],[11.0592,57.32],[11.088,57.32],[11.131017,57.325],[11.135,57.336964],[11.145,57.33875],[11.175,57.329535],[11.177222,57.33],[11.17625,57.335],[11.2,57.349],[11.205,57.344231],[11.2125,57.345],[11.21125,57.34],[11.220833,57.33],[11.2325,57.3],[11.241282,57.29],[11.235,57.28125],[11.23,57.29],[11.225,57.292083],[11.222917,57.29],[11.222187,57.285],[11.231364,57.275],[11.23,57.265],[11.225,57.26],[11.23,57.25375],[11.235,57.255],[11.231875,57.25],[11.24,57.240833],[11.245,57.240625],[11.243889,57.235],[11.25,57.23],[11.249231,57.225],[11.265,57.2102],[11.2675,57.2],[11.277857,57.19],[11.28,57.182813],[11.287857,57.18],[11.285556,57.175],[11.3,57.17],[11.305,57.16],[11.318,57.16],[11.317857,57.155],[11.31,57.147333],[11.286,57.155],[11.282,57.16],[11.268571,57.165],[11.272308,57.17],[11.26,57.18],[11.259,57.19],[11.255,57.194],[11.24,57.1925],[11.23,57.2],[11.235,57.195],[11.2375,57.2],[11.225,57.203333],[11.223125,57.185],[11.225,57.1825],[11.235,57.185],[11.238,57.17],[11.24,57.1675],[11.245,57.17],[11.243333,57.165],[11.246875,57.16],[11.23,57.155],[11.22,57.144444],[11.215,57.145],[11.22,57.15],[11.195,57.163571],[11.189706,57.155],[11.186786,57.135],[11.181111,57.13],[11.175,57.116],[11.17,57.1125],[11.165,57.125833],[11.1575,57.12],[11.1625,57.115],[11.15625,57.11],[11.16,57.105],[11.154,57.11],[11.158333,57.115],[11.15,57.121667],[11.135,57.108333],[11.125,57.114444],[11.1325,57.125],[11.125,57.129167],[11.11,57.125],[11.114,57.135],[11.11,57.138333],[11.105833,57.13],[11.11,57.125],[11.105,57.128333],[11.1,57.1275],[11.0975,57.13],[11.1,57.135],[11.09,57.135],[11.093889,57.15],[11.09,57.1535],[11.085,57.148],[11.08,57.151923],[11.075,57.148077],[11.07,57.152],[11.065,57.1375],[11.055,57.1345],[11.05,57.136429],[11.045,57.127667],[11.03,57.123333],[11.026667,57.125],[11.028125,57.13],[11.025,57.135],[11.02,57.124167],[11.015,57.132222],[11.01,57.128333],[11.005,57.131111],[11.0,57.126765],[10.995,57.128889],[10.99,57.1245],[10.975,57.123571],[10.97,57.1195],[10.96,57.1225],[10.955,57.12],[10.925,57.122857],[10.92,57.131053],[10.915,57.125625],[10.9,57.127],[10.895,57.131818],[10.89,57.13],[10.891818,57.135],[10.885,57.1375],[10.88,57.144167],[10.8745,57.14],[10.8775,57.145],[10.875,57.165],[10.865,57.175],[10.86,57.195],[10.845,57.211875],[10.84125,57.21],[10.8415,57.2],[10.845,57.195],[10.835,57.196],[10.833571,57.2],[10.838182,57.205],[10.83875,57.21],[10.835,57.215],[10.837222,57.22],[10.853125,57.23],[10.8525,57.24],[10.845,57.25],[10.85,57.2475],[10.85,57.250833],[10.845,57.25],[10.847222,57.255],[10.84,57.256316],[10.835,57.263],[10.82,57.271364],[10.815,57.268125],[10.805,57.272222],[10.805,57.266],[10.8075,57.265],[10.79,57.258367],[10.772273,57.28],[10.765,57.28375],[10.76,57.296364],[10.775,57.295476],[10.78,57.29],[10.8,57.29125],[10.835,57.279054],[10.86,57.279062],[10.87,57.282813],[10.886429,57.295],[10.89,57.305833],[10.905,57.305625],[10.9125,57.31],[10.907857,57.325],[10.912692,57.335],[10.9,57.343214],[10.88,57.347222],[10.8753,57.36],[10.88,57.36569],[10.895,57.371944],[10.9,57.37325],[10.9075,57.37]]}},{"type":"Feature","properties":{"depth":5.0,"source":"DDM 2024 coarse contour","resolution":"0.005 degree sampled grid"},"geometry":{"type":"LineString","coordinates":[[11.2075,57.12],[11.205,57.115],[11.195,57.115],[11.195,57.12],[11.2075,57.12]]}},{"type":"Feature","properties":{"depth":5.0,"source":"DDM 2024 coarse contour","resolution":"0.005 degree sampled grid"},"geometry":{"type":"LineString","coordinates":[[11.04,57.141364],[11.025,57.135],[11.035,57.131538],[11.042,57.135],[11.04,57.141364]]}},{"type":"Feature","properties":{"depth":5.0,"source":"DDM 2024 coarse contour","resolution":"0.005 degree sampled grid"},"geometry":{"type":"LineString","coordinates":[[11.115,57.14625],[11.10875,57.145],[11.12,57.13125],[11.124,57.14],[11.115,57.14625]]}},{"type":"Feature","properties":{"depth":5.0,"source":"DDM 2024 coarse contour","resolution":"0.005 degree sampled grid"},"geometry":{"type":"LineString","coordinates":[[10.455,57.170577],[10.44886,57.165],[10.45,57.16],[10.455,57.164833],[10.460227,57.165],[10.459286,57.17],[10.455,57.170577]]}},{"type":"Feature","properties":{"depth":5.0,"source":"DDM 2024 coarse contour","resolution":"0.005 degree sampled grid"},"geometry":{"type":"LineString","coordinates":[[10.475,57.181548],[10.47,57.180849],[10.460455,57.17],[10.465,57.168387],[10.477167,57.18],[10.475,57.181548]]}},{"type":"Feature","properties":{"depth":5.0,"source":"DDM 2024 coarse contour","resolution":"0.005 degree sampled grid"},"geometry":{"type":"LineString","coordinates":[[10.505,57.1962],[10.495,57.195789],[10.479833,57.185],[10.485,57.179483],[10.5,57.192419],[10.509615,57.195],[10.505,57.1962]]}},{"type":"Feature","properties":{"depth":5.0,"source":"DDM 2024 coarse contour","resolution":"0.005 degree sampled grid"},"geometry":{"type":"LineString","coordinates":[[10.84625,57.19],[10.846429,57.185],[10.84,57.175],[10.838636,57.19],[10.845,57.195],[10.84625,57.19]]}},{"type":"Feature","properties":{"depth":5.0,"source":"DDM 2024 coarse contour","resolution":"0.005 degree sampled grid"},"geometry":{"type":"LineString","coordinates":[[10.6675,57.22],[10.673571,57.21],[10.67,57.206429],[10.662308,57.22],[10.665,57.222187],[10.6675,57.22]]}},{"type":"Feature","properties":{"depth":5.0,"source":"DDM 2024 coarse contour","resolution":"0.005 degree sampled grid"},"geometry":{"type":"LineString","coordinates":[[10.811429,57.22],[10.81,57.2125],[10.805,57.213333],[10.805,57.221667],[10.81,57.223333],[10.811429,57.22]]}},{"type":"Feature","properties":{"depth":5.0,"source":"DDM 2024 coarse contour","resolution":"0.005 degree sampled grid"},"geometry":{"type":"LineString","coordinates":[[10.644286,57.25],[10.649286,57.245],[10.64,57.229706],[10.637917,57.235],[10.625769,57.245],[10.63,57.252941],[10.64,57.253529],[10.644286,57.25]]}},{"type":"Feature","properties":{"depth":5.0,"source":"DDM 2024 coarse contour","resolution":"0.005 degree sampled grid"},"geometry":{"type":"LineString","coordinates":[[10.66053,57.24],[10.665246,57.235],[10.66,57.228824],[10.656,57.23],[10.66053,57.24]]}},{"type":"Feature","properties":{"depth":5.0,"source":"DDM 2024 coarse contour","resolution":"0.005 degree sampled grid"},"geometry":{"type":"LineString","coordinates":[[11.21,57.326071],[11.206667,57.325],[11.206667,57.32],[11.21,57.318],[11.215,57.32],[11.212,57.305],[11.22,57.302],[11.215,57.32],[11.21,57.326071]]}},{"type":"Feature","properties":{"depth":5.0,"source":"DDM 2024 coarse contour","resolution":"0.005 degree sampled grid"},"geometry":{"type":"LineString","coordinates":[[9.40853,58.0],[9.375,57.981232],[9.37,57.981236],[9.365,57.976196],[9.36,57.9762],[9.35,57.96613],[9.335,57.961112],[9.325,57.951067],[9.3,57.941011],[9.29,57.93097],[9.275,57.925953],[9.265,57.915905],[9.24,57.905856],[9.23,57.895816],[9.215,57.890803],[9.205,57.880782],[9.2,57.880787],[9.195,57.875773],[9.19,57.87578],[9.18,57.865711],[9.155,57.855616],[9.145,57.845574],[9.13,57.840565],[9.12,57.830563],[9.095,57.820549],[9.07,57.800543],[9.045,57.790551],[9.035,57.780549],[9.02,57.775561],[9.01,57.765569],[8.995,57.760597],[8.985,57.750567],[8.96,57.740525],[8.95,57.730515],[8.935,57.725483],[8.925,57.715473],[8.91,57.710441],[8.9,57.700418],[8.895,57.700417],[8.89,57.695412],[8.88,57.695414],[8.875,57.690421],[8.855,57.690435],[8.85,57.68545],[8.825,57.685464],[8.82,57.680484],[8.795,57.680487],[8.79,57.675488],[8.77,57.675501],[8.765,57.670508],[8.745,57.670543],[8.74,57.665553],[8.715,57.665606],[8.71,57.660602],[8.69,57.660649],[8.685,57.655631],[8.66,57.655688],[8.655,57.650658],[8.635,57.650697],[8.63,57.645656],[8.605,57.645698],[8.6,57.640647],[8.58,57.640695],[8.575,57.635665],[8.55,57.635705],[8.545,57.630699],[8.525,57.630699],[8.52,57.625692],[8.5,57.625689],[8.495,57.620675],[8.47,57.620678],[8.465,57.615664],[8.445,57.615672],[8.44,57.610658],[8.425,57.610667],[8.42,57.605656],[8.405,57.605664],[8.4,57.600656],[8.385,57.600663],[8.38,57.595656],[8.365,57.595664],[8.36,57.590653],[8.35,57.590659],[8.345,57.585648],[8.325,57.585659],[8.32,57.580648],[8.31,57.580653],[8.305,57.575639],[8.29,57.575645],[8.285,57.570632],[8.265,57.570639],[8.26,57.565626],[8.25,57.565631],[8.245,57.56062],[8.23,57.56063],[8.225,57.555621],[8.21,57.555629],[8.205,57.550623],[8.19,57.550629],[8.185,57.545622],[8.17,57.54563],[8.165,57.540621],[8.15,57.54063],[8.145,57.53562],[8.13,57.53563],[8.125,57.530623],[8.11,57.530635],[8.105,57.525626],[8.09,57.525634],[8.085,57.520626],[8.07,57.520628],[8.065,57.51562],[8.05,57.51562],[8.045,57.510612],[8.03,57.510613],[8.025,57.505605],[8.01,57.505605],[8.005,57.500589],[7.99,57.500566],[7.985,57.49557],[7.975,57.495566],[7.97,57.490567],[7.955,57.490565],[7.95,57.485565],[7.925,57.480561],[7.92,57.475558],[7.91,57.475557],[7.905,57.470549],[7.89,57.470552],[7.885,57.465539],[7.875,57.465545],[7.87,57.46053],[7.86,57.460538],[7.855,57.45552],[7.84,57.455528],[7.835,57.450528],[7.825,57.450519],[7.82,57.445547],[7.81,57.445501],[7.805,57.440511],[7.795,57.440475],[7.79,57.435442],[7.775,57.435432],[7.77,57.430393],[7.76,57.430405],[7.755,57.425383],[7.745,57.425387],[7.74,57.420377],[7.73,57.420375],[7.725,57.415369],[7.71,57.415365],[7.705,57.410363],[7.695,57.410365],[7.69,57.405363],[7.665,57.400369],[7.66,57.395363],[7.645,57.395368],[7.64,57.39037],[7.63,57.390372],[7.625,57.385383],[7.615,57.385378],[7.61,57.380394],[7.595,57.380392],[7.59,57.375404],[7.58,57.375406],[7.575,57.370405],[7.565,57.37041],[7.56,57.365403],[7.55,57.365409],[7.545,57.3604],[7.53,57.360408],[7.525,57.355393],[7.515,57.355398],[7.51,57.350376],[7.5,57.350387],[7.495,57.345362],[7.485,57.345369],[7.48,57.340346],[7.465,57.340352],[7.46,57.335335],[7.45,57.335332],[7.445,57.330316],[7.42,57.325293],[7.415,57.320279],[7.405,57.320281],[7.4,57.315267]]}},{"type":"Feature","properties":{"depth":5.0,"source":"DDM 2024 coarse contour","resolution":"0.005 degree sampled grid"},"geometry":{"type":"LineString","coordinates":[[10.555,57.48875],[10.545,57.489167],[10.540833,57.485],[10.55,57.483947],[10.555,57.477143],[10.56,57.48],[10.555,57.48875]]}},{"type":"Feature","properties":{"depth":5.0,"source":"DDM 2024 coarse contour","resolution":"0.005 degree sampled grid"},"geometry":{"type":"LineString","coordinates":[[9.975,57.597297],[9.965,57.5982],[9.964992,57.595],[9.975,57.594992],[9.975,57.597297]]}},{"type":"Feature","properties":{"depth":10.0,"source":"DDM 2024 coarse contour","resolution":"0.005 degree sampled grid"},"geometry":{"type":"LineString","coordinates":[[7.4,55.199936],[7.435,55.194934],[7.44,55.189934],[7.46,55.18993],[7.465,55.184932],[7.485,55.184926],[7.49,55.17993],[7.51,55.179934],[7.515,55.174936],[7.535,55.174938],[7.54,55.169939],[7.565,55.169939],[7.57,55.16494],[7.6,55.164942],[7.605,55.159943],[7.635,55.159944],[7.64,55.154943],[7.675,55.154943],[7.68,55.149942],[7.78,55.139948],[7.785,55.134949],[7.815,55.134951],[7.82,55.129952],[7.855,55.129953],[7.86,55.124953],[7.925,55.119953],[7.93,55.114954],[7.965,55.114955],[7.97,55.109955],[8.0,55.109956],[8.005,55.104956],[8.035,55.104958],[8.04,55.099962],[8.07,55.099962],[8.075,55.094964],[8.11,55.094966],[8.115,55.089967],[8.14,55.089969],[8.145,55.084969],[8.18,55.084972],[8.185,55.079972],[8.215,55.079977],[8.22,55.074976],[8.25,55.074982],[8.255,55.069982],[8.272727,55.07],[8.270455,55.075],[8.275,55.081333],[8.305,55.1],[8.30375,55.115],[8.3125,55.135],[8.305,55.1475],[8.291,55.155],[8.29,55.165],[8.3,55.178333],[8.29,55.18],[8.275,55.1725],[8.27,55.175],[8.28,55.180909],[8.319583,55.185],[8.263333,55.195],[8.285,55.203333],[8.2875,55.21],[8.31,55.211071],[8.323125,55.22],[8.32,55.226667],[8.305,55.222812],[8.275,55.226],[8.32,55.237],[8.33,55.23],[8.335,55.21625],[8.345385,55.23],[8.325,55.251364],[8.318214,55.25],[8.324286,55.26],[8.325625,55.295],[8.319167,55.3],[8.325,55.305],[8.319091,55.31],[8.325,55.315],[8.325,55.305],[8.330357,55.33],[8.327188,55.34],[8.33125,55.345],[8.325,55.365],[8.3125,55.375],[8.31,55.385],[8.29,55.4],[8.28,55.397419],[8.275789,55.4],[8.278,55.405],[8.265,55.41],[8.25,55.413333],[8.24,55.41],[8.24,55.416538],[8.24,55.41],[8.23,55.41],[8.227222,55.415],[8.234167,55.42],[8.23,55.427174],[8.195,55.432778],[8.178333,55.445],[8.18,55.4525],[8.17,55.453438],[8.16,55.466],[8.13,55.469],[8.125,55.48],[8.105,55.48],[8.105,55.49],[8.085,55.502069],[8.055,55.497391],[8.04,55.505333],[8.005,55.503925],[7.95,55.527371],[7.925,55.554643],[7.92,55.55],[7.925455,55.535],[7.92,55.533766],[7.905,55.54381],[7.87875,55.545],[7.85,55.554167],[7.832222,55.565],[7.824,55.58],[7.865,55.59],[7.875,55.583846],[7.905,55.5865],[7.915,55.578333],[8.031667,55.63],[8.055,55.6225],[8.061667,55.625],[8.088889,55.655],[8.106667,55.69],[8.116667,55.7],[8.11625,55.71],[8.124091,55.715],[8.134167,55.745],[8.14,55.75],[8.147188,55.795],[8.1455,55.81],[8.133571,55.835],[8.1375,55.84],[8.125909,55.865],[8.12875,55.875],[8.121053,55.935],[8.108824,55.975],[8.09087,56.0],[8.073571,56.045],[8.076,56.08],[8.085833,56.105],[8.090227,56.145],[8.103571,56.185],[8.113846,56.255],[8.103261,56.305],[8.103,56.36],[8.0996,56.365],[8.103214,56.435],[8.109524,56.465],[8.104362,56.53],[8.106875,56.545],[8.113438,56.57],[8.147396,56.645],[8.175,56.685132],[8.20549,56.71],[8.205,56.716667],[8.192895,56.72],[8.205,56.722],[8.211607,56.735],[8.222012,56.785],[8.253514,56.85],[8.31,56.920152],[8.355,56.965377],[8.41,56.999714],[8.467917,57.05],[8.515,57.06875],[8.555417,57.1],[8.565,57.113548],[8.6,57.131739],[8.81,57.145],[8.83,57.135],[8.855,57.133636],[8.911667,57.15],[8.92,57.155],[8.922045,57.17],[8.935,57.177436],[8.975,57.172083],[8.995,57.176818],[9.025,57.173667],[9.135,57.184167],[9.155,57.17],[9.17,57.173333],[9.16375,57.185],[9.175,57.193333],[9.205,57.1975],[9.265,57.195],[9.32,57.245],[9.35,57.255],[9.375,57.25],[9.3775,57.245],[9.3675,57.23],[9.385,57.216429],[9.42,57.215556],[9.42,57.21],[9.43,57.208],[9.435,57.21],[9.435,57.215833],[9.445,57.211],[9.485,57.223667],[9.563889,57.275],[9.57,57.285],[9.575909,57.285],[9.611786,57.32],[9.658158,57.355],[9.821786,57.52],[9.836071,57.525],[9.847778,57.54],[9.89,57.560366],[9.927368,57.59],[9.96,57.608333],[10.0,57.607923],[10.0325,57.62],[10.1,57.626765],[10.21,57.6275],[10.22,57.623621],[10.282857,57.64],[10.34,57.661667],[10.475,57.725351],[10.555,57.752798],[10.61,57.76008],[10.655,57.7536],[10.7,57.757583],[10.715849,57.755],[10.71,57.749464],[10.7,57.75],[10.67,57.728924],[10.615,57.721042],[10.6,57.710714],[10.556429,57.695],[10.544375,57.68],[10.55125,57.645],[10.546875,57.64],[10.5525,57.635],[10.546111,57.625],[10.526667,57.615],[10.51625,57.6],[10.515,57.583333],[10.485,57.573571],[10.48,57.5675],[10.475,57.573],[10.4675,57.57],[10.639138,57.49],[10.63,57.476098],[10.624615,57.475],[10.6025,57.435],[10.571,57.41],[10.575,57.4],[10.57,57.403333],[10.569231,57.4],[10.58,57.3975],[10.599375,57.38],[10.5975,57.375],[10.616,57.355],[10.625,57.34],[10.626034,57.32],[10.648,57.27],[10.680968,57.215],[10.653571,57.175],[10.651429,57.155],[10.656667,57.15],[10.66,57.13],[10.651667,57.13],[10.651667,57.125],[10.655,57.12119],[10.66,57.13],[10.656667,57.12],[10.662,57.115],[10.672,57.06],[10.695714,57.025],[10.69,56.995],[10.685,56.995556],[10.6825,56.99],[10.686,56.98],[10.6925,56.98],[10.7,56.9915],[10.715,56.995],[10.712857,56.99],[10.726111,56.965],[10.728333,56.945],[10.723333,56.925],[10.72625,56.92],[10.7185,56.91],[10.72625,56.875],[10.72,56.873125],[10.7025,56.905],[10.6975,56.905],[10.695,56.8975],[10.684,56.9],[10.679286,56.92],[10.682143,56.925],[10.676667,56.93],[10.685263,56.945],[10.685,56.975],[10.675,56.972],[10.665,56.987727],[10.660714,56.985],[10.638333,56.945],[10.645,56.94],[10.633333,56.935],[10.64,56.916667],[10.6225,56.92],[10.63,56.92],[10.63,56.912143],[10.64,56.90625],[10.645,56.895],[10.63875,56.895],[10.645,56.895],[10.635,56.88],[10.64125,56.875],[10.635,56.855],[10.625,56.866667],[10.61,56.9],[10.621111,56.9],[10.615,56.9],[10.617812,56.905],[10.6125,56.915],[10.617692,56.93],[10.612083,56.935],[10.614,56.96],[10.608235,56.97],[10.60875,56.98],[10.595,56.993529],[10.59,56.98875],[10.585,56.997222],[10.5825,56.99],[10.572,56.985],[10.568611,56.96],[10.575714,56.945],[10.571538,56.94],[10.575682,56.93],[10.566875,56.925],[10.575,56.91],[10.57,56.90625],[10.565,56.909231],[10.56,56.902857],[10.555,56.906471],[10.5525,56.895],[10.555,56.891875],[10.56,56.896667],[10.585,56.875],[10.575,56.875],[10.57,56.86875],[10.565,56.874687],[10.555,56.874],[10.559211,56.88],[10.555,56.883333],[10.545,56.877727],[10.525,56.87875],[10.5225,56.875],[10.54,56.86],[10.55,56.86875],[10.56,56.865],[10.550333,56.86],[10.555,56.855],[10.55,56.858333],[10.541667,56.855],[10.547692,56.85],[10.545,56.846111],[10.525,56.8685],[10.519091,56.865],[10.524091,56.87],[10.515,56.877353],[10.509444,56.86],[10.5175,56.855],[10.513333,56.85],[10.52,56.835],[10.53625,56.825],[10.526667,56.82],[10.5275,56.81],[10.535,56.812],[10.545,56.805],[10.562,56.78],[10.563333,56.775],[10.5575,56.77],[10.565,56.76],[10.56,56.763333],[10.558,56.76],[10.56,56.756],[10.565,56.76],[10.560385,56.755],[10.565,56.751471],[10.569286,56.755],[10.565,56.76],[10.57,56.757],[10.5725,56.75],[10.561071,56.745],[10.56125,56.735],[10.575,56.73],[10.5725,56.72],[10.605,56.712143],[10.610714,56.7],[10.582,56.67],[10.565,56.6625],[10.550667,56.645],[10.545,56.646667],[10.530417,56.635],[10.529167,56.625],[10.521667,56.62],[10.51625,56.605],[10.525,56.603636],[10.54,56.62],[10.57,56.637],[10.605,56.647143],[10.62625,56.665],[10.665,56.668333],[10.67,56.67],[10.67,56.675278],[10.705,56.680833],[10.735,56.678],[10.75,56.68125],[10.755,56.6875],[10.775,56.685833],[10.76,56.675],[10.755,56.682],[10.751667,56.68],[10.74875,56.67],[10.75,56.665],[10.755,56.665],[10.75875,56.65],[10.77,56.651111],[10.785,56.639444],[10.796,56.65],[10.785,56.67],[10.8,56.6775],[10.855,56.678182],[10.935,56.661087],[10.93,56.655909],[10.917353,56.655],[10.94,56.637292],[10.95375,56.635],[10.957778,56.63],[10.945,56.619167],[10.937692,56.605],[10.938824,56.585],[10.9466,56.565],[10.945,56.549167],[10.94,56.547143],[10.93,56.558],[10.9225,56.55],[10.925,56.545],[10.91925,56.545],[10.925,56.545],[10.924118,56.53],[10.941364,56.51],[10.935,56.511667],[10.93,56.50125],[10.91,56.495],[10.962222,56.46],[10.963302,56.44],[10.949444,56.425],[10.958125,56.415],[10.944545,56.405],[10.955,56.396875],[10.962391,56.4],[10.9475,56.385],[10.955,56.369545],[10.970909,56.365],[10.973333,56.35],[10.967778,56.345],[10.97125,56.34],[10.96,56.3292],[10.955,56.334167],[10.948125,56.33],[10.95,56.325],[10.93,56.324211],[10.903182,56.315],[10.87,56.29087],[10.845714,56.285],[10.841563,56.27],[10.833214,56.265],[10.84,56.258077],[10.845135,56.26],[10.84,56.254208],[10.814167,56.25],[10.804565,56.245],[10.805,56.24],[10.757692,56.225],[10.743457,56.205],[10.749687,56.17],[10.740462,56.155],[10.736157,56.135],[10.706597,56.105],[10.69,56.097979],[10.665,56.104643],[10.65314,56.125],[10.655,56.135244],[10.67,56.12768],[10.674327,56.13],[10.666957,56.14],[10.67,56.145067],[10.64,56.1525],[10.630833,56.17],[10.611515,56.175],[10.615893,56.185],[10.610909,56.195],[10.617105,56.2],[10.616875,56.21],[10.625,56.22],[10.630588,56.22],[10.615,56.2235],[10.605,56.224167],[10.59,56.215432],[10.58,56.196705],[10.565,56.191139],[10.564886,56.185],[10.542955,56.17],[10.549648,56.155],[10.56,56.154687],[10.567857,56.14],[10.58,56.141],[10.58,56.131667],[10.587,56.13],[10.576667,56.12],[10.57,56.125833],[10.565,56.10625],[10.54,56.092619],[10.51,56.095048],[10.49,56.111491],[10.480128,56.13],[10.47194,56.135],[10.472243,56.14],[10.49,56.149969],[10.512237,56.15],[10.521075,56.16],[10.52,56.166759],[10.505,56.159149],[10.475,56.163178],[10.47,56.1745],[10.445,56.175083],[10.441786,56.165],[10.466944,56.155],[10.455,56.153056],[10.435,56.16175],[10.4,56.151269],[10.375,56.162431],[10.36,56.179],[10.355,56.173837],[10.35,56.176078],[10.34,56.164105],[10.325556,56.17],[10.327712,56.185],[10.338958,56.205],[10.33,56.207364],[10.33,56.212164],[10.37875,56.225],[10.374133,56.23],[10.378493,56.235],[10.405,56.253571],[10.435,56.250333],[10.441667,56.245],[10.44,56.235],[10.45,56.240625],[10.445,56.2545],[10.405,56.263214],[10.4,56.2725],[10.355,56.243947],[10.338598,56.225],[10.315,56.217937],[10.295,56.195652],[10.26725,56.19],[10.285,56.180714],[10.28,56.171848],[10.26,56.167895],[10.255,56.184],[10.245,56.169444],[10.234999,56.165],[10.235,56.154999],[10.245,56.159977],[10.254998,56.15],[10.24,56.140002],[10.221136,56.135],[10.223511,56.13],[10.242258,56.115],[10.262075,56.085],[10.25962,56.075],[10.265,56.068452],[10.28,56.058846],[10.305435,56.055],[10.297222,56.035],[10.3,56.032917],[10.311463,56.04],[10.315,56.054608],[10.325,56.055989],[10.335109,56.05],[10.326538,56.015],[10.315,56.008415],[10.318214,56.02],[10.31,56.026944],[10.305,56.023636],[10.302222,56.015],[10.293571,56.01],[10.304615,56.005],[10.3015,56.0],[10.282571,55.99],[10.273889,55.98],[10.285,55.970833],[10.295,55.970789],[10.3,55.976833],[10.305,55.968875],[10.32,55.976981],[10.33,55.964074],[10.335,55.965098],[10.35,55.986622],[10.36,55.980909],[10.385,55.980303],[10.396271,55.975],[10.385,55.957165],[10.371111,55.95],[10.37,55.935],[10.35,55.936667],[10.341471,55.93],[10.348182,55.925],[10.345,55.914444],[10.355,55.901974],[10.37,55.905345],[10.380758,55.895],[10.375,55.898846],[10.37,55.8942],[10.36,55.896724],[10.351,55.885],[10.355,55.877727],[10.3425,55.875],[10.3475,55.87],[10.3455,55.865],[10.36,55.861538],[10.365,55.8736],[10.375,55.863077],[10.385,55.868],[10.395,55.862571],[10.405,55.866061],[10.415,55.857381],[10.425,55.862361],[10.435,55.847391],[10.445,55.849457],[10.452,55.84],[10.47138,55.83],[10.475157,55.825],[10.47,55.805781],[10.445,55.7945],[10.44,55.803625],[10.43,55.7975],[10.423333,55.8],[10.42,55.794756],[10.405,55.803235],[10.401071,55.8],[10.407857,55.795],[10.405,55.792778],[10.395,55.802174],[10.38,55.796],[10.365,55.803095],[10.362143,55.795],[10.37,55.78],[10.365,55.783478],[10.363,55.78],[10.37,55.78],[10.375,55.772059],[10.380278,55.775],[10.376786,55.765],[10.381875,55.76],[10.375,55.753],[10.362391,55.75],[10.37,55.74],[10.3625,55.74],[10.37025,55.73],[10.36,55.727297],[10.335,55.730625],[10.225,55.728451],[10.221563,55.73],[10.227083,55.735],[10.215,55.742386],[10.185,55.741736],[10.16,55.748036],[10.131111,55.745],[10.148971,55.74],[10.152885,55.73],[10.145,55.726786],[10.125556,55.735],[10.129091,55.745],[10.118542,55.755],[10.135294,55.76],[10.14,55.765714],[10.155,55.762353],[10.165,55.752895],[10.174615,55.755],[10.156129,55.77],[10.165625,55.78],[10.165435,55.8],[10.13,55.811447],[10.13,55.805417],[10.142143,55.8],[10.14,55.795714],[10.125,55.806786],[10.105,55.807273],[10.096667,55.8],[10.095,55.789265],[10.08375,55.795],[10.084029,55.805],[10.075,55.812921],[10.062222,55.78],[10.037273,55.77],[10.08,55.759052],[10.106087,55.745],[10.07,55.736379],[10.07,55.73],[10.043462,55.72],[10.055,55.713333],[10.08,55.715658],[10.083571,55.71],[10.078864,55.705],[10.084091,55.7],[10.067083,55.695],[10.070455,55.69],[10.055,55.678757],[10.035,55.678387],[10.01,55.691538],[9.985,55.686981],[9.93,55.688561],[9.875,55.680981],[9.86,55.672857],[9.82,55.665022],[9.77,55.674],[9.715,55.676667],[9.695,55.689],[9.694426,55.68],[9.7,55.674136],[9.745,55.662206],[9.765,55.650769],[9.766667,55.63],[9.815,55.633772],[9.86,55.629135],[9.865,55.633908],[9.89,55.632967],[9.9,55.638103],[9.915179,55.63],[9.836,55.605],[9.8065,55.585],[9.818393,55.58],[9.81,55.574],[9.805,55.576774],[9.795,55.564937],[9.765,55.555106],[9.75,55.55962],[9.735,55.555014],[9.73598,55.535],[9.744904,55.525],[9.74,55.515001],[9.715,55.51509],[9.691724,55.525],[9.67,55.525004],[9.64,55.505021],[9.62,55.510004],[9.607706,55.505],[9.625,55.503838],[9.63,55.49875],[9.64,55.500612],[9.655032,55.485],[9.700616,55.46],[9.700286,55.45],[9.708446,55.44],[9.705,55.425294],[9.693598,55.43],[9.695,55.432727],[9.7,55.427],[9.699209,55.44],[9.704767,55.445],[9.7,55.449362],[9.690979,55.445],[9.675238,55.425],[9.680714,55.385],[9.6775,55.375],[9.685,55.371667],[9.71,55.375842],[9.723489,55.365],[9.727415,55.355],[9.71622,55.345],[9.7,55.343149],[9.665,55.36425],[9.6616,55.36],[9.663704,55.35],[9.675,55.339444],[9.697414,55.335],[9.7,55.329286],[9.71,55.33],[9.701667,55.32],[9.705,55.313125],[9.72,55.322083],[9.735,55.305238],[9.74,55.31],[9.78,55.298125],[9.775,55.316],[9.75,55.32375],[9.74,55.318889],[9.736477,55.325],[9.755,55.325714],[9.774839,55.34],[9.785,55.341952],[9.825,55.332083],[9.845,55.322045],[9.86058,55.3],[9.847917,55.295],[9.837301,55.28],[9.82375,55.275],[9.8,55.254744],[9.784615,55.25],[9.775,55.2378],[9.75,55.230678],[9.745,55.224762],[9.733632,55.23],[9.731513,55.25],[9.72503,55.255],[9.717373,55.275],[9.710882,55.275],[9.725957,55.24],[9.723923,55.23],[9.715,55.22],[9.7,55.216442],[9.71,55.210098],[9.712453,55.2],[9.695,55.183802],[9.635,55.16861],[9.622128,55.175],[9.616398,55.19],[9.587898,55.19],[9.587353,55.18],[9.595294,55.175],[9.58,55.162],[9.507368,55.155],[9.517054,55.135],[9.531414,55.13],[9.515,55.123289],[9.475,55.126882],[9.47,55.125],[9.473652,55.12],[9.495,55.122188],[9.53,55.107688],[9.535,55.110766],[9.54,55.103077],[9.561379,55.1],[9.56,55.085612],[9.585786,55.085],[9.56,55.076892],[9.505,55.04404],[9.465,55.044691],[9.46,55.039441],[9.445,55.037982],[9.436216,55.03],[9.46,55.020278],[9.5,55.020039],[9.52,55.029938],[9.57,55.0394],[9.568583,55.045],[9.58,55.047593],[9.605,55.040417],[9.63,55.017021],[9.695,54.993009],[9.745,54.993462],[9.75,54.985652],[9.785,54.976667],[9.78625,54.98],[9.770814,54.99],[9.771196,55.0],[9.785,55.005278],[9.695,55.005044],[9.655,55.023782],[9.655137,55.03],[9.671739,55.035],[9.645,55.035049],[9.635011,55.045],[9.633978,55.055],[9.65,55.058013],[9.66,55.071176],[9.735,55.091691],[9.76,55.091762],[9.8,55.080683],[9.845,55.056765],[9.855,55.06226],[9.87,55.045763],[9.8924,55.035],[9.88619,55.03],[9.965,55.01628],[10.0,54.990109],[10.068939,54.91],[10.083302,54.875],[10.09728,54.86],[10.095449,54.855],[10.035,54.861379],[10.01,54.853254],[10.0,54.843412],[9.98,54.846566],[9.96,54.841429],[9.93,54.847222],[9.91,54.858286],[9.8798,54.855],[9.880971,54.865],[9.863531,54.875],[9.863217,54.88],[9.895,54.899968],[9.905,54.899563],[9.92,54.888862],[9.955,54.882188],[9.932711,54.895],[9.8914,54.905],[9.88,54.895063],[9.87,54.8975],[9.83,54.885082],[9.79,54.891481],[9.785,54.902881],[9.76,54.894076],[9.729899,54.9],[9.7085,54.9],[9.706765,54.895],[9.75165,54.88],[9.748429,54.87],[9.765826,54.865],[9.772755,54.855],[9.772,54.845],[9.779211,54.84],[9.765,54.843091],[9.73,54.831421],[9.69,54.851111],[9.655,54.851641],[9.65,54.844963],[9.685,54.839957],[9.69,54.834951],[9.71,54.834958],[9.735,54.824924],[9.895,54.844906],[10.045,54.76991],[10.07,54.769977],[10.075,54.76492],[10.185,54.764929],[10.19,54.759932],[10.215,54.759932],[10.26,54.719933],[10.265,54.719938],[10.335,54.649947],[10.375,54.619954],[10.41,54.61496],[10.43,54.604954],[10.445,54.604961],[10.485,54.589957],[10.5,54.589963],[10.52,54.579961],[10.535,54.579961],[10.6,54.554965],[10.65,54.549953],[10.655,54.544954],[10.735,54.549939],[10.845,54.604948],[10.855,54.614944],[10.89,54.62993],[10.9,54.639941],[10.985,54.639952],[10.99,54.644956],[11.02,54.64496],[11.025,54.639957],[11.085,54.639944],[11.09,54.634937],[11.11,54.634935],[11.115,54.629932],[11.16,54.624929],[11.165,54.619926],[11.215,54.609921],[11.265,54.584913],[11.315,54.574917],[11.335,54.564912],[11.345,54.554911],[11.395,54.529907],[11.43,54.504912],[11.56,54.444926],[11.645,54.389928],[11.675,54.364927],[11.715,54.364929],[11.72,54.369929],[11.725,54.364929],[11.735,54.364929],[11.74,54.369931],[11.755,54.369933],[11.76,54.364931],[11.765,54.369934],[11.95,54.369964],[11.955,54.374965],[11.99,54.379966],[11.995,54.384966],[12.01,54.38496],[12.03,54.394959],[12.05,54.394955],[12.07,54.404954],[12.105,54.409946],[12.2,54.489952],[12.205,54.489949],[12.23,54.514949],[12.235,54.51495],[12.26,54.539931],[12.265,54.539923],[12.385,54.644963],[12.415,54.664962],[12.44,54.68996],[12.49,54.699961],[12.495,54.704961],[12.51,54.704961],[12.515,54.709962],[12.53,54.709963],[12.535,54.714963],[12.55,54.714964],[12.555,54.719963],[12.57,54.719963],[12.575,54.724963],[12.59,54.724962],[12.595,54.729962],[12.61,54.729959],[12.615,54.734959],[12.63,54.734956],[12.635,54.739959],[12.65,54.739958],[12.655,54.744963],[12.67,54.744963],[12.675,54.749964],[12.69,54.749962],[12.695,54.754962],[12.71,54.75496],[12.715,54.759961],[12.73,54.75996],[12.735,54.76496],[12.75,54.764959],[12.805,54.789956],[12.815,54.789955],[12.845,54.804951],[12.87,54.809948],[12.885,54.819945],[12.91,54.824943],[12.965,54.859908],[13.075,54.95485],[13.13,54.994922],[13.140064,55.005],[13.135,55.015063],[13.095,55.035044],[13.06,55.060041],[12.79,55.165109],[12.71,55.225066],[12.69,55.235067],[12.665056,55.26],[12.635048,55.305],[12.635033,55.35],[12.605021,55.43],[12.635,55.449991],[12.67,55.464994],[12.68,55.47499],[12.705,55.484989],[12.715007,55.495],[12.72,55.535],[12.725,55.534996],[12.725,55.539444],[12.72,55.535],[12.705,55.5365],[12.695,55.54375],[12.67,55.540556],[12.661667,55.53],[12.6675,55.515],[12.662778,55.505],[12.65,55.496667],[12.643571,55.5],[12.64,55.513333],[12.635,55.505],[12.625,55.502143],[12.61,55.50875],[12.575,55.503571],[12.565,55.51087],[12.555,55.50375],[12.54625,55.515],[12.54,55.513462],[12.508333,55.53],[12.505,55.547143],[12.5,55.535],[12.49,55.5475],[12.48,55.5425],[12.475,55.533],[12.47,55.53875],[12.46625,55.535],[12.47,55.525],[12.476667,55.525],[12.48,55.515],[12.475,55.51],[12.475,55.515],[12.465,55.515],[12.46875,55.52],[12.455,55.531667],[12.425,55.527143],[12.405,55.534444],[12.4,55.529091],[12.375,55.535],[12.32,55.528],[12.305,55.54],[12.3,55.535],[12.295,55.536667],[12.285,55.525],[12.275,55.5075],[12.27375,55.49],[12.325,55.451667],[12.3475,55.455],[12.34575,55.43],[12.335,55.445],[12.32,55.455],[12.3,55.452241],[12.29,55.463333],[12.27,55.465476],[12.245,55.465],[12.2415,55.46],[12.25,55.452283],[12.255,55.457812],[12.275,55.452],[12.285,55.425],[12.303333,55.415],[12.33,55.413182],[12.365,55.425],[12.41,55.397174],[12.4615,55.35],[12.459318,55.34],[12.465313,55.325],[12.457619,55.315],[12.461855,55.295],[12.458642,55.285],[12.45,55.271923],[12.410278,55.255],[12.392333,55.245],[12.39,55.239348],[12.385,55.245526],[12.36,55.227],[12.355,55.230467],[12.338333,55.225],[12.343654,55.22],[12.34,55.214091],[12.325,55.2165],[12.31,55.20875],[12.305,55.2175],[12.265,55.1975],[12.26,55.200714],[12.192308,55.195],[12.24,55.173947],[12.265,55.166],[12.275,55.1675],[12.287857,55.15],[12.287647,55.14],[12.3,55.135],[12.3,55.127368],[12.315,55.12625],[12.32,55.1182],[12.33,55.11875],[12.34,55.1275],[12.34,55.114444],[12.36,55.11],[12.365,55.118182],[12.37375,55.115],[12.394286,55.085],[12.360625,55.07],[12.356818,55.065],[12.36,55.058462],[12.35,55.0555],[12.34,55.059],[12.336667,55.055],[12.34,55.047273],[12.355,55.049091],[12.375,55.042727],[12.4,55.046667],[12.415,55.039868],[12.426667,55.055],[12.425,55.059],[12.415,55.055625],[12.4,55.07],[12.41,55.071429],[12.4275,55.065],[12.434167,55.06],[12.431786,55.045],[12.435,55.041538],[12.45,55.042],[12.477059,55.025],[12.52,55.014515],[12.548548,55.0],[12.550612,54.99],[12.5582,54.985],[12.556552,54.98],[12.565636,54.975],[12.565875,54.96],[12.555,54.946212],[12.54,54.937],[12.525,54.935],[12.52,54.926667],[12.519167,54.935],[12.51,54.938152],[12.435,54.953587],[12.375,54.953049],[12.300417,54.93],[12.286667,54.92],[12.288333,54.91],[12.250294,54.88],[12.227,54.84],[12.215,54.835],[12.212667,54.825],[12.200714,54.82],[12.2045,54.815],[12.2,54.8105],[12.185,54.806719],[12.15,54.777812],[12.115,54.767105],[12.10875,54.76],[12.12,54.744444],[12.095,54.7365],[12.09,54.74],[12.075,54.725625],[12.074118,54.72],[12.0825,54.715],[12.095,54.693571],[12.08,54.697308],[12.07,54.7095],[12.06,54.70875],[12.06,54.715],[12.049,54.71],[12.0475,54.705],[12.0525,54.7],[12.04,54.688],[12.033333,54.69],[12.02875,54.665],[12.035,54.65],[12.025,54.649286],[12.022692,54.645],[12.03,54.638333],[12.035,54.64],[12.035,54.65],[12.055,54.634643],[12.074167,54.635],[12.065,54.625789],[12.0325,54.63],[12.04375,54.62],[12.03,54.61625],[12.0275,54.61],[12.04,54.6075],[12.045833,54.6],[12.04,54.6025],[12.026875,54.59],[12.056667,54.585],[12.062,54.565],[12.055882,54.535],[12.065,54.532059],[12.072857,54.52],[12.085,54.5185],[12.085,54.5075],[12.0975,54.5],[12.0935,54.495],[12.105,54.493636],[12.11,54.483529],[12.08,54.499167],[12.075,54.496538],[12.07,54.502222],[12.05,54.503056],[12.035,54.512308],[12.01,54.506667],[12.0,54.511],[11.965,54.5075],[11.96,54.511667],[11.94,54.511842],[11.9,54.504687],[11.87,54.511053],[11.83,54.507857],[11.82,54.50275],[11.77,54.506538],[11.76,54.503125],[11.74,54.515294],[11.645,54.525455],[11.63,54.532143],[11.615,54.529],[11.58,54.534615],[11.505,54.554444],[11.445,54.577308],[11.413,54.595],[11.41,54.600833],[11.375,54.61],[11.373929,54.615],[11.365,54.61875],[11.36,54.614815],[11.363462,54.62],[11.36,54.622647],[11.235,54.671667],[11.19,54.692222],[11.185,54.7],[11.165,54.699167],[11.12,54.714524],[11.055,54.722679],[11.027857,54.715],[11.03,54.706667],[11.02,54.702692],[11.0,54.70375],[10.97,54.7225],[10.96,54.720556],[10.95375,54.725],[10.950833,54.73],[10.95875,54.735],[10.95,54.741471],[10.925,54.751429],[10.92,54.744643],[10.906833,54.75],[10.906111,54.76],[10.895,54.77],[10.9,54.767222],[10.915,54.774412],[10.92375,54.785],[10.92,54.788529],[10.905,54.785455],[10.89625,54.8],[10.900217,54.81],[10.8925,54.82],[10.904167,54.85],[10.900833,54.855],[10.905,54.86],[10.92,54.856154],[10.925,54.865],[10.932778,54.865],[10.939333,54.875],[10.936562,54.88],[10.946053,54.885],[10.936875,54.89],[10.933667,54.9],[10.965,54.921136],[10.975,54.923947],[10.985,54.919545],[10.992941,54.93],[10.989836,54.935],[10.995,54.942391],[11.0,54.9375],[11.005,54.9402],[11.014167,54.955],[11.03,54.953],[11.04,54.968621],[11.05,54.971667],[11.061795,54.985],[11.06,54.992045],[11.050833,54.99],[11.056579,54.995],[11.065,54.996364],[11.08,54.985769],[11.088,54.995],[11.078529,55.0],[11.093947,55.01],[11.093462,55.015],[11.105,55.025962],[11.11,55.025],[11.0966,55.015],[11.1025,55.01],[11.1,55.004286],[11.111667,55.005],[11.11,55.016375],[11.12,54.996],[11.135,55.011905],[11.135,55.0],[11.15,55.008704],[11.15,54.993333],[11.165,55.003333],[11.19,54.994881],[11.190313,55.0],[11.203571,55.01],[11.195,55.013152],[11.178333,55.01],[11.182105,55.02],[11.208077,55.025],[11.1875,55.035],[11.185,55.045],[11.18,55.035],[11.175,55.04939],[11.165,55.030357],[11.15,55.033382],[11.14,55.044583],[11.132692,55.045],[11.113519,55.08],[11.1025,55.09],[11.105,55.102353],[11.115,55.102273],[11.12,55.088056],[11.13,55.095],[11.124167,55.1],[11.12875,55.105],[11.124545,55.11],[11.127,55.115],[11.118043,55.12],[11.115,55.136333],[11.11,55.13],[11.108971,55.135],[11.114762,55.145],[11.112632,55.16],[11.1205,55.17],[11.12,55.185],[11.145,55.191062],[11.17,55.190717],[11.195278,55.175],[11.195,55.160238],[11.2,55.168088],[11.2072,55.155],[11.195,55.159545],[11.186429,55.15],[11.2,55.142857],[11.206,55.145],[11.197083,55.135],[11.209412,55.13],[11.211071,55.125],[11.185,55.131667],[11.187949,55.12],[11.205,55.115],[11.195735,55.1],[11.2,55.095469],[11.21,55.101406],[11.215,55.094062],[11.23,55.096538],[11.223462,55.09],[11.25,55.086607],[11.258,55.08],[11.2601,55.065],[11.242647,55.035],[11.23375,55.035],[11.225,55.050588],[11.22,55.041827],[11.213438,55.045],[11.219545,55.055],[11.215,55.058704],[11.203077,55.05],[11.196964,55.04],[11.2,55.036304],[11.215,55.0322],[11.225,55.018036],[11.233333,55.02],[11.235,55.012857],[11.24,55.022143],[11.245,55.021224],[11.28,54.999583],[11.29,55.002308],[11.292812,54.995],[11.35,54.952143],[11.353636,54.955],[11.345,54.965361],[11.302143,55.0],[11.285,55.020917],[11.26381,55.035],[11.28,55.051667],[11.29,55.047105],[11.295417,55.05],[11.3,55.072625],[11.31,55.075909],[11.3125,55.07],[11.33,55.06275],[11.345,55.069167],[11.39,55.047797],[11.3975,55.04],[11.395,55.035],[11.405,55.02913],[11.425,55.036],[11.435,55.034694],[11.435,55.040132],[11.45,55.036389],[11.445,55.025652],[11.435,55.02],[11.440962,55.015],[11.43,55.0],[11.45,54.9845],[11.47,54.992105],[11.475,54.99],[11.477895,54.995],[11.463,55.01],[11.465,55.019091],[11.48,55.016375],[11.495,55.005185],[11.545,55.004615],[11.57,54.992059],[11.59,54.989537],[11.61,54.979375],[11.615,54.982021],[11.613889,54.975],[11.635,54.955],[11.64,54.9545],[11.642059,54.96],[11.634412,54.98],[11.641538,54.99],[11.630952,54.995],[11.64,54.997568],[11.655,54.993269],[11.660714,55.005],[11.650625,55.01],[11.656071,55.015],[11.68,55.012195],[11.695,55.004074],[11.708478,55.01],[11.696429,55.015],[11.7,55.016613],[11.725,55.021471],[11.73,55.016667],[11.7525,55.025],[11.75,55.031429],[11.715,55.035],[11.71,55.04],[11.715,55.035],[11.72,55.035],[11.72125,55.04],[11.69,55.038182],[11.665,55.045395],[11.645,55.043788],[11.63,55.056518],[11.614167,55.06],[11.645385,55.07],[11.61,55.07119],[11.56125,55.09],[11.57,55.093182],[11.575,55.087059],[11.600625,55.095],[11.605,55.10125],[11.635,55.104706],[11.65,55.09875],[11.66,55.1155],[11.69,55.115],[11.680385,55.12],[11.67,55.137333],[11.655,55.143095],[11.64,55.138571],[11.63,55.156667],[11.625,55.158571],[11.62,55.152407],[11.615,55.158667],[11.58,55.166705],[11.5785,55.16],[11.57,55.159545],[11.555,55.170816],[11.525,55.16875],[11.52,55.17875],[11.495,55.167941],[11.465,55.1725],[11.44,55.163],[11.425,55.167162],[11.42,55.159483],[11.4,55.154355],[11.394583,55.155],[11.395,55.165],[11.385,55.165682],[11.37,55.155789],[11.335,55.163784],[11.305,55.154219],[11.289757,55.17],[11.32,55.168529],[11.320625,55.175],[11.28,55.183598],[11.24,55.211903],[11.22905,55.215],[11.21,55.250313],[11.21,55.260424],[11.215,55.256415],[11.217385,55.265],[11.199895,55.28],[11.195,55.293409],[11.185,55.289351],[11.17,55.299364],[11.165294,55.295],[11.155,55.296379],[11.144333,55.3],[11.143,55.31],[11.12,55.308333],[11.11,55.320682],[11.105,55.315208],[11.08,55.319],[11.085,55.326094],[11.095,55.323333],[11.108571,55.33],[11.09,55.335],[11.07,55.329589],[11.067632,55.335],[11.05,55.339516],[11.055,55.346613],[11.081389,55.36],[11.074255,55.37],[11.081957,55.38],[11.1,55.388182],[11.095789,55.4],[11.105,55.405373],[11.121,55.405],[11.115833,55.39],[11.125,55.378667],[11.170455,55.39],[11.1725,55.4],[11.165556,55.41],[11.15,55.4117],[11.138043,55.42],[11.165,55.435],[11.174,55.45],[11.155,55.465833],[11.11,55.4625],[11.1035,55.45],[11.093684,55.445],[11.118305,55.415],[11.09,55.409688],[11.085,55.413333],[11.069844,55.44],[11.064205,55.46],[11.068242,55.465],[11.061222,55.47],[11.055455,55.49],[11.061563,55.495],[11.065781,55.515],[11.055,55.526786],[11.044167,55.53],[11.039211,55.54],[11.05,55.552143],[11.07,55.548214],[11.07,55.555938],[11.085,55.564],[11.1205,55.57],[11.09,55.575],[11.074118,55.6],[11.061429,55.61],[11.091,55.61],[11.035,55.629286],[11.025,55.640469],[11.01,55.647027],[10.93,55.655098],[10.915,55.649178],[10.89,55.650167],[10.886184,55.655],[10.8924,55.67],[10.9,55.668571],[10.912273,55.675],[10.906739,55.68],[10.925,55.691533],[10.945,55.678932],[10.983793,55.67],[11.01,55.67387],[11.065,55.667606],[11.067576,55.67],[11.06,55.675765],[11.015,55.692881],[10.987439,55.72],[10.976778,55.725],[10.91,55.723495],[10.845,55.739265],[10.839111,55.745],[10.845,55.752263],[10.895,55.752],[10.97,55.76125],[11.005,55.748594],[11.02,55.751765],[11.055,55.744306],[11.08,55.748472],[11.151471,55.78],[11.14,55.78625],[11.13,55.778],[11.108889,55.79],[11.12,55.8],[11.135,55.7918],[11.145,55.792368],[11.16375,55.805],[11.141667,55.81],[11.155,55.817414],[11.166429,55.815],[11.161705,55.81],[11.176,55.8],[11.165,55.793023],[11.15,55.793421],[11.146286,55.79],[11.15,55.786286],[11.16,55.787963],[11.205,55.776481],[11.2075,55.77],[11.24,55.755],[11.245,55.7475],[11.26,55.757917],[11.27,55.757222],[11.2635,55.765],[11.267609,55.775],[11.263548,55.795],[11.306944,55.8],[11.3025,55.805],[11.30881,55.815],[11.3075,55.825],[11.274444,55.84],[11.303571,55.865],[11.31,55.868636],[11.345,55.863571],[11.36,55.869118],[11.385,55.866875],[11.398636,55.875],[11.39,55.879],[11.38,55.87625],[11.375,55.8825],[11.39,55.885],[11.42,55.901667],[11.457,55.905],[11.445,55.92],[11.44,55.913158],[11.43,55.92],[11.445,55.92],[11.445,55.9275],[11.43,55.930645],[11.42,55.925],[11.4,55.923333],[11.39625,55.93],[11.401,55.935],[11.393333,55.94],[11.36,55.94881],[11.355,55.955],[11.335,55.95],[11.315,55.96093],[11.28,55.966471],[11.26,55.980938],[11.248,55.99],[11.241364,56.025],[11.224375,56.06],[11.203507,56.08],[11.205,56.088065],[11.22,56.086574],[11.2237,56.09],[11.219167,56.095],[11.225,56.095155],[11.24,56.072115],[11.286905,56.035],[11.28527,56.02],[11.3,56.000909],[11.315,55.9916],[11.415,55.968061],[11.445,55.9672],[11.45,55.971333],[11.46,55.966818],[11.47,55.972875],[11.505,55.960962],[11.55,55.959797],[11.575,55.965313],[11.615,55.986136],[11.65,55.988182],[11.675,55.982],[11.685,55.991071],[11.695,55.991667],[11.705,56.006389],[11.73,56.01],[11.76,56.024375],[11.8,56.025],[11.835,56.004231],[11.857,56.0],[11.855,56.01625],[11.865,56.015],[11.875,56.025333],[11.89,56.015],[11.902143,56.035],[11.9,56.04],[11.92,56.038824],[11.92,56.044],[11.915,56.04],[11.915,56.045179],[11.925,56.042],[11.95,56.05],[11.945625,56.055],[11.95375,56.06],[11.965,56.06],[11.955333,56.055],[11.958333,56.05],[11.95375,56.045],[11.96,56.04375],[11.97,56.0495],[11.975,56.055],[11.9725,56.06],[11.98,56.064444],[11.99,56.0595],[12.005,56.075],[12.015,56.07],[12.02,56.07625],[12.03,56.074167],[12.03,56.06],[12.035,56.062],[12.04,56.054583],[12.045,56.063333],[12.06,56.064919],[12.095556,56.08],[12.115,56.095],[12.12,56.091111],[12.123889,56.095],[12.12,56.1],[12.14,56.101875],[12.155357,56.115],[12.17,56.114375],[12.21,56.128571],[12.235,56.128636],[12.255,56.136522],[12.265,56.133846],[12.28,56.14125],[12.295,56.138542],[12.2975,56.145],[12.288611,56.155],[12.295,56.1584],[12.3,56.151333],[12.305,56.156226],[12.335,56.140943],[12.345,56.143265],[12.365,56.13],[12.385,56.135],[12.4,56.122742],[12.445,56.10705],[12.465,56.106169],[12.55,56.085],[12.555,56.078987],[12.58,56.075365],[12.615,56.06],[12.625813,56.04],[12.609993,56.025],[12.597,56.0],[12.5725,55.97],[12.582895,55.94],[12.575909,55.935],[12.583571,55.91],[12.58,55.905833],[12.575,55.911698],[12.567632,55.91],[12.576,55.9],[12.572317,55.87],[12.605,55.838333],[12.613846,55.84],[12.615,55.845],[12.62,55.837708],[12.625,55.8425],[12.63,55.838571],[12.645,55.847167],[12.655,55.845],[12.66,55.835833],[12.668333,55.835],[12.66,55.83],[12.666,55.8],[12.6756,55.785],[12.65,55.745],[12.645,55.746739],[12.641923,55.745],[12.645,55.74],[12.635,55.74],[12.634991,55.72],[12.625263,55.715],[12.631528,55.71],[12.63,55.706857],[12.625,55.714762],[12.622209,55.705],[12.633472,55.695],[12.640984,55.68],[12.66,55.671829],[12.682692,55.645],[12.69,55.638462],[12.695,55.64],[12.695,55.625],[12.705,55.63],[12.71,55.6255],[12.714355,55.63],[12.692183,55.68],[12.69614,55.705],[12.71,55.730278],[12.73,55.736591],[12.755,55.736364],[12.775,55.7275],[12.78,55.732083],[12.795,55.722619],[12.805,55.72375],[12.81,55.714545],[12.815004,55.725],[12.695038,55.835],[12.690018,55.865],[12.675027,55.895],[12.655028,55.91],[12.645095,55.925],[12.65,55.984429],[12.639773,56.0],[12.640556,55.995],[12.65,55.99],[12.650027,56.02],[12.655041,56.025],[12.655135,56.04],[12.645,56.055131],[12.62,56.065049],[12.56,56.105094],[12.53,56.120076],[12.52,56.120075],[12.465,56.150072],[12.455,56.150072],[12.425,56.175069],[12.39,56.195068],[12.375,56.210069],[12.32,56.225072],[12.255,56.25008],[12.24,56.250081],[12.16,56.280096],[12.145,56.280097],[12.14,56.285099],[12.1,56.295109],[12.085107,56.305],[12.090107,56.335],[12.105106,56.37],[12.1051,56.385],[12.120097,56.42],[12.125108,56.45],[12.130108,56.455],[12.130098,56.47],[12.145121,56.505],[12.110013,56.555],[12.070072,56.6],[12.040091,56.645],[12.020102,56.665],[12.005114,56.69],[11.930087,56.78],[11.915078,56.805],[11.855129,56.875],[11.780158,56.975],[11.735163,57.025],[11.735217,57.03],[11.660146,57.12],[11.660131,57.125],[11.635182,57.15],[11.600134,57.2],[11.495194,57.325],[11.495235,57.33],[11.42522,57.41],[11.405191,57.44],[11.260189,57.59],[11.260186,57.595],[11.150139,57.705],[11.15014,57.71],[11.130142,57.725],[11.130144,57.73],[11.04,57.820181],[11.01,57.835209],[10.97,57.865325],[10.955,57.870373],[10.93,57.890454],[10.915,57.895483],[10.89,57.91558],[10.875,57.920603],[10.85,57.940681],[10.835,57.945704],[10.795,57.975778],[10.750772,58.0]]}},{"type":"Feature","properties":{"depth":10.0,"source":"DDM 2024 coarse contour","resolution":"0.005 degree sampled grid"},"geometry":{"type":"LineString","coordinates":[[12.146176,54.46],[12.14,54.456667],[12.133,54.46],[12.14,54.463171],[12.146176,54.46]]}},{"type":"Feature","properties":{"depth":10.0,"source":"DDM 2024 coarse contour","resolution":"0.005 degree sampled grid"},"geometry":{"type":"LineString","coordinates":[[16.2,55.425313],[16.165,55.430318],[16.16,55.435318],[16.14,55.435322],[16.115,55.445325],[16.1,55.445328],[16.095,55.450329],[16.075,55.450331],[16.05,55.460332],[16.03,55.460333],[16.025,55.465332],[16.01,55.465336],[15.985,55.475335],[15.965,55.475339],[15.94,55.485338],[15.92,55.485342],[15.895,55.495343],[15.875,55.495346],[15.87,55.500344],[15.835,55.50534],[15.83,55.510334],[15.81,55.51034],[15.805,55.515336],[15.77,55.520327],[15.765,55.525321],[15.745,55.525316],[15.74,55.530312],[15.685,55.540299],[15.68,55.545296],[15.66,55.545296],[15.655,55.550293],[15.64,55.550295],[15.615,55.56029],[15.595,55.560293],[15.57,55.570285],[15.555,55.570284],[15.55,55.575282],[15.53,55.575282],[15.505,55.58528],[15.485,55.585279],[15.48,55.590277],[15.425,55.600279],[15.42,55.60528],[15.4,55.605279],[15.375,55.61528],[15.355,55.615285],[15.35,55.620286],[15.335,55.620284],[15.31,55.630285],[15.29,55.630288],[15.265,55.640286],[15.245,55.640288],[15.24,55.645286],[15.205,55.650282],[15.18,55.660278],[15.16,55.660279],[15.135,55.67027],[15.115,55.670272],[15.11,55.675269],[15.07,55.680253],[15.065,55.685255],[15.04,55.690237],[14.97,55.640285],[14.955,55.6353],[14.915,55.605313],[14.9,55.600314],[14.83,55.550297],[14.815,55.545293],[14.73,55.485269],[14.715,55.480276],[14.585,55.390307],[14.57,55.385279],[14.45,55.305185],[14.355,55.230161],[14.335,55.220161],[14.035,54.995179],[13.994824,54.96],[14.03,54.934831],[14.06,54.904842],[14.09,54.88485],[14.17,54.814905],[14.41,54.814971],[14.414974,54.81],[14.414897,54.66],[14.63,54.539941],[14.645066,54.55],[14.675147,54.6],[14.69,54.614835],[14.71,54.614833],[14.715,54.609836],[14.76,54.604836],[14.765,54.599838],[14.785,54.599837],[14.79,54.594839],[14.815,54.594837],[14.82,54.589839],[14.885,54.584834],[14.89,54.579835],[14.93,54.57983],[14.935,54.574832],[14.985,54.574826],[14.99,54.569829],[15.155,54.569817],[15.16,54.574814],[15.225,54.574813],[15.23,54.579811],[15.255,54.579805],[15.26,54.584801],[15.305,54.589796],[15.34,54.604782],[15.355,54.604782],[15.375,54.614773],[15.39,54.614772],[15.425,54.62976],[15.435,54.629759],[15.44,54.634758],[15.46,54.634758],[15.485,54.644753],[15.505,54.644754],[15.53,54.65475],[15.545,54.65475],[15.55,54.659748],[15.57,54.659749],[15.595,54.669744],[15.635,54.674743],[15.655,54.68474],[15.665,54.684741],[15.71,54.719737],[15.76,54.749737],[15.79,54.779729],[15.820272,54.8],[15.870295,54.875],[15.970311,54.99],[15.960292,55.005],[15.960276,55.02],[15.955283,55.025],[15.95032,55.075],[15.945328,55.08],[15.945339,55.1],[15.940347,55.105],[15.940363,55.135],[16.01037,55.225],[16.020371,55.24],[16.020372,55.25],[16.04,55.259638],[16.06,55.259644],[16.065,55.264651],[16.085,55.264651],[16.09,55.269661],[16.13,55.274668],[16.135,55.279678],[16.155,55.279676],[16.16,55.284685],[16.2,55.289691]]}},{"type":"Feature","properties":{"depth":10.0,"source":"DDM 2024 coarse contour","resolution":"0.005 degree sampled grid"},"geometry":{"type":"LineString","coordinates":[[10.162361,55.66],[10.2,55.645638],[10.24,55.645132],[10.25,55.650284],[10.27,55.650658],[10.289091,55.635],[10.35,55.635283],[10.424,55.615],[10.4385,55.61],[10.43575,55.605],[10.44,55.603534],[10.445,55.607667],[10.455,55.599333],[10.46,55.603333],[10.466667,55.595],[10.463333,55.59],[10.48,55.577619],[10.525,55.560217],[10.575,55.533704],[10.585,55.538148],[10.605,55.534375],[10.606538,55.54],[10.6,55.55],[10.595,55.548333],[10.585,55.556667],[10.569545,55.56],[10.591316,55.57],[10.578649,55.615],[10.586429,55.63],[10.580833,55.635],[10.59,55.637381],[10.6,55.629474],[10.624245,55.655],[10.63,55.655165],[10.635882,55.65],[10.630417,55.64],[10.641962,55.63],[10.642609,55.62],[10.669643,55.595],[10.685,55.565694],[10.713448,55.54],[10.72,55.528684],[10.735,55.53],[10.73,55.538333],[10.76,55.523152],[10.7725,55.53],[10.785,55.526905],[10.795,55.530682],[10.80175,55.52],[10.817089,55.51],[10.815,55.499805],[10.782667,55.49],[10.78,55.47413],[10.76,55.477708],[10.757593,55.475],[10.764615,55.47],[10.755357,55.465],[10.765,55.463333],[10.77,55.46875],[10.771837,55.465],[10.765,55.453382],[10.757545,55.455],[10.75,55.474107],[10.74,55.468171],[10.682222,55.46],[10.678103,55.45],[10.775,55.398421],[10.781296,55.385],[10.822969,55.35],[10.858926,55.295],[10.855,55.28],[10.845,55.2787],[10.825,55.282031],[10.805,55.293026],[10.802195,55.29],[10.840793,55.26],[10.8225,55.25],[10.827736,55.24],[10.819468,55.22],[10.825303,55.185],[10.83,55.18],[10.841875,55.18],[10.838939,55.175],[10.845,55.172333],[10.845952,55.165],[10.831875,55.16],[10.823056,55.135],[10.805,55.116071],[10.795,55.12],[10.78,55.096429],[10.750833,55.065],[10.737258,55.025],[10.71,55.015],[10.73,55.01],[10.77,55.014],[10.79,55.002083],[10.8,55.013542],[10.805,55.009667],[10.81,55.01425],[10.815,55.035],[10.82,55.032973],[10.836923,55.05],[10.835455,55.055],[10.841587,55.06],[10.861528,55.12],[10.861591,55.15],[10.872807,55.18],[10.869821,55.19],[10.875385,55.195],[10.869302,55.2],[10.874,55.205],[10.872468,55.22],[10.88,55.2434],[10.888469,55.25],[10.884595,55.255],[10.89,55.258837],[10.9,55.257321],[10.91,55.265853],[10.9144,55.265],[10.915,55.259028],[10.92087,55.26],[10.92,55.2655],[10.925969,55.26],[10.915,55.243478],[10.913507,55.23],[10.896875,55.195],[10.88931,55.125],[10.896028,55.13],[10.897632,55.14],[10.925,55.164268],[10.931867,55.18],[10.943472,55.185],[10.945,55.190244],[10.96,55.189444],[10.97,55.177683],[10.975,55.185703],[10.985,55.185811],[10.99,55.195],[11.008889,55.19],[11.0075,55.185],[10.990179,55.175],[10.956989,55.125],[10.953636,55.115],[10.957459,55.1],[10.9522,55.09],[10.955278,55.08],[10.937115,55.06],[10.94,55.055833],[10.945,55.06],[10.947812,55.055],[10.94,55.049432],[10.935,55.058625],[10.928507,55.05],[10.931351,55.035],[10.915,55.01575],[10.918,55.01],[10.914677,55.005],[10.848462,54.94],[10.805,54.848095],[10.79,54.825],[10.784746,54.825],[10.785,54.816875],[10.79,54.825],[10.7905,54.82],[10.780227,54.81],[10.775294,54.785],[10.768659,54.78],[10.754828,54.745],[10.725,54.705357],[10.68,54.711167],[10.66,54.726207],[10.654492,54.735],[10.6552,54.755],[10.640577,54.78],[10.645463,54.8],[10.625,54.816049],[10.58,54.832885],[10.552097,54.835],[10.550652,54.82],[10.555,54.815],[10.55,54.8125],[10.541923,54.815],[10.535,54.824444],[10.51,54.832187],[10.49,54.834286],[10.475,54.829625],[10.465,54.835333],[10.435,54.809014],[10.405,54.804545],[10.395,54.812727],[10.38,54.815417],[10.315,54.872809],[10.28,54.887965],[10.234244,54.92],[10.228941,54.925],[10.235517,54.93],[10.231273,54.94],[10.203846,54.96],[10.198041,54.97],[10.205,54.985741],[10.21,54.9875],[10.208462,54.98],[10.225,54.97123],[10.225,54.964757],[10.235,54.956611],[10.259167,54.945],[10.29,54.942112],[10.334919,54.915],[10.34,54.906],[10.345,54.911429],[10.35,54.91],[10.3405,54.905],[10.345,54.902787],[10.375,54.894811],[10.39,54.89987],[10.388936,54.91],[10.381222,54.915],[10.385,54.918434],[10.42,54.904604],[10.43,54.9075],[10.445,54.904342],[10.4548,54.91],[10.445,54.912329],[10.43,54.927647],[10.414104,54.93],[10.409464,54.94],[10.421944,54.945],[10.42375,54.95],[10.416667,54.96],[10.375,54.957838],[10.37,54.965],[10.35,54.970373],[10.34122,54.965],[10.340405,54.98],[10.331,54.985],[10.348421,54.99],[10.34,54.995385],[10.281786,55.015],[10.255,55.015073],[10.232118,55.025],[10.227078,55.035],[10.25,55.044954],[10.285,55.02378],[10.305,55.023409],[10.315,55.017922],[10.335,55.019987],[10.355,55.003066],[10.361,55.005],[10.37,55.020816],[10.415,55.0148],[10.47,55.0248],[10.503333,55.015],[10.505,55.004024],[10.51,55.014038],[10.525,55.015833],[10.534,55.025],[10.5,55.025025],[10.47,55.037756],[10.395,55.03259],[10.365,55.041102],[10.325,55.032007],[10.315,55.04],[10.305,55.039545],[10.301364,55.045],[10.304107,55.055],[10.312927,55.06],[10.295,55.062326],[10.285,55.068611],[10.279867,55.055],[10.285484,55.05],[10.28,55.047063],[10.245,55.057097],[10.225,55.047441],[10.2,55.057906],[10.182031,55.075],[10.165,55.075029],[10.13,55.086513],[10.08,55.073125],[10.066404,55.075],[10.06,55.08],[10.06344,55.085],[10.06,55.102083],[10.032632,55.11],[10.025,55.116833],[9.995,55.123727],[9.945,55.125],[9.965,55.1335],[9.962656,55.14],[9.975789,55.145],[9.977105,55.15],[9.954902,55.16],[9.95,55.165],[9.954286,55.17],[9.945833,55.175],[9.961111,55.175],[9.963804,55.18],[9.959032,55.19],[9.980577,55.205],[9.965,55.211571],[9.95,55.209778],[9.93,55.215005],[9.905,55.227841],[9.87,55.213684],[9.86,55.22303],[9.848167,55.225],[9.853804,55.235],[9.85,55.241765],[9.835,55.233092],[9.825,55.238125],[9.818448,55.235],[9.811224,55.245],[9.81369,55.25],[9.8335,55.26],[9.829292,55.265],[9.85,55.278939],[9.852551,55.27],[9.8598,55.27],[9.86087,55.28],[9.869,55.29],[9.875,55.286807],[9.881919,55.295],[9.882333,55.315],[9.86,55.338154],[9.845,55.345848],[9.775,55.363533],[9.770536,55.375],[9.775,55.381795],[9.7875,55.385],[9.802143,55.4],[9.775,55.402424],[9.764091,55.41],[9.77,55.418095],[9.7975,55.42],[9.801094,55.425],[9.75,55.427124],[9.735,55.432733],[9.714375,55.465],[9.725,55.477233],[9.735,55.471892],[9.725,55.490008],[9.705,55.490062],[9.715,55.489958],[9.719955,55.48],[9.71,55.472727],[9.695,55.47011],[9.67227,55.495],[9.675,55.503097],[9.682635,55.5],[9.683744,55.505],[9.670962,55.515],[9.68,55.519977],[9.7,55.519869],[9.721988,55.51],[9.748739,55.51],[9.765,55.528577],[9.757414,55.545],[9.785,55.548889],[9.825,55.563333],[9.856176,55.555],[9.86,55.531],[9.87,55.52375],[9.935,55.519672],[9.967143,55.535],[9.977619,55.545],[9.9775,55.565],[9.984062,55.57],[9.98,55.575],[9.995,55.573269],[10.02,55.586714],[10.025,55.582927],[10.04,55.588095],[10.055,55.582353],[10.06,55.6],[10.070313,55.6],[10.068333,55.605],[10.08975,55.62],[10.096818,55.635],[10.12,55.637246],[10.133214,55.63],[10.135,55.622619],[10.14913,55.635],[10.135,55.63925],[10.1345,55.645],[10.162361,55.66]]}},{"type":"Feature","properties":{"depth":10.0,"source":"DDM 2024 coarse contour","resolution":"0.005 degree sampled grid"},"geometry":{"type":"LineString","coordinates":[[10.446875,54.76],[10.45069,54.755],[10.448235,54.745],[10.44,54.737105],[10.42,54.73617],[10.401875,54.745],[10.431,54.75],[10.41,54.755],[10.42,54.76],[10.446875,54.76]]}},{"type":"Feature","properties":{"depth":10.0,"source":"DDM 2024 coarse contour","resolution":"0.005 degree sampled grid"},"geometry":{"type":"LineString","coordinates":[[10.560431,54.775],[10.545,54.770156],[10.538095,54.775],[10.560431,54.775]]}},{"type":"Feature","properties":{"depth":10.0,"source":"DDM 2024 coarse contour","resolution":"0.005 degree sampled grid"},"geometry":{"type":"LineString","coordinates":[[10.032778,54.845],[10.059667,54.835],[10.076389,54.82],[10.073571,54.8],[10.068542,54.795],[10.074444,54.79],[10.072,54.785],[10.03,54.789348],[10.015,54.806479],[9.98625,54.81],[10.009667,54.835],[10.0054,54.84],[10.015,54.846353],[10.032778,54.845]]}},{"type":"Feature","properties":{"depth":10.0,"source":"DDM 2024 coarse contour","resolution":"0.005 degree sampled grid"},"geometry":{"type":"LineString","coordinates":[[10.02,54.825806],[10.01,54.828571],[10.007059,54.82],[10.02,54.819082],[10.02,54.825806]]}},{"type":"Feature","properties":{"depth":10.0,"source":"DDM 2024 coarse contour","resolution":"0.005 degree sampled grid"},"geometry":{"type":"LineString","coordinates":[[9.47,54.838636],[9.447424,54.835],[9.47,54.834965],[9.47,54.838636]]}},{"type":"Feature","properties":{"depth":10.0,"source":"DDM 2024 coarse contour","resolution":"0.005 degree sampled grid"},"geometry":{"type":"LineString","coordinates":[[9.49,54.844104],[9.474355,54.84],[9.49,54.839973],[9.49,54.844104]]}},{"type":"Feature","properties":{"depth":10.0,"source":"DDM 2024 coarse contour","resolution":"0.005 degree sampled grid"},"geometry":{"type":"LineString","coordinates":[[9.792231,54.85],[9.795972,54.845],[9.79,54.839737],[9.7812,54.84],[9.785,54.85431],[9.792231,54.85]]}},{"type":"Feature","properties":{"depth":10.0,"source":"DDM 2024 coarse contour","resolution":"0.005 degree sampled grid"},"geometry":{"type":"LineString","coordinates":[[10.277143,54.85],[10.26,54.847],[10.257805,54.85],[10.277143,54.85]]}},{"type":"Feature","properties":{"depth":10.0,"source":"DDM 2024 coarse contour","resolution":"0.005 degree sampled grid"},"geometry":{"type":"LineString","coordinates":[[9.63,54.88266],[9.61498,54.865],[9.615,54.861204],[9.623077,54.86],[9.61,54.860026],[9.605,54.854968],[9.629821,54.855],[9.6275,54.865],[9.638563,54.875],[9.63,54.88266]]}},{"type":"Feature","properties":{"depth":10.0,"source":"DDM 2024 coarse contour","resolution":"0.005 degree sampled grid"},"geometry":{"type":"LineString","coordinates":[[9.850139,54.86],[9.862375,54.855],[9.84,54.851949],[9.837534,54.855],[9.837041,54.86],[9.850139,54.86]]}},{"type":"Feature","properties":{"depth":10.0,"source":"DDM 2024 coarse contour","resolution":"0.005 degree sampled grid"},"geometry":{"type":"LineString","coordinates":[[12.145,54.880009],[12.136262,54.88],[12.15,54.871424],[12.16,54.875],[12.145,54.880009]]}},{"type":"Feature","properties":{"depth":10.0,"source":"DDM 2024 coarse contour","resolution":"0.005 degree sampled grid"},"geometry":{"type":"LineString","coordinates":[[9.615,54.88625],[9.604991,54.885],[9.62,54.885],[9.615,54.88625]]}},{"type":"Feature","properties":{"depth":10.0,"source":"DDM 2024 coarse contour","resolution":"0.005 degree sampled grid"},"geometry":{"type":"LineString","coordinates":[[11.915,54.965154],[11.9,54.965417],[11.913571,54.96],[11.902019,54.955],[11.975,54.939948],[12.005,54.904457],[12.05,54.8955],[12.08,54.897629],[12.12,54.889965],[12.135,54.881144],[12.13,54.890019],[12.095,54.902319],[12.035,54.902944],[12.015,54.909062],[11.975,54.948465],[11.915,54.965154]]}},{"type":"Feature","properties":{"depth":10.0,"source":"DDM 2024 coarse contour","resolution":"0.005 degree sampled grid"},"geometry":{"type":"LineString","coordinates":[[11.38,54.926017],[11.373636,54.925],[11.384,54.92],[11.38,54.926017]]}},{"type":"Feature","properties":{"depth":10.0,"source":"DDM 2024 coarse contour","resolution":"0.005 degree sampled grid"},"geometry":{"type":"LineString","coordinates":[[11.36,54.950591],[11.355,54.95375],[11.352,54.95],[11.36,54.937857],[11.365,54.94],[11.361667,54.935],[11.365,54.93119],[11.36,54.950591]]}},{"type":"Feature","properties":{"depth":10.0,"source":"DDM 2024 coarse contour","resolution":"0.005 degree sampled grid"},"geometry":{"type":"LineString","coordinates":[[10.45,54.958056],[10.44,54.947182],[10.43,54.949014],[10.425809,54.945],[10.445,54.942982],[10.462544,54.95],[10.45,54.958056]]}},{"type":"Feature","properties":{"depth":10.0,"source":"DDM 2024 coarse contour","resolution":"0.005 degree sampled grid"},"geometry":{"type":"LineString","coordinates":[[11.895,54.963519],[11.881897,54.96],[11.895,54.955],[11.898016,54.96],[11.895,54.963519]]}},{"type":"Feature","properties":{"depth":10.0,"source":"DDM 2024 coarse contour","resolution":"0.005 degree sampled grid"},"geometry":{"type":"LineString","coordinates":[[11.84,54.992059],[11.835625,54.99],[11.837273,54.985],[11.858725,54.965],[11.87,54.961455],[11.87725,54.965],[11.867727,54.97],[11.876481,54.975],[11.84,54.992059]]}},{"type":"Feature","properties":{"depth":10.0,"source":"DDM 2024 coarse contour","resolution":"0.005 degree sampled grid"},"geometry":{"type":"LineString","coordinates":[[11.046296,54.98],[11.04,54.972],[11.036,54.975],[11.046296,54.98]]}},{"type":"Feature","properties":{"depth":10.0,"source":"DDM 2024 coarse contour","resolution":"0.005 degree sampled grid"},"geometry":{"type":"LineString","coordinates":[[10.306429,54.99],[10.313611,54.985],[10.305,54.97629],[10.306429,54.99]]}},{"type":"Feature","properties":{"depth":10.0,"source":"DDM 2024 coarse contour","resolution":"0.005 degree sampled grid"},"geometry":{"type":"LineString","coordinates":[[14.775672,55.3],[14.8,55.284965],[14.831,55.255],[14.865,55.244963],[14.888515,55.23],[14.925,55.222482],[14.938511,55.215],[14.957143,55.215],[14.965,55.219956],[15.022123,55.18],[15.104135,55.15],[15.145,55.144918],[15.155,55.1332],[15.156763,55.125],[15.15,55.114778],[15.151759,55.1],[15.159941,55.085],[15.146709,55.07],[15.145,55.0575],[15.1287,55.045],[15.13,55.04],[15.148636,55.035],[15.137963,55.025],[15.133235,55.01],[15.102115,54.99],[15.08,54.982661],[15.01,54.988226],[14.985,54.995984],[14.955,54.9952],[14.927059,55.01],[14.91,55.009231],[14.905,55.004872],[14.875,55.021154],[14.87,55.015],[14.855,55.019412],[14.845,55.015],[14.848636,55.02],[14.845,55.024],[14.83,55.018448],[14.805,55.0284],[14.77,55.050568],[14.73,55.063864],[14.725,55.070566],[14.695,55.078246],[14.688654,55.085],[14.690004,55.09],[14.677439,55.1],[14.689412,55.115],[14.68,55.117027],[14.675,55.113333],[14.6775,55.12],[14.673523,55.125],[14.68,55.132095],[14.695,55.128542],[14.701429,55.135],[14.700467,55.145],[14.6898,55.145],[14.699615,55.17],[14.695133,55.18],[14.696319,55.2],[14.707949,55.225],[14.749293,55.27],[14.750037,55.29],[14.765,55.29999],[14.775672,55.3]]}},{"type":"Feature","properties":{"depth":10.0,"source":"DDM 2024 coarse contour","resolution":"0.005 degree sampled grid"},"geometry":{"type":"LineString","coordinates":[[11.095,55.0014],[11.087222,55.0],[11.095,54.994667],[11.095,55.0014]]}},{"type":"Feature","properties":{"depth":10.0,"source":"DDM 2024 coarse contour","resolution":"0.005 degree sampled grid"},"geometry":{"type":"LineString","coordinates":[[11.845,55.005238],[11.84,55.009655],[11.83686,55.005],[11.845,54.997193],[11.849571,55.0],[11.845,55.005238]]}},{"type":"Feature","properties":{"depth":10.0,"source":"DDM 2024 coarse contour","resolution":"0.005 degree sampled grid"},"geometry":{"type":"LineString","coordinates":[[11.74,55.005769],[11.725,55.008667],[11.7075,55.005],[11.74,55.005769]]}},{"type":"Feature","properties":{"depth":10.0,"source":"DDM 2024 coarse contour","resolution":"0.005 degree sampled grid"},"geometry":{"type":"LineString","coordinates":[[10.149972,55.065],[10.16,55.053173],[10.19723,55.05],[10.1965,55.035],[10.2,55.030116],[10.215,55.027867],[10.225294,55.01],[10.215,55.007128],[10.19,55.028077],[10.187875,55.02],[10.195,55.009737],[10.18,55.019189],[10.1347,55.025],[10.115,55.04352],[10.095,55.039875],[10.083846,55.045],[10.1,55.049189],[10.105,55.0602],[10.138265,55.065],[10.145,55.069933],[10.149972,55.065]]}},{"type":"Feature","properties":{"depth":10.0,"source":"DDM 2024 coarse contour","resolution":"0.005 degree sampled grid"},"geometry":{"type":"LineString","coordinates":[[11.61337,55.05],[11.63,55.033182],[11.645,55.036622],[11.658158,55.03],[11.658947,55.025],[11.65,55.018492],[11.625,55.017917],[11.61,55.011429],[11.601833,55.015],[11.6075,55.035],[11.595,55.03],[11.575,55.034231],[11.5695,55.03],[11.574333,55.035],[11.57,55.043333],[11.575,55.036176],[11.583333,55.045],[11.575,55.05],[11.585,55.045789],[11.595,55.051207],[11.61337,55.05]]}},{"type":"Feature","properties":{"depth":10.0,"source":"DDM 2024 coarse contour","resolution":"0.005 degree sampled grid"},"geometry":{"type":"LineString","coordinates":[[11.815,55.021484],[11.801818,55.02],[11.815,55.015781],[11.818214,55.02],[11.815,55.021484]]}},{"type":"Feature","properties":{"depth":10.0,"source":"DDM 2024 coarse contour","resolution":"0.005 degree sampled grid"},"geometry":{"type":"LineString","coordinates":[[11.76,55.040192],[11.726,55.04],[11.73,55.035385],[11.755,55.036818],[11.8,55.021364],[11.802192,55.025],[11.76,55.040192]]}},{"type":"Feature","properties":{"depth":10.0,"source":"DDM 2024 coarse contour","resolution":"0.005 degree sampled grid"},"geometry":{"type":"LineString","coordinates":[[8.395,55.075238],[8.38625,55.07],[8.415,55.069964],[8.42,55.064939],[8.44,55.064909],[8.445,55.059942],[8.465,55.059888],[8.475,55.054899],[8.481589,55.04],[8.475,55.029127],[8.494805,55.04],[8.49,55.060495],[8.395,55.075238]]}},{"type":"Feature","properties":{"depth":10.0,"source":"DDM 2024 coarse contour","resolution":"0.005 degree sampled grid"},"geometry":{"type":"LineString","coordinates":[[10.545,55.031019],[10.531857,55.03],[10.535,55.02551],[10.545,55.031019]]}},{"type":"Feature","properties":{"depth":10.0,"source":"DDM 2024 coarse contour","resolution":"0.005 degree sampled grid"},"geometry":{"type":"LineString","coordinates":[[14.815,55.040325],[14.80625,55.04],[14.81,55.035],[14.82,55.035],[14.817917,55.03],[14.825,55.027821],[14.825,55.032833],[14.815,55.040325]]}},{"type":"Feature","properties":{"depth":10.0,"source":"DDM 2024 coarse contour","resolution":"0.005 degree sampled grid"},"geometry":{"type":"LineString","coordinates":[[11.545789,55.04],[11.535,55.030357],[11.530357,55.035],[11.535,55.040833],[11.545789,55.04]]}},{"type":"Feature","properties":{"depth":10.0,"source":"DDM 2024 coarse contour","resolution":"0.005 degree sampled grid"},"geometry":{"type":"LineString","coordinates":[[14.71625,55.05],[14.705,55.038833],[14.687308,55.05],[14.69,55.052365],[14.705,55.041667],[14.71625,55.05]]}},{"type":"Feature","properties":{"depth":10.0,"source":"DDM 2024 coarse contour","resolution":"0.005 degree sampled grid"},"geometry":{"type":"LineString","coordinates":[[9.946348,55.065],[9.967609,55.045],[9.945,55.054041],[9.940273,55.05],[9.942241,55.045],[9.93,55.044311],[9.915,55.054902],[9.906429,55.055],[9.925,55.05275],[9.925455,55.06],[9.946348,55.065]]}},{"type":"Feature","properties":{"depth":10.0,"source":"DDM 2024 coarse contour","resolution":"0.005 degree sampled grid"},"geometry":{"type":"LineString","coordinates":[[11.195,55.065909],[11.189773,55.065],[11.185,55.045],[11.19,55.044167],[11.204667,55.06],[11.195,55.065909]]}},{"type":"Feature","properties":{"depth":10.0,"source":"DDM 2024 coarse contour","resolution":"0.005 degree sampled grid"},"geometry":{"type":"LineString","coordinates":[[11.534167,55.06],[11.542,55.055],[11.54,55.046818],[11.524118,55.055],[11.53,55.062465],[11.534167,55.06]]}},{"type":"Feature","properties":{"depth":10.0,"source":"DDM 2024 coarse contour","resolution":"0.005 degree sampled grid"},"geometry":{"type":"LineString","coordinates":[[11.22,55.07],[11.213,55.065],[11.22,55.056111],[11.228611,55.06],[11.220263,55.065],[11.22,55.07]]}},{"type":"Feature","properties":{"depth":10.0,"source":"DDM 2024 coarse contour","resolution":"0.005 degree sampled grid"},"geometry":{"type":"LineString","coordinates":[[11.66,55.065854],[11.651591,55.065],[11.66,55.056944],[11.66,55.065854]]}},{"type":"Feature","properties":{"depth":10.0,"source":"DDM 2024 coarse contour","resolution":"0.005 degree sampled grid"},"geometry":{"type":"LineString","coordinates":[[11.175,55.0829],[11.164,55.08],[11.17,55.061111],[11.178864,55.065],[11.174773,55.075],[11.178919,55.08],[11.175,55.0829]]}},{"type":"Feature","properties":{"depth":10.0,"source":"DDM 2024 coarse contour","resolution":"0.005 degree sampled grid"},"geometry":{"type":"LineString","coordinates":[[9.906094,55.085],[9.895,55.078893],[9.890385,55.085],[9.906094,55.085]]}},{"type":"Feature","properties":{"depth":10.0,"source":"DDM 2024 coarse contour","resolution":"0.005 degree sampled grid"},"geometry":{"type":"LineString","coordinates":[[11.410667,55.08],[11.38875,55.08],[11.405,55.083542],[11.410667,55.08]]}},{"type":"Feature","properties":{"depth":10.0,"source":"DDM 2024 coarse contour","resolution":"0.005 degree sampled grid"},"geometry":{"type":"LineString","coordinates":[[11.477381,55.11],[11.51,55.109127],[11.540833,55.1],[11.527273,55.095],[11.53234,55.09],[11.525,55.087013],[11.5,55.08871],[11.475,55.0816],[11.45,55.083519],[11.445,55.079818],[11.433265,55.085],[11.432222,55.09],[11.455,55.092111],[11.463571,55.1],[11.4506,55.105],[11.45,55.11],[11.46,55.113269],[11.477381,55.11]]}},{"type":"Feature","properties":{"depth":10.0,"source":"DDM 2024 coarse contour","resolution":"0.005 degree sampled grid"},"geometry":{"type":"LineString","coordinates":[[11.185,55.092647],[11.179167,55.09],[11.18,55.081818],[11.185,55.092647]]}},{"type":"Feature","properties":{"depth":10.0,"source":"DDM 2024 coarse contour","resolution":"0.005 degree sampled grid"},"geometry":{"type":"LineString","coordinates":[[12.399444,55.125],[12.405,55.1185],[12.41,55.121667],[12.415,55.112941],[12.44,55.120227],[12.445,55.114615],[12.45,55.12],[12.46,55.120357],[12.461875,55.105],[12.468182,55.1],[12.45,55.091667],[12.435,55.095],[12.415,55.089583],[12.405,55.098889],[12.404545,55.11],[12.395,55.119667],[12.39407,55.125],[12.399444,55.125]]}},{"type":"Feature","properties":{"depth":10.0,"source":"DDM 2024 coarse contour","resolution":"0.005 degree sampled grid"},"geometry":{"type":"LineString","coordinates":[[9.890652,55.125],[9.907614,55.12],[9.900556,55.115],[9.905,55.10875],[9.931081,55.1],[9.908913,55.1],[9.893478,55.11],[9.89,55.12875],[9.890652,55.125]]}},{"type":"Feature","properties":{"depth":10.0,"source":"DDM 2024 coarse contour","resolution":"0.005 degree sampled grid"},"geometry":{"type":"LineString","coordinates":[[11.48,55.100556],[11.465909,55.1],[11.484286,55.1],[11.48,55.100556]]}},{"type":"Feature","properties":{"depth":10.0,"source":"DDM 2024 coarse contour","resolution":"0.005 degree sampled grid"},"geometry":{"type":"LineString","coordinates":[[10.075,55.109375],[10.060946,55.105],[10.065,55.10125],[10.075,55.103521],[10.075,55.109375]]}},{"type":"Feature","properties":{"depth":10.0,"source":"DDM 2024 coarse contour","resolution":"0.005 degree sampled grid"},"geometry":{"type":"LineString","coordinates":[[11.391392,55.12],[11.38569,55.115],[11.385,55.104468],[11.35,55.104178],[11.344211,55.11],[11.391392,55.12]]}},{"type":"Feature","properties":{"depth":10.0,"source":"DDM 2024 coarse contour","resolution":"0.005 degree sampled grid"},"geometry":{"type":"LineString","coordinates":[[9.568476,55.13],[9.585889,55.125],[9.596667,55.115],[9.595565,55.11],[9.555,55.110071],[9.543,55.12],[9.55,55.134947],[9.568476,55.13]]}},{"type":"Feature","properties":{"depth":10.0,"source":"DDM 2024 coarse contour","resolution":"0.005 degree sampled grid"},"geometry":{"type":"LineString","coordinates":[[10.06,55.125267],[10.049423,55.125],[10.055,55.125],[10.06,55.11413],[10.065,55.12],[10.075,55.1105],[10.07875,55.115],[10.06,55.125267]]}},{"type":"Feature","properties":{"depth":10.0,"source":"DDM 2024 coarse contour","resolution":"0.005 degree sampled grid"},"geometry":{"type":"LineString","coordinates":[[11.471667,55.12],[11.46,55.1168],[11.433333,55.12],[11.45,55.123333],[11.471667,55.12]]}},{"type":"Feature","properties":{"depth":10.0,"source":"DDM 2024 coarse contour","resolution":"0.005 degree sampled grid"},"geometry":{"type":"LineString","coordinates":[[9.686061,55.135],[9.689,55.13],[9.668333,55.13],[9.686061,55.135]]}},{"type":"Feature","properties":{"depth":10.0,"source":"DDM 2024 coarse contour","resolution":"0.005 degree sampled grid"},"geometry":{"type":"LineString","coordinates":[[10.115,55.167143],[10.097174,55.15],[10.125,55.159773],[10.115,55.167143]]}},{"type":"Feature","properties":{"depth":10.0,"source":"DDM 2024 coarse contour","resolution":"0.005 degree sampled grid"},"geometry":{"type":"LineString","coordinates":[[11.586842,55.155],[11.59,55.14975],[11.580625,55.155],[11.586842,55.155]]}},{"type":"Feature","properties":{"depth":10.0,"source":"DDM 2024 coarse contour","resolution":"0.005 degree sampled grid"},"geometry":{"type":"LineString","coordinates":[[11.153462,55.28],[11.179194,55.275],[11.195,55.265419],[11.195328,55.235],[11.201179,55.22],[11.21,55.209394],[11.238952,55.195],[11.25,55.181866],[11.27,55.174375],[11.27,55.168793],[11.265,55.17425],[11.26,55.1575],[11.235,55.154426],[11.195,55.188025],[11.17,55.198683],[11.146795,55.2],[11.150085,55.205],[11.145,55.211308],[11.135,55.199101],[11.113864,55.205],[11.125,55.206933],[11.13,55.202845],[11.130641,55.21],[11.141129,55.215],[11.13,55.217619],[11.123385,55.225],[11.13,55.224167],[11.13,55.233788],[11.1015,55.26],[11.11,55.2695],[11.125,55.260667],[11.132273,55.27],[11.129375,55.275],[11.14,55.281719],[11.153462,55.28]]}},{"type":"Feature","properties":{"depth":10.0,"source":"DDM 2024 coarse contour","resolution":"0.005 degree sampled grid"},"geometry":{"type":"LineString","coordinates":[[9.707143,55.165],[9.7,55.159801],[9.697708,55.165],[9.707143,55.165]]}},{"type":"Feature","properties":{"depth":10.0,"source":"DDM 2024 coarse contour","resolution":"0.005 degree sampled grid"},"geometry":{"type":"LineString","coordinates":[[11.477692,55.16],[11.47,55.155],[11.457,55.16],[11.477692,55.16]]}},{"type":"Feature","properties":{"depth":10.0,"source":"DDM 2024 coarse contour","resolution":"0.005 degree sampled grid"},"geometry":{"type":"LineString","coordinates":[[12.36,55.17],[12.355,55.1625],[12.34,55.158],[12.309459,55.165],[12.335,55.1725],[12.36,55.17]]}},{"type":"Feature","properties":{"depth":10.0,"source":"DDM 2024 coarse contour","resolution":"0.005 degree sampled grid"},"geometry":{"type":"LineString","coordinates":[[8.247368,55.215],[8.215,55.191071],[8.204167,55.19],[8.183333,55.165],[8.155,55.164237],[8.121,55.18],[8.15,55.184286],[8.155,55.1925],[8.195,55.199687],[8.205,55.206957],[8.22,55.207128],[8.24,55.217273],[8.247368,55.215]]}},{"type":"Feature","properties":{"depth":10.0,"source":"DDM 2024 coarse contour","resolution":"0.005 degree sampled grid"},"geometry":{"type":"LineString","coordinates":[[9.575,55.171393],[9.565,55.172881],[9.548214,55.165],[9.57,55.160972],[9.575,55.171393]]}},{"type":"Feature","properties":{"depth":10.0,"source":"DDM 2024 coarse contour","resolution":"0.005 degree sampled grid"},"geometry":{"type":"LineString","coordinates":[[12.165,55.188596],[12.131471,55.18],[12.119423,55.17],[12.135,55.162143],[12.14,55.178646],[12.169556,55.185],[12.165,55.188596]]}},{"type":"Feature","properties":{"depth":10.0,"source":"DDM 2024 coarse contour","resolution":"0.005 degree sampled grid"},"geometry":{"type":"LineString","coordinates":[[9.901765,55.215],[9.913254,55.205],[9.898571,55.195],[9.889268,55.21],[9.895,55.21697],[9.901765,55.215]]}},{"type":"Feature","properties":{"depth":10.0,"source":"DDM 2024 coarse contour","resolution":"0.005 degree sampled grid"},"geometry":{"type":"LineString","coordinates":[[11.028,55.2],[11.015,55.1916],[11.015,55.197237],[11.028,55.2]]}},{"type":"Feature","properties":{"depth":10.0,"source":"DDM 2024 coarse contour","resolution":"0.005 degree sampled grid"},"geometry":{"type":"LineString","coordinates":[[9.822674,55.21],[9.821,55.205],[9.829,55.2],[9.815,55.19973],[9.806607,55.205],[9.815,55.2115],[9.822674,55.21]]}},{"type":"Feature","properties":{"depth":10.0,"source":"DDM 2024 coarse contour","resolution":"0.005 degree sampled grid"},"geometry":{"type":"LineString","coordinates":[[10.82,55.275],[10.815833,55.265],[10.82,55.259535],[10.82,55.275]]}},{"type":"Feature","properties":{"depth":10.0,"source":"DDM 2024 coarse contour","resolution":"0.005 degree sampled grid"},"geometry":{"type":"LineString","coordinates":[[11.126447,55.285],[11.1125,55.275],[11.115,55.282763],[11.126447,55.285]]}},{"type":"Feature","properties":{"depth":10.0,"source":"DDM 2024 coarse contour","resolution":"0.005 degree sampled grid"},"geometry":{"type":"LineString","coordinates":[[9.735,55.297935],[9.73097,55.295],[9.735,55.282308],[9.738611,55.29],[9.735,55.297935]]}},{"type":"Feature","properties":{"depth":10.0,"source":"DDM 2024 coarse contour","resolution":"0.005 degree sampled grid"},"geometry":{"type":"LineString","coordinates":[[9.73,55.3074],[9.717778,55.305],[9.73,55.296857],[9.734615,55.305],[9.73,55.3074]]}},{"type":"Feature","properties":{"depth":10.0,"source":"DDM 2024 coarse contour","resolution":"0.005 degree sampled grid"},"geometry":{"type":"LineString","coordinates":[[8.435,55.307727],[8.42125,55.305],[8.436765,55.305],[8.435,55.307727]]}},{"type":"Feature","properties":{"depth":10.0,"source":"DDM 2024 coarse contour","resolution":"0.005 degree sampled grid"},"geometry":{"type":"LineString","coordinates":[[10.997,55.35],[11.005,55.3425],[11.015,55.344998],[11.019967,55.34],[11.006184,55.335],[11.005,55.329123],[10.996852,55.33],[10.995732,55.325],[11.003409,55.315],[10.991,55.315],[10.99,55.309915],[10.965,55.304348],[10.926829,55.32],[10.95,55.342143],[10.96,55.341111],[10.98,55.351613],[10.997,55.35]]}},{"type":"Feature","properties":{"depth":10.0,"source":"DDM 2024 coarse contour","resolution":"0.005 degree sampled grid"},"geometry":{"type":"LineString","coordinates":[[15.175145,55.33],[15.19498,55.32],[15.185,55.315271],[15.175,55.320119],[15.167241,55.33],[15.175145,55.33]]}},{"type":"Feature","properties":{"depth":10.0,"source":"DDM 2024 coarse contour","resolution":"0.005 degree sampled grid"},"geometry":{"type":"LineString","coordinates":[[7.475833,55.59],[7.55,55.568525],[7.565,55.570455],[7.586667,55.56],[7.595,55.569333],[7.615,55.564545],[7.68,55.572917],[7.725,55.5675],[7.8,55.537647],[7.845,55.531078],[7.875,55.521132],[7.885198,55.515],[7.883667,55.51],[7.89,55.505595],[7.92,55.49275],[7.96,55.486981],[8.05,55.493846],[8.051222,55.485],[8.03,55.477716],[8.015,55.482],[8.01,55.475135],[7.978333,55.465],[7.97,55.456563],[7.935,55.466],[7.936429,55.46],[7.905,55.455],[7.89,55.447049],[7.825,55.448718],[7.795,55.463485],[7.78,55.457745],[7.776406,55.46],[7.7796,55.47],[7.775,55.474792],[7.76,55.482857],[7.749688,55.48],[7.754545,55.49],[7.7475,55.5],[7.764286,55.51],[7.76,55.516818],[7.75,55.516154],[7.715,55.533333],[7.675,55.542791],[7.62,55.527561],[7.605,55.535294],[7.58,55.531712],[7.54,55.53733],[7.535,55.542022],[7.52,55.537798],[7.485,55.553061],[7.448913,55.59],[7.475833,55.59]]}},{"type":"Feature","properties":{"depth":10.0,"source":"DDM 2024 coarse contour","resolution":"0.005 degree sampled grid"},"geometry":{"type":"LineString","coordinates":[[11.16,55.46],[11.155,55.449643],[11.155,55.458333],[11.16,55.46]]}},{"type":"Feature","properties":{"depth":10.0,"source":"DDM 2024 coarse contour","resolution":"0.005 degree sampled grid"},"geometry":{"type":"LineString","coordinates":[[8.35,55.477738],[8.319255,55.465],[8.35,55.469992],[8.353026,55.475],[8.35,55.477738]]}},{"type":"Feature","properties":{"depth":10.0,"source":"DDM 2024 coarse contour","resolution":"0.005 degree sampled grid"},"geometry":{"type":"LineString","coordinates":[[8.415,55.475004],[8.4086,55.475],[8.42,55.4635],[8.420758,55.47],[8.415,55.475004]]}},{"type":"Feature","properties":{"depth":10.0,"source":"DDM 2024 coarse contour","resolution":"0.005 degree sampled grid"},"geometry":{"type":"LineString","coordinates":[[8.36,55.486392],[8.351173,55.48],[8.355,55.475974],[8.363066,55.48],[8.36,55.486392]]}},{"type":"Feature","properties":{"depth":10.0,"source":"DDM 2024 coarse contour","resolution":"0.005 degree sampled grid"},"geometry":{"type":"LineString","coordinates":[[8.385,55.486923],[8.365663,55.485],[8.389444,55.485],[8.385,55.486923]]}},{"type":"Feature","properties":{"depth":10.0,"source":"DDM 2024 coarse contour","resolution":"0.005 degree sampled grid"},"geometry":{"type":"LineString","coordinates":[[7.83,55.509545],[7.785,55.505],[7.79,55.498793],[7.825,55.487308],[7.841429,55.495],[7.835,55.495],[7.835,55.505],[7.83,55.509545]]}},{"type":"Feature","properties":{"depth":10.0,"source":"DDM 2024 coarse contour","resolution":"0.005 degree sampled grid"},"geometry":{"type":"LineString","coordinates":[[8.365,55.496289],[8.359603,55.495],[8.365,55.485965],[8.365,55.496289]]}},{"type":"Feature","properties":{"depth":10.0,"source":"DDM 2024 coarse contour","resolution":"0.005 degree sampled grid"},"geometry":{"type":"LineString","coordinates":[[9.667321,55.5],[9.66,55.493125],[9.661061,55.5],[9.667321,55.5]]}},{"type":"Feature","properties":{"depth":10.0,"source":"DDM 2024 coarse contour","resolution":"0.005 degree sampled grid"},"geometry":{"type":"LineString","coordinates":[[10.74,55.516029],[10.734,55.515],[10.75,55.50127],[10.753561,55.505],[10.74,55.516029]]}},{"type":"Feature","properties":{"depth":10.0,"source":"DDM 2024 coarse contour","resolution":"0.005 degree sampled grid"},"geometry":{"type":"LineString","coordinates":[[12.32,55.52],[12.31,55.506667],[12.305,55.505],[12.3,55.51],[12.31,55.52],[12.32,55.52]]}},{"type":"Feature","properties":{"depth":10.0,"source":"DDM 2024 coarse contour","resolution":"0.005 degree sampled grid"},"geometry":{"type":"LineString","coordinates":[[10.932986,55.535],[10.93,55.529359],[10.918636,55.535],[10.925,55.538017],[10.932986,55.535]]}},{"type":"Feature","properties":{"depth":10.0,"source":"DDM 2024 coarse contour","resolution":"0.005 degree sampled grid"},"geometry":{"type":"LineString","coordinates":[[11.043667,55.57],[11.045,55.56375],[11.035,55.558077],[11.03,55.547429],[10.995227,55.565],[11.005,55.569231],[11.015,55.563684],[11.03,55.563929],[11.035,55.570417],[11.043667,55.57]]}},{"type":"Feature","properties":{"depth":10.0,"source":"DDM 2024 coarse contour","resolution":"0.005 degree sampled grid"},"geometry":{"type":"LineString","coordinates":[[10.935667,55.615],[10.94,55.609545],[10.9575,55.61],[10.971,55.6],[10.966087,55.59],[10.9682,55.58],[10.953182,55.57],[10.95,55.554161],[10.947143,55.565],[10.937692,55.575],[10.935323,55.595],[10.926111,55.6],[10.931,55.61],[10.9265,55.615],[10.93,55.618889],[10.935667,55.615]]}},{"type":"Feature","properties":{"depth":10.0,"source":"DDM 2024 coarse contour","resolution":"0.005 degree sampled grid"},"geometry":{"type":"LineString","coordinates":[[12.75,55.560909],[12.744231,55.56],[12.745,55.553],[12.751538,55.555],[12.75,55.560909]]}},{"type":"Feature","properties":{"depth":10.0,"source":"DDM 2024 coarse contour","resolution":"0.005 degree sampled grid"},"geometry":{"type":"LineString","coordinates":[[11.050857,55.605],[11.057838,55.59],[11.055,55.5858],[11.048542,55.59],[11.043696,55.605],[11.050857,55.605]]}},{"type":"Feature","properties":{"depth":10.0,"source":"DDM 2024 coarse contour","resolution":"0.005 degree sampled grid"},"geometry":{"type":"LineString","coordinates":[[10.875263,55.635],[10.895,55.622941],[10.922917,55.62],[10.921667,55.615],[10.915,55.607667],[10.877,55.61],[10.870625,55.615],[10.875263,55.635]]}},{"type":"Feature","properties":{"depth":10.0,"source":"DDM 2024 coarse contour","resolution":"0.005 degree sampled grid"},"geometry":{"type":"LineString","coordinates":[[11.016364,55.62],[11.01,55.616452],[11.001,55.62],[11.016364,55.62]]}},{"type":"Feature","properties":{"depth":10.0,"source":"DDM 2024 coarse contour","resolution":"0.005 degree sampled grid"},"geometry":{"type":"LineString","coordinates":[[10.16,55.63089],[10.15,55.634],[10.147333,55.63],[10.155,55.62746],[10.16,55.63089]]}},{"type":"Feature","properties":{"depth":10.0,"source":"DDM 2024 coarse contour","resolution":"0.005 degree sampled grid"},"geometry":{"type":"LineString","coordinates":[[12.84,55.662333],[12.835833,55.65],[12.84,55.647826],[12.8435,55.66],[12.84,55.662333]]}},{"type":"Feature","properties":{"depth":10.0,"source":"DDM 2024 coarse contour","resolution":"0.005 degree sampled grid"},"geometry":{"type":"LineString","coordinates":[[12.845,55.69501],[12.841552,55.695],[12.843,55.675],[12.858333,55.66],[12.855893,55.65],[12.86,55.647326],[12.863194,55.65],[12.860714,55.66],[12.87,55.663529],[12.870013,55.67],[12.845,55.69501]]}},{"type":"Feature","properties":{"depth":10.0,"source":"DDM 2024 coarse contour","resolution":"0.005 degree sampled grid"},"geometry":{"type":"LineString","coordinates":[[7.85,55.68],[7.852143,55.675],[7.844231,55.67],[7.829706,55.67],[7.84,55.68],[7.85,55.68]]}},{"type":"Feature","properties":{"depth":10.0,"source":"DDM 2024 coarse contour","resolution":"0.005 degree sampled grid"},"geometry":{"type":"LineString","coordinates":[[12.670759,55.725],[12.676569,55.71],[12.677734,55.685],[12.676364,55.675],[12.67,55.67194],[12.66,55.676566],[12.637869,55.705],[12.655208,55.725],[12.670759,55.725]]}},{"type":"Feature","properties":{"depth":10.0,"source":"DDM 2024 coarse contour","resolution":"0.005 degree sampled grid"},"geometry":{"type":"LineString","coordinates":[[10.718529,55.72],[10.719394,55.715],[10.709451,55.715],[10.715,55.72169],[10.718529,55.72]]}},{"type":"Feature","properties":{"depth":10.0,"source":"DDM 2024 coarse contour","resolution":"0.005 degree sampled grid"},"geometry":{"type":"LineString","coordinates":[[10.567703,55.74],[10.575357,55.735],[10.57,55.71725],[10.555294,55.725],[10.553429,55.735],[10.555,55.740233],[10.567703,55.74]]}},{"type":"Feature","properties":{"depth":10.0,"source":"DDM 2024 coarse contour","resolution":"0.005 degree sampled grid"},"geometry":{"type":"LineString","coordinates":[[12.65075,55.735],[12.650152,55.73],[12.645,55.729167],[12.645,55.74],[12.65075,55.735]]}},{"type":"Feature","properties":{"depth":10.0,"source":"DDM 2024 coarse contour","resolution":"0.005 degree sampled grid"},"geometry":{"type":"LineString","coordinates":[[10.580702,56.045],[10.576548,56.04],[10.59,56.024787],[10.62129,56.02],[10.61881,56.01],[10.61175,56.005],[10.615909,55.995],[10.6025,55.99],[10.612593,55.98],[10.596071,55.96],[10.624783,55.945],[10.625,55.937791],[10.655,55.94375],[10.663857,55.94],[10.665,55.933947],[10.67,55.942969],[10.715,55.951094],[10.737667,55.935],[10.725,55.917917],[10.712083,55.915],[10.720588,55.9],[10.716471,55.89],[10.659457,55.85],[10.650882,55.825],[10.662083,55.82],[10.66,55.805],[10.636122,55.765],[10.625,55.755526],[10.61,55.756957],[10.6,55.75],[10.58,55.762727],[10.555,55.75713],[10.54,55.760345],[10.520978,55.79],[10.52,55.808194],[10.514792,55.805],[10.518931,55.82],[10.513636,55.84],[10.498714,55.855],[10.494265,55.87],[10.495,55.875098],[10.51,55.885743],[10.52,55.874868],[10.525,55.877955],[10.54,55.86873],[10.545263,55.87],[10.55875,55.875],[10.558214,55.88],[10.590603,55.905],[10.59022,55.915],[10.585,55.917955],[10.55,55.923068],[10.535,55.933333],[10.519282,55.955],[10.5175,55.97],[10.519474,55.985],[10.568253,56.025],[10.5734,56.045],[10.580702,56.045]]}},{"type":"Feature","properties":{"depth":10.0,"source":"DDM 2024 coarse contour","resolution":"0.005 degree sampled grid"},"geometry":{"type":"LineString","coordinates":[[12.686333,55.81],[12.69,55.799167],[12.679828,55.81],[12.685,55.814],[12.686333,55.81]]}},{"type":"Feature","properties":{"depth":10.0,"source":"DDM 2024 coarse contour","resolution":"0.005 degree sampled grid"},"geometry":{"type":"LineString","coordinates":[[11.279167,55.83],[11.291389,55.82],[11.290976,55.815],[11.275,55.806731],[11.268529,55.81],[11.265,55.829286],[11.25,55.818824],[11.246053,55.825],[11.26,55.834737],[11.27,55.828438],[11.279167,55.83]]}},{"type":"Feature","properties":{"depth":10.0,"source":"DDM 2024 coarse contour","resolution":"0.005 degree sampled grid"},"geometry":{"type":"LineString","coordinates":[[10.065,55.820021],[10.06,55.823708],[10.058,55.82],[10.07,55.811588],[10.072886,55.815],[10.065,55.820021]]}},{"type":"Feature","properties":{"depth":10.0,"source":"DDM 2024 coarse contour","resolution":"0.005 degree sampled grid"},"geometry":{"type":"LineString","coordinates":[[11.745,55.8345],[11.74,55.816111],[11.75125,55.825],[11.745,55.8345]]}},{"type":"Feature","properties":{"depth":10.0,"source":"DDM 2024 coarse contour","resolution":"0.005 degree sampled grid"},"geometry":{"type":"LineString","coordinates":[[11.069444,55.935],[11.13,55.916667],[11.195,55.879896],[11.215,55.876071],[11.225784,55.87],[11.235417,55.855],[11.245,55.853314],[11.258222,55.84],[11.255,55.835272],[11.235,55.841136],[11.2,55.840132],[11.185,55.844737],[11.18125,55.84],[11.185,55.836087],[11.22,55.84],[11.218571,55.835],[11.198333,55.83],[11.181875,55.835],[11.1785,55.84],[11.184375,55.845],[11.13,55.866923],[11.115833,55.88],[11.060455,55.9],[11.049928,55.915],[11.051,55.935],[11.069444,55.935]]}},{"type":"Feature","properties":{"depth":10.0,"source":"DDM 2024 coarse contour","resolution":"0.005 degree sampled grid"},"geometry":{"type":"LineString","coordinates":[[11.076475,55.85],[11.097857,55.835],[11.09,55.831591],[11.075,55.834846],[11.059375,55.85],[11.065,55.854474],[11.076475,55.85]]}},{"type":"Feature","properties":{"depth":10.0,"source":"DDM 2024 coarse contour","resolution":"0.005 degree sampled grid"},"geometry":{"type":"LineString","coordinates":[[12.590972,55.89],[12.61,55.869167],[12.62,55.870732],[12.645,55.85425],[12.635,55.84625],[12.615,55.85803],[12.61,55.854583],[12.6,55.874277],[12.595,55.86],[12.5844,55.88],[12.59,55.895],[12.590972,55.89]]}},{"type":"Feature","properties":{"depth":10.0,"source":"DDM 2024 coarse contour","resolution":"0.005 degree sampled grid"},"geometry":{"type":"LineString","coordinates":[[11.2,55.856486],[11.189054,55.855],[11.202895,55.855],[11.2,55.856486]]}},{"type":"Feature","properties":{"depth":10.0,"source":"DDM 2024 coarse contour","resolution":"0.005 degree sampled grid"},"geometry":{"type":"LineString","coordinates":[[10.866045,55.885],[10.86,55.873111],[10.836333,55.885],[10.866045,55.885]]}},{"type":"Feature","properties":{"depth":10.0,"source":"DDM 2024 coarse contour","resolution":"0.005 degree sampled grid"},"geometry":{"type":"LineString","coordinates":[[10.305,55.885909],[10.29,55.88],[10.305,55.87625],[10.305,55.885909]]}},{"type":"Feature","properties":{"depth":10.0,"source":"DDM 2024 coarse contour","resolution":"0.005 degree sampled grid"},"geometry":{"type":"LineString","coordinates":[[10.335,55.896053],[10.321667,55.89],[10.33,55.886154],[10.339,55.895],[10.335,55.896053]]}},{"type":"Feature","properties":{"depth":10.0,"source":"DDM 2024 coarse contour","resolution":"0.005 degree sampled grid"},"geometry":{"type":"LineString","coordinates":[[10.539545,55.91],[10.566071,55.905],[10.565,55.90125],[10.55,55.8995],[10.531154,55.91],[10.539545,55.91]]}},{"type":"Feature","properties":{"depth":10.0,"source":"DDM 2024 coarse contour","resolution":"0.005 degree sampled grid"},"geometry":{"type":"LineString","coordinates":[[10.822222,55.955],[10.831818,55.94],[10.852125,55.935],[10.84,55.93375],[10.839286,55.915],[10.856809,55.91],[10.858214,55.905],[10.81,55.898333],[10.769048,55.91],[10.766379,55.915],[10.776349,55.93],[10.773907,55.935],[10.79,55.953448],[10.8,55.958333],[10.822222,55.955]]}},{"type":"Feature","properties":{"depth":10.0,"source":"DDM 2024 coarse contour","resolution":"0.005 degree sampled grid"},"geometry":{"type":"LineString","coordinates":[[11.865,55.9285],[11.855,55.9225],[11.85,55.925],[11.842,55.915],[11.855,55.8975],[11.88,55.8975],[11.8825,55.9],[11.875,55.901667],[11.86625,55.915],[11.865,55.9285]]}},{"type":"Feature","properties":{"depth":10.0,"source":"DDM 2024 coarse contour","resolution":"0.005 degree sampled grid"},"geometry":{"type":"LineString","coordinates":[[11.765,55.930862],[11.765,55.901667],[11.771667,55.91],[11.770455,55.925],[11.765,55.930862]]}},{"type":"Feature","properties":{"depth":10.0,"source":"DDM 2024 coarse contour","resolution":"0.005 degree sampled grid"},"geometry":{"type":"LineString","coordinates":[[11.825,55.915556],[11.805,55.919444],[11.797812,55.915],[11.8,55.905],[11.815,55.900909],[11.82,55.908929],[11.825,55.904167],[11.831923,55.91],[11.825,55.915556]]}},{"type":"Feature","properties":{"depth":10.0,"source":"DDM 2024 coarse contour","resolution":"0.005 degree sampled grid"},"geometry":{"type":"LineString","coordinates":[[10.82,55.928788],[10.805,55.928277],[10.788723,55.92],[10.788167,55.915],[10.805,55.915472],[10.82,55.921711],[10.823472,55.925],[10.82,55.928788]]}},{"type":"Feature","properties":{"depth":10.0,"source":"DDM 2024 coarse contour","resolution":"0.005 degree sampled grid"},"geometry":{"type":"LineString","coordinates":[[10.385325,55.94],[10.395,55.931758],[10.412045,55.93],[10.4,55.91875],[10.397955,55.925],[10.378793,55.935],[10.385325,55.94]]}},{"type":"Feature","properties":{"depth":10.0,"source":"DDM 2024 coarse contour","resolution":"0.005 degree sampled grid"},"geometry":{"type":"LineString","coordinates":[[11.495,55.926154],[11.485,55.929583],[11.4775,55.925],[11.499286,55.925],[11.495,55.926154]]}},{"type":"Feature","properties":{"depth":10.0,"source":"DDM 2024 coarse contour","resolution":"0.005 degree sampled grid"},"geometry":{"type":"LineString","coordinates":[[10.29,55.968548],[10.279516,55.96],[10.27913,55.95],[10.285,55.942317],[10.315,55.928077],[10.33,55.927692],[10.338958,55.935],[10.33,55.953571],[10.325,55.944138],[10.295,55.945],[10.29,55.968548]]}},{"type":"Feature","properties":{"depth":10.0,"source":"DDM 2024 coarse contour","resolution":"0.005 degree sampled grid"},"geometry":{"type":"LineString","coordinates":[[10.92175,55.945],[10.915,55.929113],[10.885,55.929167],[10.873214,55.935],[10.875,55.941579],[10.92175,55.945]]}},{"type":"Feature","properties":{"depth":10.0,"source":"DDM 2024 coarse contour","resolution":"0.005 degree sampled grid"},"geometry":{"type":"LineString","coordinates":[[11.475,55.931515],[11.4475,55.93],[11.475,55.925833],[11.475,55.931515]]}},{"type":"Feature","properties":{"depth":10.0,"source":"DDM 2024 coarse contour","resolution":"0.005 degree sampled grid"},"geometry":{"type":"LineString","coordinates":[[10.415893,55.985],[10.4225,55.975],[10.44,55.983889],[10.475,55.975756],[10.469717,55.96],[10.473727,55.955],[10.457386,55.945],[10.45,55.934235],[10.415,55.939371],[10.396741,55.96],[10.413941,55.975],[10.41,55.9805],[10.415893,55.985]]}},{"type":"Feature","properties":{"depth":10.0,"source":"DDM 2024 coarse contour","resolution":"0.005 degree sampled grid"},"geometry":{"type":"LineString","coordinates":[[10.785161,55.995],[10.796915,55.975],[10.765,55.938356],[10.727321,55.95],[10.737348,55.955],[10.735,55.965204],[10.766618,55.955],[10.7661,55.965],[10.75,55.976884],[10.74,55.972246],[10.725,55.973151],[10.726136,55.985],[10.75,55.995234],[10.785161,55.995]]}},{"type":"Feature","properties":{"depth":10.0,"source":"DDM 2024 coarse contour","resolution":"0.005 degree sampled grid"},"geometry":{"type":"LineString","coordinates":[[11.96,55.946597],[11.94,55.945],[11.965,55.945],[11.96,55.946597]]}},{"type":"Feature","properties":{"depth":10.0,"source":"DDM 2024 coarse contour","resolution":"0.005 degree sampled grid"},"geometry":{"type":"LineString","coordinates":[[10.697,55.97],[10.683083,55.97],[10.685,55.9746],[10.697,55.97]]}},{"type":"Feature","properties":{"depth":10.0,"source":"DDM 2024 coarse contour","resolution":"0.005 degree sampled grid"},"geometry":{"type":"LineString","coordinates":[[10.29,56.007917],[10.284444,56.0],[10.294118,56.005],[10.29,56.007917]]}},{"type":"Feature","properties":{"depth":10.0,"source":"DDM 2024 coarse contour","resolution":"0.005 degree sampled grid"},"geometry":{"type":"LineString","coordinates":[[10.863056,56.02],[10.8575,56.015],[10.864,56.01],[10.860263,56.005],[10.85,56.003774],[10.841111,56.01],[10.84,56.015],[10.85,56.022381],[10.863056,56.02]]}},{"type":"Feature","properties":{"depth":10.0,"source":"DDM 2024 coarse contour","resolution":"0.005 degree sampled grid"},"geometry":{"type":"LineString","coordinates":[[10.473125,56.07],[10.480227,56.06],[10.505,56.055],[10.505,56.049397],[10.525,56.046857],[10.535,56.039888],[10.511053,56.035],[10.5066,56.03],[10.5151,56.025],[10.51,56.024286],[10.501923,56.03],[10.509048,56.035],[10.505,56.037742],[10.49,56.036],[10.496429,56.03],[10.492315,56.025],[10.496923,56.015],[10.49,56.007222],[10.482895,56.02],[10.465,56.0344],[10.46,56.0365],[10.455,56.03129],[10.431818,56.045],[10.43399,56.06],[10.44,56.066264],[10.473125,56.07]]}},{"type":"Feature","properties":{"depth":10.0,"source":"DDM 2024 coarse contour","resolution":"0.005 degree sampled grid"},"geometry":{"type":"LineString","coordinates":[[10.860833,56.11],[10.868333,56.105],[10.86625,56.1],[10.890714,56.095],[10.86,56.07381],[10.85,56.05962],[10.825556,56.06],[10.818587,56.065],[10.825,56.082167],[10.859687,56.095],[10.851818,56.105],[10.855,56.111818],[10.860833,56.11]]}},{"type":"Feature","properties":{"depth":10.0,"source":"DDM 2024 coarse contour","resolution":"0.005 degree sampled grid"},"geometry":{"type":"LineString","coordinates":[[10.318077,56.07],[10.323182,56.065],[10.296667,56.065],[10.31,56.071226],[10.318077,56.07]]}},{"type":"Feature","properties":{"depth":10.0,"source":"DDM 2024 coarse contour","resolution":"0.005 degree sampled grid"},"geometry":{"type":"LineString","coordinates":[[10.350294,56.07],[10.35069,56.065],[10.343358,56.065],[10.345,56.07],[10.350294,56.07]]}},{"type":"Feature","properties":{"depth":10.0,"source":"DDM 2024 coarse contour","resolution":"0.005 degree sampled grid"},"geometry":{"type":"LineString","coordinates":[[11.021429,56.07],[11.015,56.0615],[11.01,56.065],[11.021429,56.07]]}},{"type":"Feature","properties":{"depth":10.0,"source":"DDM 2024 coarse contour","resolution":"0.005 degree sampled grid"},"geometry":{"type":"LineString","coordinates":[[10.502917,56.08],[10.495,56.07],[10.489118,56.075],[10.495,56.08046],[10.502917,56.08]]}},{"type":"Feature","properties":{"depth":10.0,"source":"DDM 2024 coarse contour","resolution":"0.005 degree sampled grid"},"geometry":{"type":"LineString","coordinates":[[10.385072,56.085],[10.37,56.079421],[10.364178,56.085],[10.37,56.089091],[10.385072,56.085]]}},{"type":"Feature","properties":{"depth":10.0,"source":"DDM 2024 coarse contour","resolution":"0.005 degree sampled grid"},"geometry":{"type":"LineString","coordinates":[[10.607031,56.115],[10.611866,56.1],[10.605,56.094342],[10.59,56.094111],[10.578182,56.105],[10.59,56.118099],[10.607031,56.115]]}},{"type":"Feature","properties":{"depth":10.0,"source":"DDM 2024 coarse contour","resolution":"0.005 degree sampled grid"},"geometry":{"type":"LineString","coordinates":[[10.770937,56.105],[10.780909,56.095],[10.77,56.092609],[10.758506,56.1],[10.770937,56.105]]}},{"type":"Feature","properties":{"depth":10.0,"source":"DDM 2024 coarse contour","resolution":"0.005 degree sampled grid"},"geometry":{"type":"LineString","coordinates":[[10.82375,56.15],[10.83,56.14925],[10.835,56.13725],[10.84037,56.135],[10.835405,56.105],[10.824167,56.1],[10.825,56.095],[10.81,56.098378],[10.79694,56.115],[10.797744,56.125],[10.789783,56.13],[10.793636,56.145],[10.82375,56.15]]}},{"type":"Feature","properties":{"depth":10.0,"source":"DDM 2024 coarse contour","resolution":"0.005 degree sampled grid"},"geometry":{"type":"LineString","coordinates":[[10.71,56.131184],[10.699062,56.13],[10.714091,56.13],[10.71,56.131184]]}},{"type":"Feature","properties":{"depth":10.0,"source":"DDM 2024 coarse contour","resolution":"0.005 degree sampled grid"},"geometry":{"type":"LineString","coordinates":[[12.2625,56.15],[12.245,56.137105],[12.242381,56.14],[12.255,56.15119],[12.2625,56.15]]}},{"type":"Feature","properties":{"depth":10.0,"source":"DDM 2024 coarse contour","resolution":"0.005 degree sampled grid"},"geometry":{"type":"LineString","coordinates":[[11.209091,56.175],[11.205,56.167639],[11.19,56.159403],[11.18,56.163],[11.149786,56.15],[11.17,56.166818],[11.209091,56.175]]}},{"type":"Feature","properties":{"depth":10.0,"source":"DDM 2024 coarse contour","resolution":"0.005 degree sampled grid"},"geometry":{"type":"LineString","coordinates":[[10.585238,56.16],[10.58,56.153077],[10.572619,56.16],[10.585238,56.16]]}},{"type":"Feature","properties":{"depth":10.0,"source":"DDM 2024 coarse contour","resolution":"0.005 degree sampled grid"},"geometry":{"type":"LineString","coordinates":[[11.690962,56.215],[11.69,56.208485],[11.715,56.2034],[11.73814,56.185],[11.72,56.182059],[11.709,56.19],[11.675,56.200539],[11.66418,56.21],[11.67,56.215427],[11.690962,56.215]]}},{"type":"Feature","properties":{"depth":10.0,"source":"DDM 2024 coarse contour","resolution":"0.005 degree sampled grid"},"geometry":{"type":"LineString","coordinates":[[11.215536,56.24],[11.1985,56.215],[11.197667,56.205],[11.202353,56.2],[11.195,56.197222],[11.188056,56.23],[11.205,56.243065],[11.215536,56.24]]}},{"type":"Feature","properties":{"depth":10.0,"source":"DDM 2024 coarse contour","resolution":"0.005 degree sampled grid"},"geometry":{"type":"LineString","coordinates":[[10.46,56.220156],[10.45,56.220476],[10.434747,56.21],[10.45,56.208469],[10.461591,56.215],[10.46,56.220156]]}},{"type":"Feature","properties":{"depth":10.0,"source":"DDM 2024 coarse contour","resolution":"0.005 degree sampled grid"},"geometry":{"type":"LineString","coordinates":[[11.759286,56.315],[11.785,56.308889],[11.804737,56.31],[11.811552,56.285],[11.801875,56.275],[11.785,56.267733],[11.755,56.263929],[11.74,56.269167],[11.72375,56.265],[11.735789,56.28],[11.753636,56.285],[11.755,56.295],[11.768,56.3],[11.765,56.3045],[11.734911,56.31],[11.759286,56.315]]}},{"type":"Feature","properties":{"depth":10.0,"source":"DDM 2024 coarse contour","resolution":"0.005 degree sampled grid"},"geometry":{"type":"LineString","coordinates":[[11.326,56.335],[11.329375,56.33],[11.31,56.329],[11.326,56.335]]}},{"type":"Feature","properties":{"depth":10.0,"source":"DDM 2024 coarse contour","resolution":"0.005 degree sampled grid"},"geometry":{"type":"LineString","coordinates":[[10.75,56.5615],[10.71,56.5608],[10.68125,56.555],[10.695,56.549722],[10.725,56.558],[10.74,56.550833],[10.765625,56.555],[10.75,56.5615]]}},{"type":"Feature","properties":{"depth":10.0,"source":"DDM 2024 coarse contour","resolution":"0.005 degree sampled grid"},"geometry":{"type":"LineString","coordinates":[[8.68,56.636],[8.67,56.632703],[8.66,56.614706],[8.665,56.61125],[8.67,56.61625],[8.68,56.636]]}},{"type":"Feature","properties":{"depth":10.0,"source":"DDM 2024 coarse contour","resolution":"0.005 degree sampled grid"},"geometry":{"type":"LineString","coordinates":[[10.915,56.635588],[10.90725,56.635],[10.915,56.629167],[10.92,56.635],[10.915,56.635588]]}},{"type":"Feature","properties":{"depth":10.0,"source":"DDM 2024 coarse contour","resolution":"0.005 degree sampled grid"},"geometry":{"type":"LineString","coordinates":[[10.895,56.646],[10.892857,56.64],[10.905,56.639091],[10.895,56.646]]}},{"type":"Feature","properties":{"depth":10.0,"source":"DDM 2024 coarse contour","resolution":"0.005 degree sampled grid"},"geometry":{"type":"LineString","coordinates":[[9.96,56.658991],[9.943986,56.655],[9.945465,56.65],[9.962862,56.655],[9.96,56.658991]]}},{"type":"Feature","properties":{"depth":10.0,"source":"DDM 2024 coarse contour","resolution":"0.005 degree sampled grid"},"geometry":{"type":"LineString","coordinates":[[11.3775,56.815],[11.41,56.81375],[11.45,56.803333],[11.494,56.78],[11.497812,56.77],[11.503182,56.77],[11.505,56.775],[11.55,56.748115],[11.565,56.7522],[11.58,56.747595],[11.63,56.754848],[11.69,56.751359],[11.820963,56.755],[11.795,56.746552],[11.665,56.73172],[11.6,56.696912],[11.587885,56.675],[11.57,56.657645],[11.54,56.648571],[11.395,56.645938],[11.348125,56.67],[11.343571,56.68],[11.345556,56.69],[11.33875,56.695],[11.345,56.71],[11.3525,56.71],[11.350833,56.715],[11.3625,56.72],[11.338889,56.73],[11.35,56.73375],[11.35,56.745],[11.355,56.74],[11.365,56.745],[11.371667,56.765],[11.367083,56.775],[11.34,56.786667],[11.33,56.784875],[11.33625,56.79],[11.31,56.7942],[11.305909,56.8],[11.35,56.816154],[11.365,56.814231],[11.375,56.82],[11.3775,56.815]]}},{"type":"Feature","properties":{"depth":10.0,"source":"DDM 2024 coarse contour","resolution":"0.005 degree sampled grid"},"geometry":{"type":"LineString","coordinates":[[10.025,56.68621],[9.995,56.675052],[9.983167,56.675],[9.96234,56.665],[9.96095,56.66],[9.98,56.657211],[9.995,56.669928],[10.027268,56.675],[10.031783,56.68],[10.025,56.68621]]}},{"type":"Feature","properties":{"depth":10.0,"source":"DDM 2024 coarse contour","resolution":"0.005 degree sampled grid"},"geometry":{"type":"LineString","coordinates":[[8.88,56.779615],[8.86,56.773636],[8.842015,56.745],[8.818103,56.725],[8.815,56.716429],[8.766053,56.68],[8.775,56.676111],[8.785,56.686944],[8.815,56.704528],[8.85883,56.75],[8.865,56.765067],[8.884286,56.775],[8.88,56.779615]]}},{"type":"Feature","properties":{"depth":10.0,"source":"DDM 2024 coarse contour","resolution":"0.005 degree sampled grid"},"geometry":{"type":"LineString","coordinates":[[9.155,56.82],[9.153,56.815],[9.14,56.812222],[9.125,56.8],[9.12625,56.79],[9.119375,56.785],[9.12375,56.78],[9.121667,56.775],[9.145,56.748571],[9.153333,56.745],[9.155,56.734931],[9.165,56.73125],[9.165696,56.74],[9.175,56.744254],[9.19,56.737899],[9.203429,56.725],[9.195,56.71483],[9.185,56.71],[9.18,56.7125],[9.175,56.705688],[9.159706,56.7],[9.14625,56.685],[9.15,56.682353],[9.18645,56.7],[9.185,56.71],[9.19,56.702703],[9.19551,56.705],[9.221818,56.73],[9.22,56.745],[9.2,56.75],[9.17,56.766711],[9.147662,56.77],[9.154286,56.79],[9.160227,56.795],[9.155816,56.805],[9.16,56.814375],[9.155,56.82]]}},{"type":"Feature","properties":{"depth":10.0,"source":"DDM 2024 coarse contour","resolution":"0.005 degree sampled grid"},"geometry":{"type":"LineString","coordinates":[[10.919722,56.7],[10.915,56.694444],[10.905,56.7],[10.915,56.70425],[10.919722,56.7]]}},{"type":"Feature","properties":{"depth":10.0,"source":"DDM 2024 coarse contour","resolution":"0.005 degree sampled grid"},"geometry":{"type":"LineString","coordinates":[[8.23,56.7134],[8.230238,56.7],[8.235,56.696774],[8.235,56.707283],[8.23,56.705],[8.23,56.7134]]}},{"type":"Feature","properties":{"depth":10.0,"source":"DDM 2024 coarse contour","resolution":"0.005 degree sampled grid"},"geometry":{"type":"LineString","coordinates":[[10.894375,56.745],[10.954286,56.72],[10.955,56.715],[10.949286,56.715],[10.955,56.715],[10.951739,56.71],[10.955,56.7],[10.935,56.700833],[10.91,56.715],[10.9,56.711842],[10.895714,56.715],[10.9,56.71875],[10.91,56.715],[10.915833,56.72],[10.895,56.730769],[10.88,56.731667],[10.893,56.715],[10.88,56.705],[10.87,56.705],[10.877,56.71],[10.865,56.71625],[10.86,56.7125],[10.855,56.7205],[10.845,56.716667],[10.835,56.71875],[10.83,56.725],[10.84,56.736429],[10.87,56.747143],[10.89,56.7485],[10.894375,56.745]]}},{"type":"Feature","properties":{"depth":10.0,"source":"DDM 2024 coarse contour","resolution":"0.005 degree sampled grid"},"geometry":{"type":"LineString","coordinates":[[10.965417,56.705],[10.973158,56.7],[10.97,56.697],[10.965417,56.705]]}},{"type":"Feature","properties":{"depth":10.0,"source":"DDM 2024 coarse contour","resolution":"0.005 degree sampled grid"},"geometry":{"type":"LineString","coordinates":[[10.992143,56.785],[11.015,56.76675],[11.025,56.745],[10.973333,56.785],[10.992143,56.785]]}},{"type":"Feature","properties":{"depth":10.0,"source":"DDM 2024 coarse contour","resolution":"0.005 degree sampled grid"},"geometry":{"type":"LineString","coordinates":[[8.895,56.787188],[8.880417,56.78],[8.89,56.776389],[8.898182,56.785],[8.895,56.787188]]}},{"type":"Feature","properties":{"depth":10.0,"source":"DDM 2024 coarse contour","resolution":"0.005 degree sampled grid"},"geometry":{"type":"LineString","coordinates":[[9.17,56.785648],[9.163111,56.785],[9.165,56.779111],[9.17,56.785648]]}},{"type":"Feature","properties":{"depth":10.0,"source":"DDM 2024 coarse contour","resolution":"0.005 degree sampled grid"},"geometry":{"type":"LineString","coordinates":[[8.585,56.816944],[8.575,56.8091],[8.56,56.808365],[8.5395,56.8],[8.565,56.796739],[8.585,56.806389],[8.613,56.81],[8.585,56.816944]]}},{"type":"Feature","properties":{"depth":10.0,"source":"DDM 2024 coarse contour","resolution":"0.005 degree sampled grid"},"geometry":{"type":"LineString","coordinates":[[8.635,56.880016],[8.631827,56.88],[8.632769,56.86],[8.61,56.837273],[8.590294,56.825],[8.58641,56.82],[8.59,56.815],[8.641368,56.855],[8.639342,56.88],[8.635,56.880016]]}},{"type":"Feature","properties":{"depth":10.0,"source":"DDM 2024 coarse contour","resolution":"0.005 degree sampled grid"},"geometry":{"type":"LineString","coordinates":[[9.16,56.845417],[9.142,56.84],[9.1625,56.83],[9.165,56.824],[9.175,56.83],[9.178,56.84],[9.16,56.845417]]}},{"type":"Feature","properties":{"depth":10.0,"source":"DDM 2024 coarse contour","resolution":"0.005 degree sampled grid"},"geometry":{"type":"LineString","coordinates":[[9.09,56.855789],[9.084808,56.855],[9.09,56.833438],[9.11,56.835],[9.114286,56.84],[9.11375,56.85],[9.09,56.855789]]}},{"type":"Feature","properties":{"depth":10.0,"source":"DDM 2024 coarse contour","resolution":"0.005 degree sampled grid"},"geometry":{"type":"LineString","coordinates":[[10.565833,56.85],[10.55375,56.85],[10.555,56.855],[10.565833,56.85]]}},{"type":"Feature","properties":{"depth":10.0,"source":"DDM 2024 coarse contour","resolution":"0.005 degree sampled grid"},"geometry":{"type":"LineString","coordinates":[[9.055,56.862857],[9.051,56.86],[9.05439,56.855],[9.065,56.851538],[9.065,56.8595],[9.055,56.862857]]}},{"type":"Feature","properties":{"depth":10.0,"source":"DDM 2024 coarse contour","resolution":"0.005 degree sampled grid"},"geometry":{"type":"LineString","coordinates":[[9.045,56.861538],[9.033077,56.86],[9.049,56.86],[9.045,56.861538]]}},{"type":"Feature","properties":{"depth":10.0,"source":"DDM 2024 coarse contour","resolution":"0.005 degree sampled grid"},"geometry":{"type":"LineString","coordinates":[[10.505,56.8925],[10.494583,56.89],[10.505,56.884583],[10.505,56.8925]]}},{"type":"Feature","properties":{"depth":10.0,"source":"DDM 2024 coarse contour","resolution":"0.005 degree sampled grid"},"geometry":{"type":"LineString","coordinates":[[8.73,56.945172],[8.6825,56.945],[8.6825,56.94],[8.668571,56.935],[8.669359,56.925],[8.66,56.91527],[8.649709,56.915],[8.648333,56.905],[8.633047,56.89],[8.665,56.894444],[8.67,56.899902],[8.725,56.899189],[8.735,56.894292],[8.75,56.90319],[8.792778,56.91],[8.78,56.915],[8.768333,56.93],[8.767,56.94],[8.74,56.940476],[8.73,56.945172]]}},{"type":"Feature","properties":{"depth":10.0,"source":"DDM 2024 coarse contour","resolution":"0.005 degree sampled grid"},"geometry":{"type":"LineString","coordinates":[[10.53,56.910238],[10.5125,56.905],[10.5075,56.895],[10.53,56.885833],[10.533571,56.89],[10.528864,56.895],[10.533333,56.9],[10.53,56.910238]]}},{"type":"Feature","properties":{"depth":10.0,"source":"DDM 2024 coarse contour","resolution":"0.005 degree sampled grid"},"geometry":{"type":"LineString","coordinates":[[10.926667,57.405],[10.9294,57.4],[10.925,57.395769],[10.91,57.393214],[10.903,57.385],[10.94,57.376154],[10.965,57.381765],[11.0,57.378235],[11.01,57.37],[11.07,57.371765],[11.088125,57.365],[11.091667,57.36],[11.0775,57.355],[11.09,57.35],[11.1,57.353462],[11.105,57.349318],[11.12,57.352308],[11.125,57.348125],[11.13,57.355938],[11.1555,57.355],[11.15,57.3625],[11.14,57.3625],[11.14,57.36875],[11.175,57.359118],[11.24,57.375265],[11.26,57.370045],[11.25,57.352727],[11.2255,57.355],[11.247857,57.33],[11.244545,57.315],[11.248571,57.31],[11.252895,57.26],[11.260714,57.23],[11.274079,57.205],[11.300976,57.175],[11.38,57.122],[11.387692,57.11],[11.385862,57.1],[11.398462,57.085],[11.461458,57.045],[11.481154,57.025],[11.479167,57.02],[11.488571,57.01],[11.485,57.001667],[11.47,57.005],[11.46,57.0],[11.461667,57.005],[11.455,57.01125],[11.45,57.006667],[11.44,57.0075],[11.425,57.026],[11.415,57.026364],[11.41,57.018929],[11.4,57.029375],[11.39125,57.025],[11.4,57.015833],[11.405,57.02],[11.4,57.014167],[11.39,57.024],[11.38,57.011667],[11.37,57.014167],[11.34,56.991],[11.33,56.989167],[11.315,56.99],[11.31,56.996667],[11.29,57.0],[11.285,57.0075],[11.265,57.005],[11.2625,56.99],[11.24625,56.97],[11.22375,56.96],[11.215714,56.945],[11.22,56.94],[11.21,56.948333],[11.205,56.94625],[11.208,56.94],[11.2,56.93],[11.195,56.937143],[11.188333,56.93],[11.193125,56.925],[11.19,56.921429],[11.18,56.92875],[11.17,56.926538],[11.155,56.935667],[11.135,56.937083],[11.13,56.944167],[11.1,56.91875],[11.095,56.926154],[11.07,56.913421],[11.045,56.912857],[11.025,56.905],[11.0,56.907857],[10.995,56.91875],[10.975,56.927857],[10.965,56.9275],[10.985,56.94],[10.979706,56.965],[10.98375,56.98],[10.98,56.9875],[10.956538,57.0],[10.948889,57.015],[10.935,57.024286],[10.93,57.03375],[10.935,57.03875],[10.95,57.038333],[10.950909,57.05],[10.925,57.048333],[10.9286,57.065],[10.925,57.0695],[10.915,57.067143],[10.905,57.078333],[10.885,57.078],[10.875,57.086667],[10.85,57.083333],[10.84,57.074444],[10.830625,57.1],[10.825,57.1],[10.82,57.112],[10.81,57.115],[10.801818,57.14],[10.806111,57.145],[10.8,57.14625],[10.76275,57.19],[10.78,57.223269],[10.795,57.238214],[10.817,57.245],[10.785,57.2546],[10.781512,57.265],[10.76,57.287973],[10.76,57.302019],[10.765,57.305139],[10.77,57.300972],[10.786216,57.31],[10.81,57.351447],[10.82,57.350625],[10.82,57.338333],[10.828,57.33],[10.845,57.326111],[10.85,57.33],[10.850833,57.34],[10.86,57.342143],[10.86375,57.36],[10.87875,57.38],[10.9,57.399375],[10.926667,57.405]]}},{"type":"Feature","properties":{"depth":10.0,"source":"DDM 2024 coarse contour","resolution":"0.005 degree sampled grid"},"geometry":{"type":"LineString","coordinates":[[10.764,56.995],[10.784375,56.98],[10.793,56.96],[10.805909,56.95],[10.805,56.9225],[10.8,56.924],[10.800417,56.915],[10.795,56.909091],[10.77,56.911667],[10.7532,56.93],[10.756,56.94],[10.744,56.995],[10.755,57.0],[10.764,56.995]]}},{"type":"Feature","properties":{"depth":10.0,"source":"DDM 2024 coarse contour","resolution":"0.005 degree sampled grid"},"geometry":{"type":"LineString","coordinates":[[10.88,56.915],[10.86625,56.91],[10.875,56.92],[10.88,56.915]]}},{"type":"Feature","properties":{"depth":10.0,"source":"DDM 2024 coarse contour","resolution":"0.005 degree sampled grid"},"geometry":{"type":"LineString","coordinates":[[10.48,56.947143],[10.45,56.95],[10.438214,56.945],[10.445,56.938],[10.4525,56.94],[10.454286,56.935],[10.445,56.93],[10.45,56.925455],[10.475,56.916667],[10.475,56.925],[10.485,56.921667],[10.492778,56.935],[10.48,56.947143]]}},{"type":"Feature","properties":{"depth":10.0,"source":"DDM 2024 coarse contour","resolution":"0.005 degree sampled grid"},"geometry":{"type":"LineString","coordinates":[[10.92,57.0],[10.935833,56.99],[10.9442,56.97],[10.946136,56.96],[10.939286,56.935],[10.935,56.931842],[10.925,56.935],[10.925,56.945],[10.91,56.944667],[10.91125,56.95],[10.905,56.953333],[10.89,56.923571],[10.875,56.92],[10.887857,56.945],[10.895,56.985],[10.902692,57.0],[10.92,57.0]]}},{"type":"Feature","properties":{"depth":10.0,"source":"DDM 2024 coarse contour","resolution":"0.005 degree sampled grid"},"geometry":{"type":"LineString","coordinates":[[11.0,56.967],[10.994286,56.96],[10.993929,56.945],[11.005,56.9295],[11.015,56.94],[11.017857,56.955],[11.0,56.967]]}},{"type":"Feature","properties":{"depth":10.0,"source":"DDM 2024 coarse contour","resolution":"0.005 degree sampled grid"},"geometry":{"type":"LineString","coordinates":[[10.49,56.951429],[10.4825,56.95],[10.495,56.94275],[10.497812,56.945],[10.495,56.948214],[10.49,56.945],[10.49,56.951429]]}},{"type":"Feature","properties":{"depth":10.0,"source":"DDM 2024 coarse contour","resolution":"0.005 degree sampled grid"},"geometry":{"type":"LineString","coordinates":[[11.15,56.956667],[11.155,56.955],[11.155,56.943824],[11.155,56.955],[11.15,56.956667]]}},{"type":"Feature","properties":{"depth":10.0,"source":"DDM 2024 coarse contour","resolution":"0.005 degree sampled grid"},"geometry":{"type":"LineString","coordinates":[[11.24375,56.95],[11.235,56.9425],[11.238125,56.95],[11.24375,56.95]]}},{"type":"Feature","properties":{"depth":10.0,"source":"DDM 2024 coarse contour","resolution":"0.005 degree sampled grid"},"geometry":{"type":"LineString","coordinates":[[10.485,57.005882],[10.470714,57.005],[10.46,56.9955],[10.45,57.0],[10.450833,56.99],[10.458333,56.985],[10.445,56.975],[10.445,56.965],[10.439583,56.965],[10.45,56.960909],[10.455,56.95],[10.46,56.955882],[10.475,56.957222],[10.486923,56.965],[10.478,56.98],[10.482857,56.985],[10.48,56.993182],[10.486786,56.99],[10.485,57.005882]]}},{"type":"Feature","properties":{"depth":10.0,"source":"DDM 2024 coarse contour","resolution":"0.005 degree sampled grid"},"geometry":{"type":"LineString","coordinates":[[10.597333,56.965],[10.60125,56.96],[10.592812,56.965],[10.597333,56.965]]}},{"type":"Feature","properties":{"depth":10.0,"source":"DDM 2024 coarse contour","resolution":"0.005 degree sampled grid"},"geometry":{"type":"LineString","coordinates":[[10.7925,57.03],[10.805,57.01625],[10.818,57.015],[10.829062,57.005],[10.827917,56.99],[10.815,56.977727],[10.804667,56.99],[10.799375,57.02],[10.78,57.035],[10.7925,57.03]]}},{"type":"Feature","properties":{"depth":10.0,"source":"DDM 2024 coarse contour","resolution":"0.005 degree sampled grid"},"geometry":{"type":"LineString","coordinates":[[11.005,56.986364],[10.996875,56.985],[11.0,56.9755],[11.0075,56.98],[11.005,56.986364]]}},{"type":"Feature","properties":{"depth":10.0,"source":"DDM 2024 coarse contour","resolution":"0.005 degree sampled grid"},"geometry":{"type":"LineString","coordinates":[[10.265,56.985012],[10.253571,56.985],[10.269138,56.985],[10.265,56.985012]]}},{"type":"Feature","properties":{"depth":10.0,"source":"DDM 2024 coarse contour","resolution":"0.005 degree sampled grid"},"geometry":{"type":"LineString","coordinates":[[11.477381,56.995],[11.48,56.99],[11.465,56.994],[11.457692,56.99],[11.464286,56.995],[11.46,57.0],[11.477381,56.995]]}},{"type":"Feature","properties":{"depth":10.0,"source":"DDM 2024 coarse contour","resolution":"0.005 degree sampled grid"},"geometry":{"type":"LineString","coordinates":[[10.545,57.01125],[10.545,56.999375],[10.555,56.999231],[10.55,57.0],[10.551111,57.005],[10.545,57.01125]]}},{"type":"Feature","properties":{"depth":10.0,"source":"DDM 2024 coarse contour","resolution":"0.005 degree sampled grid"},"geometry":{"type":"LineString","coordinates":[[10.625,57.058182],[10.61,57.051429],[10.61,57.04],[10.605,57.0335],[10.6,57.037727],[10.591667,57.03],[10.596667,57.0],[10.605,56.995],[10.61,57.006875],[10.615,57.005],[10.6135,57.015],[10.61875,57.025],[10.6285,57.03],[10.63,57.05],[10.635,57.046667],[10.63625,57.05],[10.635,57.055],[10.63,57.05],[10.625,57.058182]]}},{"type":"Feature","properties":{"depth":10.0,"source":"DDM 2024 coarse contour","resolution":"0.005 degree sampled grid"},"geometry":{"type":"LineString","coordinates":[[11.305,57.07],[11.275,57.066154],[11.265,57.06],[11.265,57.055],[11.275,57.048],[11.29,57.047],[11.31,57.065],[11.305,57.07]]}},{"type":"Feature","properties":{"depth":10.0,"source":"DDM 2024 coarse contour","resolution":"0.005 degree sampled grid"},"geometry":{"type":"LineString","coordinates":[[11.355,57.06125],[11.345,57.05],[11.35,57.046875],[11.360833,57.055],[11.355,57.06125]]}},{"type":"Feature","properties":{"depth":10.0,"source":"DDM 2024 coarse contour","resolution":"0.005 degree sampled grid"},"geometry":{"type":"LineString","coordinates":[[10.635,57.076471],[10.626,57.07],[10.635,57.069286],[10.635,57.076471]]}},{"type":"Feature","properties":{"depth":10.0,"source":"DDM 2024 coarse contour","resolution":"0.005 degree sampled grid"},"geometry":{"type":"LineString","coordinates":[[10.64,57.12],[10.635,57.116],[10.63,57.118333],[10.63,57.112],[10.64,57.1125],[10.64,57.12]]}},{"type":"Feature","properties":{"depth":10.0,"source":"DDM 2024 coarse contour","resolution":"0.005 degree sampled grid"},"geometry":{"type":"LineString","coordinates":[[9.408547,58.0],[9.36,57.976181],[9.35,57.966111],[9.3,57.940992],[9.265,57.915884],[9.24,57.905836],[9.18,57.86569],[9.095,57.820527],[9.07,57.80052],[9.045,57.790529],[9.035,57.780527],[8.96,57.740503],[8.89,57.695389],[8.855,57.690412],[8.85,57.685427],[8.825,57.685441],[8.82,57.680461],[8.795,57.680465],[8.79,57.675466],[8.77,57.675479],[8.765,57.670485],[8.745,57.670521],[8.74,57.665531],[8.715,57.665584],[8.71,57.66058],[8.69,57.660627],[8.685,57.65561],[8.66,57.655667],[8.655,57.650636],[8.635,57.650676],[8.63,57.645634],[8.605,57.645677],[8.6,57.640625],[8.58,57.640674],[8.575,57.635644],[8.55,57.635684],[8.545,57.630677],[8.5,57.625667],[8.495,57.620654],[8.445,57.61565],[8.44,57.610636],[8.365,57.595643],[8.345,57.585626],[8.325,57.585638],[8.305,57.575617],[8.265,57.570617],[8.245,57.560598],[8.23,57.560608],[8.225,57.555599],[8.21,57.555608],[8.205,57.550601],[8.19,57.550608],[8.185,57.5456],[8.17,57.545608],[8.165,57.540599],[8.15,57.540608],[8.145,57.535598],[8.13,57.535608],[8.125,57.530601],[8.11,57.530613],[8.105,57.525604],[8.09,57.525612],[8.085,57.520604],[8.07,57.520607],[8.065,57.515598],[7.99,57.500544],[7.97,57.490545],[7.955,57.490542],[7.92,57.475536],[7.91,57.475535],[7.905,57.470527],[7.89,57.47053],[7.855,57.455498],[7.84,57.455506],[7.79,57.435419],[7.775,57.435409],[7.725,57.415346],[7.71,57.415342],[7.66,57.39534],[7.645,57.395345],[7.61,57.380371],[7.595,57.380369],[7.545,57.360377],[7.53,57.360385],[7.48,57.340323],[7.465,57.340329],[7.4,57.315244]]}},{"type":"Feature","properties":{"depth":10.0,"source":"DDM 2024 coarse contour","resolution":"0.005 degree sampled grid"},"geometry":{"type":"LineString","coordinates":[[11.045,57.43],[11.057,57.425],[11.054,57.42],[11.04,57.416818],[11.03875,57.4],[10.97,57.397143],[10.95,57.404375],[10.945,57.399583],[10.930833,57.4],[10.94,57.40725],[10.95,57.406],[10.955,57.41625],[10.96,57.415],[10.97,57.425],[10.983333,57.425],[10.98625,57.43],[10.995,57.4275],[11.005,57.433636],[11.045,57.43]]}},{"type":"Feature","properties":{"depth":10.0,"source":"DDM 2024 coarse contour","resolution":"0.005 degree sampled grid"},"geometry":{"type":"LineString","coordinates":[[11.173,57.42],[11.17,57.41],[11.175,57.405],[11.17,57.41],[11.165,57.401923],[11.16,57.402414],[11.144091,57.41],[11.155,57.42],[11.173,57.42]]}},{"type":"Feature","properties":{"depth":10.0,"source":"DDM 2024 coarse contour","resolution":"0.005 degree sampled grid"},"geometry":{"type":"LineString","coordinates":[[11.02,57.42625],[11.015,57.428438],[11.005217,57.42],[11.017273,57.42],[11.02,57.42625]]}},{"type":"Feature","properties":{"depth":10.0,"source":"DDM 2024 coarse contour","resolution":"0.005 degree sampled grid"},"geometry":{"type":"LineString","coordinates":[[9.72,57.495],[9.715,57.4865],[9.68,57.476667],[9.64,57.456875],[9.62,57.458333],[9.6075,57.47],[9.665,57.4825],[9.695,57.49619],[9.72,57.495]]}},{"type":"Feature","properties":{"depth":15.0,"source":"DDM 2024 coarse contour","resolution":"0.005 degree sampled grid"},"geometry":{"type":"LineString","coordinates":[[7.4,55.19996],[7.435,55.194959],[7.44,55.189958],[7.46,55.189955],[7.465,55.184956],[7.485,55.184951],[7.49,55.179955],[7.51,55.179958],[7.515,55.174961],[7.535,55.174963],[7.54,55.169964],[7.565,55.169964],[7.57,55.164964],[7.6,55.164967],[7.605,55.159968],[7.635,55.159968],[7.64,55.154968],[7.675,55.154967],[7.68,55.149967],[7.78,55.139973],[7.785,55.134974],[7.815,55.134976],[7.82,55.129977],[7.855,55.129978],[7.86,55.124978],[7.925,55.119978],[7.93,55.114978],[7.965,55.11498],[7.97,55.109979],[8.0,55.10998],[8.005,55.10498],[8.035,55.104983],[8.04,55.099986],[8.07,55.099986],[8.075,55.094988],[8.11,55.09499],[8.115,55.089992],[8.14,55.089994],[8.145,55.084994],[8.18,55.084997],[8.185,55.079997],[8.196667,55.08],[8.225,55.095],[8.22,55.11],[8.215,55.1],[8.21,55.105],[8.208333,55.125],[8.21,55.135],[8.22,55.125],[8.225,55.13],[8.225,55.145],[8.215,55.145],[8.21,55.135],[8.205,55.148],[8.175,55.15],[8.12,55.175984],[8.1,55.180909],[8.085,55.177059],[8.084091,55.19],[8.063182,55.21],[8.06375,55.23],[8.065,55.235],[8.07,55.235],[8.09,55.225455],[8.115,55.2375],[8.135,55.233333],[8.135,55.236667],[8.13,55.235],[8.135,55.242],[8.145,55.238333],[8.195,55.26],[8.2,55.26],[8.2,55.249444],[8.215,55.2525],[8.218571,55.255],[8.21125,55.26],[8.215,55.27],[8.2275,55.28],[8.226667,55.29],[8.245,55.305],[8.24,55.315],[8.2525,55.325],[8.255,55.355],[8.2495,55.36],[8.255,55.355],[8.2575,55.365],[8.225,55.37375],[8.18,55.41],[8.14,55.416667],[8.125,55.4345],[8.11,55.435833],[8.105833,55.425],[8.11,55.42],[8.125,55.415],[8.13,55.41],[8.128333,55.405],[8.155,55.39],[8.157857,55.375],[8.165,55.365625],[8.193333,55.345],[8.19,55.337857],[8.16,55.33],[8.15,55.308571],[8.13,55.31125],[8.12,55.315],[8.1125,55.325],[8.115,55.34],[8.101,55.385],[8.09,55.398333],[8.08,55.4],[8.09,55.405],[8.093,55.415],[8.09,55.416875],[8.07,55.421875],[8.065,55.42],[8.06,55.405],[8.05,55.402857],[8.045,55.405],[8.044375,55.415],[8.035,55.426667],[8.01,55.435],[7.98,55.437857],[7.96,55.425455],[7.925,55.43875],[7.91,55.427941],[7.88,55.445263],[7.87,55.440682],[7.83,55.443171],[7.815,55.438537],[7.795,55.455781],[7.78,55.450217],[7.775,55.453103],[7.765,55.467955],[7.7475,55.465],[7.746667,55.475],[7.730938,55.495],[7.695,55.503333],[7.675,55.51875],[7.63,55.515227],[7.6,55.531058],[7.59,55.52125],[7.555682,55.535],[7.52,55.535505],[7.495,55.543231],[7.44375,55.58],[7.435,55.60125],[7.41875,55.615],[7.445,55.627222],[7.455,55.62],[7.495,55.615625],[7.525,55.603],[7.54,55.615],[7.58,55.625],[7.593077,55.635],[7.6075,55.655],[7.605,55.66],[7.589722,55.665],[7.592187,55.67],[7.583125,55.695],[7.562778,55.725],[7.585,55.76],[7.616667,55.74],[7.611667,55.735],[7.635,55.69],[7.655714,55.665],[7.67,55.658929],[7.7,55.662],[7.71,55.6575],[7.745,55.668438],[7.75,55.675],[7.762,55.665],[7.775,55.664286],[7.773333,55.675],[7.7775,55.68],[7.813571,55.69],[7.82,55.696316],[7.85,55.698824],[7.88,55.690455],[7.93,55.7018],[7.98,55.699667],[7.9925,55.695],[7.997,55.685],[7.99,55.6725],[7.97,55.661364],[7.94,55.673],[7.895,55.671667],[7.88,55.666],[7.87,55.655],[7.83,55.665526],[7.83,55.659],[7.838333,55.655],[7.825,55.6475],[7.8,55.654342],[7.78,55.652188],[7.766364,55.64],[7.771429,55.62],[7.755,55.58],[7.766111,55.565],[7.785,55.551875],[7.875,55.522704],[7.89,55.508571],[7.905,55.501867],[8.005,55.491563],[8.040526,55.495],[8.04,55.500648],[8.005,55.502581],[7.945,55.526714],[7.935,55.522742],[7.91,55.532895],[7.9,55.529524],[7.835,55.559365],[7.818395,55.58],[7.825,55.589535],[7.845,55.597333],[7.8725,55.6],[7.89,55.61],[7.913,55.61],[7.925,55.62],[7.985,55.639583],[8.01,55.639231],[8.03,55.65],[8.02,55.66],[8.045,55.658571],[8.065,55.664583],[8.093333,55.7],[8.0925,55.71],[8.099167,55.715],[8.09875,55.73],[8.11,55.74],[8.11,55.75],[8.119167,55.76],[8.109,55.765],[8.12,55.775],[8.119,55.79],[8.125714,55.805],[8.121,55.81],[8.119211,55.835],[8.114333,55.84],[8.117727,55.845],[8.106875,55.86],[8.105,55.9],[8.098125,55.91],[8.104444,55.935],[8.097308,55.95],[8.0975,55.965],[8.087778,55.975],[8.085278,55.99],[8.069091,56.02],[8.040278,56.06],[8.03625,56.08],[8.05,56.080625],[8.061875,56.1],[8.06,56.115],[8.070769,56.135],[8.069286,56.145],[8.081,56.155],[8.08875,56.175],[8.098421,56.225],[8.097826,56.285],[8.085,56.335],[8.0875,56.36],[8.079444,56.365],[8.085,56.365],[8.083077,56.385],[8.090435,56.39],[8.085,56.394167],[8.07,56.391],[8.067333,56.395],[8.088,56.405],[8.083182,56.415],[8.092222,56.425],[8.09,56.429],[8.0675,56.425],[8.075,56.426667],[8.093929,56.445],[8.099667,56.47],[8.095625,56.48],[8.098519,56.54],[8.1125,56.585],[8.139118,56.645],[8.174375,56.695],[8.180938,56.72],[8.197778,56.735],[8.1975,56.745],[8.215,56.775],[8.22625,56.815],[8.252083,56.86],[8.25,56.87],[8.272222,56.895],[8.2725,56.905],[8.295,56.917143],[8.302083,56.93],[8.31525,56.935],[8.375,56.99],[8.425,57.019722],[8.465,57.053673],[8.525,57.087692],[8.522,57.1],[8.5275,57.1],[8.525714,57.095],[8.53,57.0925],[8.54,57.094429],[8.533333,57.1],[8.536875,57.105],[8.565,57.121333],[8.635,57.144032],[8.7,57.1545],[8.73,57.1762],[8.775,57.1725],[8.796667,57.18],[8.793571,57.195],[8.8,57.200714],[8.865,57.197143],[8.882,57.19],[8.895,57.173],[8.91,57.170833],[8.94,57.187368],[8.9965,57.19],[9.0025,57.195],[8.99,57.21],[8.975,57.21],[8.995,57.21],[9.0425,57.23],[9.09,57.27],[9.11,57.275],[9.17,57.276429],[9.22,57.292],[9.24,57.305],[9.265,57.335],[9.275,57.339],[9.32,57.3425],[9.36,57.361],[9.385,57.367273],[9.396667,57.365],[9.43,57.34375],[9.47,57.33625],[9.51,57.34],[9.555,57.35375],[9.586667,57.375],[9.6175,57.41],[9.611667,57.425],[9.61475,57.43],[9.61,57.433519],[9.605,57.428],[9.55,57.46],[9.54,57.47],[9.5425,57.48],[9.56,57.485],[9.62,57.486111],[9.735,57.527222],[9.82,57.541667],[9.84,57.553333],[9.85,57.550278],[9.865,57.561818],[9.87,57.559219],[9.875,57.564583],[9.895,57.569762],[9.900263,57.575],[9.890417,57.58],[9.895,57.58693],[9.906923,57.585],[9.901515,57.58],[9.905,57.577195],[9.915455,57.59],[9.937875,57.6],[9.948,57.615],[9.94,57.620078],[9.96,57.61875],[9.97,57.626875],[10.005,57.635],[10.02,57.645],[10.1,57.659],[10.1225,57.655],[10.128333,57.645],[10.14,57.638889],[10.145,57.644],[10.205,57.637895],[10.245,57.644286],[10.353333,57.675],[10.45,57.721667],[10.51,57.739133],[10.514167,57.745],[10.53,57.749516],[10.59,57.76036],[10.66,57.757222],[10.71,57.760568],[10.720306,57.755],[10.718033,57.75],[10.69,57.7332],[10.615,57.705],[10.616579,57.715],[10.608542,57.715],[10.615,57.705],[10.587,57.665],[10.574444,57.63],[10.57125,57.59],[10.5775,57.55],[10.589286,57.52],[10.595,57.522308],[10.606296,57.51],[10.62,57.506857],[10.63,57.497975],[10.635,57.499744],[10.644018,57.49],[10.605833,57.415],[10.64,57.37],[10.654808,57.28],[10.683656,57.215],[10.677917,57.195],[10.674792,57.145],[10.68,57.106944],[10.685,57.1025],[10.695625,57.11],[10.692143,57.13],[10.701667,57.14],[10.699286,57.15],[10.7075,57.16],[10.705,57.165],[10.71,57.1625],[10.716111,57.145],[10.71875,57.135],[10.715,57.13],[10.72125,57.125],[10.718333,57.115],[10.724375,57.115],[10.732,57.135],[10.74,57.14],[10.74,57.1325],[10.755704,57.125],[10.761667,57.1],[10.777778,57.07],[10.79,57.056111],[10.796875,57.055],[10.775,57.110625],[10.767656,57.16],[10.758298,57.185],[10.76,57.201429],[10.769615,57.225],[10.777,57.23],[10.780263,57.245],[10.776842,57.265],[10.76,57.284589],[10.758067,57.3],[10.760896,57.305],[10.785,57.313203],[10.808814,57.355],[10.83,57.380313],[10.885,57.410167],[10.965,57.438529],[11.03,57.448958],[11.105,57.452241],[11.155,57.4455],[11.17,57.450185],[11.189,57.44],[11.207167,57.42],[11.212143,57.41],[11.20625,57.4],[11.214167,57.395],[11.19,57.382895],[11.18,57.383472],[11.145,57.39939],[11.125,57.413889],[11.115263,57.41],[11.122857,57.405],[11.122273,57.4],[11.11,57.395714],[11.095,57.405833],[11.045,57.393448],[11.005,57.395],[11.045,57.38697],[11.075,57.387188],[11.095,57.379062],[11.100556,57.38],[11.09,57.38],[11.095,57.39],[11.14,57.389268],[11.18,57.370342],[11.2,57.369318],[11.24,57.376921],[11.261548,57.37],[11.256558,57.315],[11.27,57.26],[11.266667,57.25],[11.275,57.22],[11.29,57.195],[11.30925,57.175],[11.37,57.141522],[11.415,57.0825],[11.435,57.066964],[11.478333,57.05],[11.505,57.020455],[11.552,56.99],[11.56,56.975714],[11.56,56.95],[11.541667,56.93],[11.545,56.925],[11.580833,56.925],[11.565,56.91],[11.573333,56.905],[11.56,56.898333],[11.555,56.885],[11.56,56.879],[11.575,56.88],[11.581667,56.875],[11.575,56.868571],[11.5425,56.865],[11.529,56.835],[11.533,56.825],[11.526,56.815],[11.5275,56.8],[11.535,56.79],[11.57,56.77],[11.575,56.773158],[11.578333,56.77],[11.571667,56.765],[11.585,56.759583],[11.655,56.754065],[11.78,56.755287],[11.815,56.759593],[11.822815,56.755],[11.795,56.743546],[11.666667,56.73],[11.6,56.693652],[11.59,56.670882],[11.57,56.655579],[11.54,56.647143],[11.49,56.641404],[11.436364,56.645],[11.4275,56.64],[11.442222,56.625],[11.445,56.62],[11.4375,56.62],[11.44,56.615],[11.445,56.62],[11.445,56.609118],[11.44,56.615],[11.43,56.6125],[11.425,56.6185],[11.365,56.626071],[11.34,56.648158],[11.3075,56.695],[11.303,56.72],[11.323571,56.76],[11.311667,56.785],[11.295,56.765],[11.274615,56.77],[11.28,56.7765],[11.293,56.78],[11.279286,56.79],[11.276897,56.8],[11.286667,56.82],[11.3125,56.84],[11.31,56.845],[11.295,56.841579],[11.265,56.815],[11.255,56.81625],[11.25,56.8255],[11.245,56.828929],[11.235,56.826667],[11.228333,56.835],[11.244444,56.86],[11.243333,56.865],[11.255,56.877],[11.255588,56.885],[11.245,56.88875],[11.225,56.882083],[11.222222,56.88],[11.2265,56.875],[11.22,56.873],[11.215,56.862333],[11.2,56.85],[11.195,56.835],[11.181667,56.835],[11.1875,56.845],[11.18,56.84875],[11.1725,56.845],[11.1775,56.835],[11.175,56.83],[11.165,56.83],[11.162,56.825],[11.166875,56.77],[11.215,56.721667],[11.2275,56.705],[11.225833,56.7],[11.238214,56.695],[11.265,56.665],[11.26,56.66],[11.245,56.67875],[11.23,56.68625],[11.22125,56.7],[11.205556,56.71],[11.1945,56.73],[11.153333,56.765],[11.135,56.767],[11.129615,56.76],[11.146,56.75],[11.155,56.730833],[11.155,56.7125],[11.14,56.719444],[11.135,56.715],[11.139444,56.72],[11.13,56.73],[11.115,56.730833],[11.105,56.74],[11.098636,56.74],[11.095,56.75],[11.087,56.75],[11.082083,56.74],[11.1155,56.67],[11.1125,56.645],[11.120357,56.64],[11.11125,56.635],[11.115,56.62],[11.1,56.625],[11.095556,56.62],[11.11,56.5975],[11.12,56.606667],[11.127,56.605],[11.12,56.6],[11.123571,56.59],[11.12,56.586875],[11.11375,56.59],[11.115,56.575],[11.1,56.565833],[11.09,56.568571],[11.08,56.5575],[11.048333,56.565],[11.04625,56.56],[11.05625,56.555],[11.045,56.534375],[11.03,56.536786],[11.02,56.523333],[11.015,56.5275],[11.0,56.515714],[10.995,56.52375],[10.98,56.525],[10.97,56.535],[10.9675,56.53],[10.975,56.522692],[10.98,56.525],[10.9785,56.52],[10.9875,56.505],[10.983333,56.5],[10.986,56.485],[10.98,56.478571],[10.96,56.48],[10.959231,56.475],[10.97381,56.46],[10.976667,56.44],[10.988077,56.425],[10.988182,56.41],[11.006364,56.405],[11.0,56.395],[11.002,56.38],[10.994545,56.345],[10.978,56.325],[10.978333,56.32],[10.965,56.31125],[10.955,56.31],[10.9575,56.315],[10.948333,56.315],[10.89,56.2925],[10.86,56.274048],[10.850455,56.265],[10.851842,56.26],[10.84,56.251733],[10.762692,56.22],[10.748704,56.2],[10.752386,56.165],[10.742385,56.155],[10.738472,56.135],[10.7,56.096132],[10.675,56.097286],[10.64,56.112222],[10.618333,56.145],[10.62,56.15],[10.63,56.147222],[10.63,56.152381],[10.62,56.15],[10.605,56.16125],[10.598,56.16],[10.605,56.145],[10.602778,56.13],[10.61,56.126364],[10.617353,56.1],[10.6,56.089899],[10.59,56.091333],[10.582734,56.095],[10.576434,56.105],[10.58,56.111481],[10.575,56.112674],[10.55,56.094695],[10.525,56.089897],[10.4867,56.11],[10.48,56.127576],[10.468261,56.135],[10.48,56.147555],[10.500417,56.155],[10.47,56.161154],[10.4739,56.155],[10.47,56.152903],[10.445,56.1509],[10.435,56.155857],[10.42,56.155221],[10.42,56.15],[10.425,56.15],[10.4,56.146887],[10.37,56.158235],[10.335,56.161667],[10.311,56.175],[10.318909,56.19],[10.32,56.205],[10.315,56.21175],[10.308263,56.21],[10.31,56.191778],[10.29,56.173889],[10.31,56.1555],[10.3425,56.14],[10.335,56.135],[10.34,56.13],[10.315,56.125],[10.3125,56.12],[10.3225,56.11],[10.32,56.105],[10.3275,56.095],[10.3175,56.09],[10.32625,56.08],[10.318571,56.075],[10.325,56.0742],[10.3288,56.065],[10.318913,56.06],[10.33,56.058629],[10.34125,56.05],[10.34,56.045],[10.361667,56.035],[10.365,56.025],[10.359286,56.025],[10.365,56.025],[10.377,56.0],[10.400361,55.975],[10.395,55.97],[10.405,55.969661],[10.411,55.975],[10.407679,55.995],[10.42,56.006591],[10.480064,55.975],[10.472713,55.95],[10.460351,55.945],[10.445,55.929375],[10.415,55.937622],[10.39,55.960726],[10.374924,55.945],[10.413669,55.93],[10.408537,55.91],[10.422031,55.895],[10.414167,55.885],[10.442241,55.86],[10.455,55.8419],[10.485317,55.82],[10.48,55.799005],[10.475,55.79734],[10.47,55.802152],[10.447083,55.79],[10.4542,55.785],[10.44,55.775],[10.435,55.783],[10.43,55.779286],[10.43,55.761667],[10.435,55.763036],[10.44,55.775],[10.448468,55.765],[10.445789,55.745],[10.436538,55.735],[10.44,55.73],[10.43,55.734524],[10.4175,55.73],[10.405,55.737222],[10.405,55.729375],[10.385,55.734286],[10.38,55.724118],[10.35,55.716222],[10.325,55.718469],[10.319091,55.725],[10.305,55.727],[10.205,55.724522],[10.210455,55.73],[10.205,55.734516],[10.17,55.733519],[10.16,55.723603],[10.14,55.723519],[10.1114,55.74],[10.111563,55.76],[10.095,55.775294],[10.095862,55.76],[10.10971,55.745],[10.086,55.735],[10.092727,55.7],[10.09,55.6952],[10.055,55.677405],[10.005,55.673333],[9.99,55.665],[9.98,55.667857],[9.976154,55.66],[9.985,55.658],[9.99,55.665],[10.005,55.645],[9.995,55.632],[9.96,55.61],[9.945,55.605455],[9.937273,55.61],[9.954444,55.615],[9.95,55.618636],[9.935,55.615854],[9.915,55.621538],[9.862353,55.61],[9.826667,55.59],[9.835,55.587614],[9.84,55.592407],[9.843421,55.59],[9.838594,55.585],[9.792157,55.56],[9.737187,55.555],[9.736608,55.535],[9.744928,55.525],[9.74,55.513222],[9.715,55.515066],[9.695,55.523295],[9.689722,55.52],[9.722992,55.51],[9.75,55.511266],[9.764747,55.53],[9.755,55.546682],[9.795,55.552674],[9.85,55.578571],[9.838409,55.565],[9.85,55.562273],[9.873333,55.545],[9.885,55.556667],[9.8875,55.58],[9.895,55.584],[9.95,55.593438],[10.06,55.633889],[10.085,55.631944],[10.16,55.662617],[10.21,55.649375],[10.28,55.657143],[10.295,55.643929],[10.32,55.637841],[10.33,55.641827],[10.355,55.639362],[10.36,55.644444],[10.37,55.636474],[10.385,55.64],[10.41,55.625],[10.48,55.607734],[10.501429,55.59],[10.5,55.584792],[10.515,55.587586],[10.525,55.579286],[10.5425,55.575],[10.5385,55.565],[10.55,55.556333],[10.55375,55.575],[10.57,55.58],[10.575455,55.59],[10.57725,55.605],[10.568036,55.635],[10.57,55.640862],[10.575,55.645758],[10.58,55.64135],[10.595,55.641667],[10.625,55.658258],[10.64,55.655972],[10.646389,55.65],[10.645,55.631111],[10.67,55.6065],[10.675,55.586889],[10.68,55.600556],[10.6866,55.595],[10.685,55.585556],[10.678036,55.585],[10.68,55.580417],[10.695,55.579286],[10.705,55.567],[10.715,55.5708],[10.755,55.549167],[10.76,55.554091],[10.7625,55.55],[10.7575,55.545],[10.765,55.541176],[10.775,55.55217],[10.783333,55.545],[10.78,55.540625],[10.77,55.544412],[10.765588,55.54],[10.769138,55.535],[10.78,55.5375],[10.8,55.53197],[10.822,55.505],[10.796842,55.485],[10.795,55.469643],[10.78,55.466],[10.775,55.458571],[10.765,55.42],[10.785217,55.39],[10.8258,55.36],[10.8575,55.31],[10.8616,55.295],[10.86,55.28],[10.842059,55.27],[10.843841,55.26],[10.832031,55.245],[10.82625,55.22],[10.834286,55.195],[10.840426,55.195],[10.836094,55.2],[10.84,55.2075],[10.85,55.19875],[10.852368,55.185],[10.851905,55.165],[10.833333,55.135],[10.836667,55.125],[10.842143,55.125],[10.868636,55.175],[10.862679,55.2],[10.846667,55.21],[10.85,55.2226],[10.86,55.21375],[10.864412,55.22],[10.86,55.23],[10.855,55.233684],[10.85,55.229615],[10.85,55.235],[10.86,55.23],[10.857368,55.245],[10.87,55.242037],[10.873333,55.25],[10.87,55.256176],[10.88,55.253163],[10.891324,55.265],[10.887258,55.27],[10.89,55.273542],[10.895,55.266712],[10.905,55.265],[10.912714,55.27],[10.906444,55.275],[10.92,55.2735],[10.925,55.284],[10.939221,55.275],[10.9275,55.265],[10.918947,55.235],[10.93,55.22875],[10.945,55.230714],[10.95125,55.225],[10.947941,55.22],[10.955556,55.21],[10.949375,55.2],[10.955,55.193026],[10.97,55.201757],[10.975,55.198523],[10.99,55.2015],[11.005,55.195667],[11.055,55.214245],[11.065,55.222903],[11.075,55.222273],[11.07875,55.23],[11.075,55.235143],[11.09,55.23025],[11.09023,55.225],[11.080511,55.205],[11.05,55.202083],[11.025,55.189577],[11.02,55.191016],[11.005,55.178176],[10.995,55.1775],[10.968462,55.14],[10.958232,55.12],[10.965,55.112857],[10.97,55.122333],[10.975625,55.115],[10.97,55.104559],[10.965,55.104615],[10.962619,55.095],[10.966667,55.09],[10.96,55.091944],[10.959231,55.085],[10.965588,55.08],[10.95625,55.055],[10.941111,55.04],[10.937857,55.025],[10.95,55.025],[10.94,55.013846],[10.915811,55.0],[10.925,54.992778],[10.931429,54.995],[10.928125,54.99],[10.935,54.986413],[10.94,54.988846],[10.949,54.975],[10.940588,54.97],[10.92,54.971818],[10.913333,54.98],[10.919167,54.985],[10.91,54.991719],[10.889167,54.975],[10.885,54.964091],[10.875,54.960769],[10.858182,54.945],[10.831667,54.9],[10.835139,54.885],[10.828,54.88],[10.83,54.874348],[10.8148,54.865],[10.816731,54.86],[10.810833,54.85],[10.815,54.8325],[10.792586,54.815],[10.763038,54.755],[10.76,54.740333],[10.724531,54.7],[10.718542,54.67],[10.706863,54.66],[10.695,54.655694],[10.674211,54.66],[10.665952,54.685],[10.670385,54.69],[10.664091,54.695],[10.6685,54.705],[10.656538,54.71],[10.661951,54.715],[10.65,54.725],[10.65,54.736071],[10.641875,54.745],[10.645,54.75],[10.635,54.771538],[10.63,54.774444],[10.62125,54.77],[10.63,54.754333],[10.5845,54.75],[10.595313,54.76],[10.59,54.775],[10.62,54.770625],[10.624375,54.775],[10.622857,54.78],[10.61,54.78375],[10.6025,54.795],[10.62,54.795],[10.6225,54.79],[10.615,54.805],[10.605,54.811875],[10.59,54.816667],[10.58,54.810938],[10.565,54.817],[10.57,54.802],[10.56,54.800435],[10.535,54.813137],[10.53,54.8204],[10.515,54.820926],[10.495,54.828846],[10.49,54.825],[10.49375,54.82],[10.475,54.822174],[10.44,54.806275],[10.415,54.799745],[10.4,54.801087],[10.348333,54.83],[10.349048,54.835],[10.315,54.87],[10.28,54.885058],[10.226,54.925],[10.222174,54.93],[10.229286,54.935],[10.226786,54.94],[10.215,54.950676],[10.208971,54.95],[10.195455,54.975],[10.205,54.995588],[10.21,54.993462],[10.22,54.999167],[10.212371,54.98],[10.225,54.972254],[10.231478,54.96],[10.255,54.947917],[10.29,54.943325],[10.355,54.907167],[10.36,54.913611],[10.375,54.913333],[10.385,54.921979],[10.415,54.912821],[10.429,54.915],[10.401324,54.94],[10.416061,54.95],[10.41,54.955556],[10.375,54.952803],[10.365,54.958605],[10.36,54.954437],[10.353387,54.96],[10.359722,54.965],[10.35,54.967],[10.34,54.961429],[10.335,54.980541],[10.325,54.972904],[10.315,54.982826],[10.305,54.972213],[10.300931,54.985],[10.305,54.992857],[10.32,54.987821],[10.3275,54.995],[10.29,55.011233],[10.265,55.012431],[10.23,55.0243],[10.225521,55.02],[10.24,55.009592],[10.235,55.003559],[10.215,55.000161],[10.175,55.01525],[10.14,55.020703],[10.13,55.024914],[10.115,55.040969],[10.087105,55.04],[10.07965,55.045],[10.081897,55.05],[10.095,55.051419],[10.1,55.06],[10.145,55.069957],[10.16,55.054776],[10.195,55.052467],[10.21,55.035909],[10.227069,55.045],[10.2,55.056675],[10.185,55.070208],[10.127879,55.085],[10.08,55.071562],[10.060952,55.075],[10.055745,55.1],[10.03,55.108921],[10.02,55.117186],[9.99,55.122441],[9.965,55.119568],[9.935,55.129409],[9.942073,55.135],[9.94,55.140479],[9.955,55.139737],[9.948281,55.145],[9.963095,55.15],[9.959375,55.155],[9.94,55.165645],[9.927222,55.155],[9.912619,55.155],[9.916923,55.165],[9.94,55.1825],[9.945,55.185],[9.952143,55.18],[9.952596,55.19],[9.970882,55.2],[9.965,55.204286],[9.955,55.202],[9.915,55.216667],[9.923,55.21],[9.9142,55.2],[9.88,55.180625],[9.880294,55.19],[9.891053,55.195],[9.885,55.201],[9.866909,55.19],[9.865,55.181196],[9.847308,55.185],[9.8822,55.205],[9.865,55.208667],[9.86,55.215714],[9.845714,55.215],[9.856818,55.21],[9.853679,55.2],[9.83,55.1935],[9.81,55.196389],[9.796053,55.205],[9.799412,55.21],[9.796413,55.22],[9.801979,55.225],[9.790909,55.23],[9.792344,55.235],[9.805,55.240342],[9.81,55.250812],[9.825,55.260614],[9.833495,55.27],[9.83,55.274827],[9.787807,55.245],[9.785,55.2375],[9.755,55.230052],[9.745,55.222381],[9.731496,55.23],[9.73,55.248108],[9.728095,55.225],[9.723043,55.22],[9.726184,55.215],[9.71,55.215],[9.7212,55.2],[9.692386,55.18],[9.635,55.167273],[9.620439,55.175],[9.615,55.18431],[9.605,55.181964],[9.595161,55.165],[9.58,55.1583],[9.517778,55.155],[9.52,55.141087],[9.533939,55.13],[9.52,55.122087],[9.4775,55.125],[9.48,55.120833],[9.495,55.12375],[9.509023,55.115],[9.535,55.113018],[9.567266,55.1],[9.560897,55.09],[9.58,55.090337],[9.587571,55.085],[9.555,55.07275],[9.505,55.042924],[9.465,55.041605],[9.443916,55.035],[9.455,55.023487],[9.5,55.022008],[9.565341,55.04],[9.57,55.047561],[9.58,55.048915],[9.605,55.041806],[9.627258,55.02],[9.664509,55.005],[9.695,54.995814],[9.735,54.995161],[9.744444,55.0],[9.735,55.003947],[9.705,55.002353],[9.655,55.021681],[9.649032,55.035],[9.635,55.0432],[9.632153,55.055],[9.65,55.059669],[9.66,55.07281],[9.745,55.094071],[9.809687,55.08],[9.83,55.069615],[9.86,55.06595],[9.858705,55.06],[9.87,55.047881],[9.901054,55.035],[9.893103,55.03],[9.965,55.017133],[10.0,54.992826],[10.074674,54.91],[10.075606,54.895],[10.09928,54.86],[10.095,54.850915],[10.07,54.856382],[10.021429,54.85],[10.07,54.83475],[10.08,54.838],[10.0875,54.83],[10.082407,54.8],[10.086102,54.785],[10.070667,54.77],[10.075,54.764944],[10.185,54.764954],[10.19,54.759956],[10.215,54.759956],[10.26,54.719957],[10.265,54.719963],[10.335,54.649972],[10.375,54.619978],[10.41,54.614985],[10.43,54.604978],[10.445,54.604986],[10.485,54.589981],[10.5,54.589987],[10.52,54.579986],[10.535,54.579986],[10.6,54.554989],[10.65,54.549978],[10.655,54.544978],[10.735,54.549963],[10.845,54.604972],[10.855,54.614968],[10.89,54.629954],[10.9,54.639966],[10.985,54.639976],[10.99,54.644981],[11.02,54.644985],[11.025,54.639982],[11.085,54.639969],[11.09,54.634962],[11.11,54.63496],[11.115,54.629956],[11.16,54.624953],[11.165,54.619951],[11.215,54.609945],[11.265,54.584938],[11.315,54.574941],[11.36,54.549934],[11.37,54.539931],[11.42,54.514937],[11.43,54.504937],[11.56,54.444951],[11.645,54.389952],[11.675,54.364951],[11.715,54.364953],[11.72,54.369954],[11.725,54.364953],[11.735,54.364953],[11.74,54.369955],[11.755,54.369957],[11.76,54.364955],[11.765,54.369958],[11.95,54.369988],[11.955,54.374989],[11.99,54.37999],[11.995,54.384991],[12.01,54.384985],[12.03,54.394984],[12.05,54.394979],[12.07,54.404978],[12.105,54.409971],[12.14,54.43998],[12.145,54.439977],[12.15,54.448679],[12.11,54.4482],[12.1055,54.45],[12.111667,54.46],[12.025,54.485],[11.93,54.478485],[11.915,54.48],[11.92,54.486667],[11.875,54.482885],[11.795,54.488571],[11.735,54.493966],[11.7,54.504615],[11.605,54.515],[11.56,54.524583],[11.49,54.544821],[11.460417,54.56],[11.405,54.576286],[11.39,54.586042],[11.35,54.588929],[11.35625,54.6],[11.336,54.615],[11.305,54.622727],[11.22,54.662368],[11.13,54.695682],[11.11,54.69875],[11.095,54.693333],[11.085,54.685],[11.09,54.68],[11.088571,54.675],[11.075,54.654231],[11.07,54.658913],[11.065,54.655833],[11.005,54.674],[10.965,54.67875],[10.945,54.689286],[10.94,54.685],[10.895,54.696667],[10.86,54.72],[10.86,54.727222],[10.875714,54.725],[10.874375,54.735],[10.88,54.735],[10.882,54.74],[10.8725,54.75],[10.88,54.755],[10.864048,54.775],[10.87,54.779167],[10.875,54.770714],[10.88,54.779],[10.890833,54.78],[10.885,54.78],[10.884167,54.79],[10.873833,54.805],[10.878824,54.815],[10.875833,54.84],[10.885,54.85125],[10.889324,54.87],[10.883333,54.875],[10.885,54.88],[10.895,54.88],[10.9,54.895769],[10.91,54.895],[10.905,54.913333],[10.915,54.911667],[10.92,54.922222],[10.95,54.938148],[10.965,54.943333],[10.985,54.942672],[10.9935,54.955],[10.99,54.96],[11.0,54.957273],[11.005,54.964375],[11.03,54.975],[11.025,54.985],[11.03,54.980167],[11.034833,54.985],[11.035312,54.995],[11.045,55.011509],[11.055,55.007143],[11.06,55.01],[11.05,55.024444],[11.044179,55.02],[11.052727,55.03],[11.045,55.036],[11.044133,55.05],[11.058529,55.065],[11.063143,55.105],[11.073846,55.12],[11.0695,55.125],[11.073636,55.13],[11.05988,55.145],[11.073864,55.155],[11.061935,55.16],[11.07,55.171125],[11.095,55.178529],[11.11,55.176643],[11.114123,55.18],[11.109872,55.195],[11.125,55.190579],[11.17,55.191686],[11.197014,55.175],[11.225,55.144],[11.279444,55.14],[11.281667,55.13],[11.318,55.1],[11.32,55.095],[11.315,55.09],[11.333,55.085],[11.331429,55.08],[11.35,55.07],[11.37,55.071094],[11.395,55.061667],[11.425,55.059091],[11.42625,55.065],[11.455,55.075],[11.39,55.076742],[11.36875,55.085],[11.361667,55.09],[11.365,55.095],[11.336531,55.11],[11.353214,55.115],[11.329444,55.12],[11.29,55.155455],[11.285,55.166712],[11.29,55.172835],[11.302105,55.175],[11.275175,55.185],[11.221717,55.22],[11.208388,55.25],[11.21087,55.265],[11.195,55.283778],[11.17,55.294928],[11.155,55.294045],[11.135,55.301429],[11.115,55.3],[11.0865,55.315],[11.07,55.317778],[11.073864,55.325],[11.06,55.336376],[11.048136,55.335],[11.053141,55.35],[11.069687,55.36],[11.065,55.37],[11.082778,55.39],[11.08,55.395714],[11.088667,55.4],[11.07575,55.405],[11.07,55.415],[11.065,55.4075],[11.06,55.408571],[11.0355,55.425],[11.04,55.433485],[11.053182,55.43],[11.055,55.42125],[11.06125,55.43],[11.062069,55.45],[11.055,55.4725],[11.025,55.504783],[10.993636,55.52],[11.0025,55.535],[10.995,55.548],[10.985,55.544444],[10.985,55.551667],[10.98,55.555],[10.965,55.542703],[10.969167,55.555],[10.95,55.552548],[10.945,55.561083],[10.934483,55.56],[10.925,55.576538],[10.9014,55.6],[10.8547,55.62],[10.875,55.639113],[10.895,55.628452],[10.905,55.631446],[10.915,55.624697],[10.92,55.629655],[10.95,55.626324],[10.955,55.63],[10.951957,55.625],[10.965,55.62],[10.965833,55.625],[10.955,55.63],[10.964107,55.635],[10.953,55.64],[10.955,55.645],[10.96,55.64],[10.969643,55.65],[10.935,55.65],[10.925,55.644224],[10.866277,55.65],[10.89,55.68],[10.91,55.693772],[10.9775,55.705],[10.96,55.72],[10.875,55.724474],[10.85,55.735794],[10.845,55.732981],[10.823077,55.75],[10.8775,55.755],[10.870625,55.76],[10.88,55.767083],[10.8875,55.765],[10.876458,55.76],[10.885,55.756184],[10.995,55.774524],[11.04,55.7725],[11.03,55.7806],[11.02,55.77925],[11.008667,55.785],[11.006,55.795],[11.015,55.800926],[11.06,55.805],[11.085,55.816071],[11.1,55.813594],[11.128235,55.83],[11.095,55.857222],[11.016087,55.9],[11.005455,55.92],[11.015833,55.925],[11.02,55.933333],[11.041842,55.925],[11.043636,55.93],[11.036591,55.935],[11.04037,55.94],[11.036,55.945],[11.047,55.945],[11.05,55.95],[11.075,55.938922],[11.085,55.939643],[11.145,55.920714],[11.157857,55.91],[11.21,55.895],[11.250152,55.875],[11.2585,55.865],[11.252381,55.855],[11.254346,55.845],[11.27,55.833169],[11.279402,55.835],[11.272982,55.84],[11.291795,55.865],[11.28619,55.87],[11.290769,55.885],[11.286667,55.895],[11.275,55.898333],[11.25,55.885385],[11.234,55.895],[11.228333,55.905],[11.228333,55.91],[11.265,55.935],[11.27,55.925],[11.2825,55.93],[11.265,55.935],[11.25,55.952917],[11.251111,55.97],[11.236011,55.99],[11.23,56.025833],[11.215,56.045833],[11.203462,56.05],[11.205,56.054],[11.216042,56.055],[11.197045,56.085],[11.198698,56.1],[11.203916,56.105],[11.225,56.097732],[11.244487,56.075],[11.29,56.036774],[11.293214,56.03],[11.289455,56.025],[11.295,56.015769],[11.32,55.995625],[11.386667,55.98],[11.41,55.978667],[11.4225,55.98],[11.413571,55.985],[11.425,55.995833],[11.4375,55.985],[11.43,55.98],[11.49,55.97875],[11.5,55.975],[11.53,55.98],[11.505,55.995],[11.515,56.005385],[11.525,56.005],[11.53,56.0],[11.565,56.0075],[11.58,56.016667],[11.5825,56.01],[11.595,56.0125],[11.61,56.006667],[11.615,56.015],[11.6275,56.02],[11.621667,56.025],[11.625,56.028333],[11.645,56.02],[11.65,56.03],[11.685,56.0285],[11.705,56.0375],[11.725,56.029861],[11.735,56.037692],[11.745,56.03625],[11.75,56.041333],[11.785,56.0475],[11.815,56.0425],[11.827857,56.05],[11.82125,56.065],[11.83,56.077],[11.85,56.080385],[11.865,56.072333],[11.875,56.075],[11.91,56.0875],[11.916667,56.095],[11.935,56.095],[11.95,56.1055],[11.995,56.1125],[11.999,56.115],[11.995,56.120556],[12.01,56.117],[12.015,56.125],[12.02,56.11875],[12.02625,56.125],[12.025,56.13],[12.07,56.124],[12.075,56.13],[12.08,56.125],[12.09,56.131818],[12.095,56.123333],[12.1,56.131],[12.115,56.128958],[12.12,56.134333],[12.13,56.129062],[12.175,56.145417],[12.2,56.13881],[12.219091,56.17],[12.235,56.167692],[12.238333,56.17],[12.235,56.1756],[12.241538,56.175],[12.245,56.165909],[12.25,56.168824],[12.295,56.163953],[12.355,56.150245],[12.45,56.107123],[12.465,56.108185],[12.5294,56.095],[12.605,56.066556],[12.625,56.061094],[12.625037,56.065],[12.57,56.095064],[12.56,56.10507],[12.53,56.120052],[12.52,56.12005],[12.465,56.150048],[12.455,56.150047],[12.425,56.175044],[12.39,56.195044],[12.375,56.210044],[12.32,56.225048],[12.255,56.250056],[12.24,56.250057],[12.16,56.280072],[12.145,56.280072],[12.14,56.285075],[12.1,56.295084],[12.085082,56.305],[12.090082,56.335],[12.105082,56.37],[12.105076,56.385],[12.120072,56.42],[12.125083,56.45],[12.130083,56.455],[12.130073,56.47],[12.145097,56.505],[12.11,56.552273],[12.1,56.54627],[12.065,56.543864],[12.038846,56.56],[12.055,56.574773],[12.07,56.574706],[12.09,56.565455],[12.095,56.565313],[12.095007,56.57],[12.00509,56.69],[11.965091,56.735],[11.950132,56.76],[11.930062,56.78],[11.915054,56.805],[11.855105,56.875],[11.780134,56.975],[11.735139,57.025],[11.735193,57.03],[11.660122,57.12],[11.660107,57.125],[11.635158,57.15],[11.600109,57.2],[11.495171,57.325],[11.495212,57.33],[11.425196,57.41],[11.405167,57.44],[11.260165,57.59],[11.260162,57.595],[11.150115,57.705],[11.150116,57.71],[11.130117,57.725],[11.13012,57.73],[11.04,57.820157],[11.01,57.835186],[10.97,57.865302],[10.955,57.87035],[10.93,57.890432],[10.915,57.895461],[10.89,57.915558],[10.875,57.920581],[10.85,57.94066],[10.835,57.945683],[10.795,57.975757],[10.750751,58.0]]}},{"type":"Feature","properties":{"depth":15.0,"source":"DDM 2024 coarse contour","resolution":"0.005 degree sampled grid"},"geometry":{"type":"LineString","coordinates":[[12.565,55.466429],[12.54,55.4475],[12.51,55.44],[12.505,55.425],[12.5,55.423333],[12.485,55.423333],[12.46,55.436667],[12.44,55.435],[12.44,55.425],[12.43,55.42],[12.4225,55.405],[12.47,55.343571],[12.474605,55.325],[12.467241,55.31],[12.467917,55.285],[12.459167,55.275],[12.461136,55.27],[12.43,55.259583],[12.4,55.22375],[12.3875,55.225],[12.395,55.21],[12.400833,55.21],[12.395,55.205],[12.415,55.19],[12.42,55.17625],[12.435,55.176333],[12.44,55.17],[12.43,55.173333],[12.43,55.169412],[12.45,55.166154],[12.455,55.157917],[12.461364,55.165],[12.51,55.127273],[12.5,55.095],[12.47,55.075],[12.469444,55.065],[12.47625,55.05],[12.500208,55.04],[12.498889,55.03],[12.504643,55.025],[12.525,55.018542],[12.553661,55.0],[12.556,54.99],[12.570278,54.985],[12.569245,54.97],[12.575,54.969167],[12.575455,54.955],[12.565741,54.95],[12.563846,54.935],[12.55,54.916667],[12.53,54.906167],[12.496154,54.915],[12.503333,54.925],[12.5,54.935],[12.485,54.938846],[12.45,54.945625],[12.365,54.945635],[12.315,54.922632],[12.302381,54.91],[12.2995,54.9],[12.27,54.8825],[12.242917,54.835],[12.211,54.805],[12.212424,54.8],[12.206538,54.795],[12.209022,54.79],[12.199194,54.785],[12.203125,54.78],[12.175,54.765],[12.171,54.755],[12.176852,54.75],[12.17,54.739375],[12.165,54.73587],[12.16,54.74],[12.156429,54.735],[12.167143,54.72],[12.15375,54.72],[12.157381,54.715],[12.15,54.7055],[12.145,54.7075],[12.14,54.696],[12.134167,54.695],[12.137308,54.685],[12.13,54.675],[12.125,54.678],[12.125,54.673125],[12.13,54.675],[12.133214,54.67],[12.12125,54.665],[12.132353,54.65],[12.125455,54.645],[12.127778,54.64],[12.136739,54.635],[12.1275,54.63],[12.132969,54.625],[12.132361,54.61],[12.118,54.605],[12.113684,54.595],[12.101429,54.585],[12.099,54.56],[12.11,54.55],[12.113,54.535],[12.163333,54.505],[12.180455,54.475],[12.205,54.489974],[12.44,54.689985],[12.49,54.699985],[12.495,54.704985],[12.51,54.704986],[12.515,54.709986],[12.53,54.709987],[12.535,54.714987],[12.55,54.714988],[12.555,54.719988],[12.57,54.719988],[12.575,54.724988],[12.59,54.724987],[12.595,54.729986],[12.61,54.729984],[12.615,54.734983],[12.63,54.734981],[12.635,54.739984],[12.65,54.739982],[12.655,54.744988],[12.67,54.744987],[12.675,54.749988],[12.69,54.749987],[12.695,54.754986],[12.71,54.754985],[12.715,54.759985],[12.73,54.759985],[12.735,54.764985],[12.75,54.764983],[12.805,54.78998],[12.815,54.789979],[12.845,54.804976],[12.87,54.809973],[12.885,54.81997],[12.91,54.824967],[12.965,54.859932],[12.99,54.884888],[13.02,54.904872],[13.045,54.929873],[13.05,54.929873],[13.075,54.954874],[13.08,54.954872],[13.14004,55.005],[13.135,55.015038],[13.12,55.020028],[13.11,55.030025],[13.095,55.03502],[13.05,55.065017],[13.04,55.06502],[12.975,55.09506],[12.965,55.095061],[12.95,55.105088],[12.925,55.110086],[12.91,55.120094],[12.9,55.120093],[12.885,55.130097],[12.875,55.130096],[12.86,55.140092],[12.85,55.140092],[12.835,55.150089],[12.825,55.150089],[12.81,55.160086],[12.79,55.165085],[12.71,55.225041],[12.69,55.235043],[12.665031,55.26],[12.635024,55.305],[12.635009,55.35],[12.625005,55.37],[12.620002,55.395],[12.612,55.405],[12.61375,55.41],[12.602,55.415],[12.58,55.438333],[12.575,55.45],[12.5775,55.455],[12.565,55.466429]]}},{"type":"Feature","properties":{"depth":15.0,"source":"DDM 2024 coarse contour","resolution":"0.005 degree sampled grid"},"geometry":{"type":"LineString","coordinates":[[16.2,55.425289],[16.165,55.430295],[16.16,55.435295],[16.14,55.435299],[16.115,55.445302],[16.1,55.445305],[16.095,55.450306],[16.075,55.450308],[16.05,55.460309],[16.03,55.46031],[16.025,55.465309],[16.01,55.465312],[15.985,55.475312],[15.965,55.475316],[15.94,55.485315],[15.92,55.485319],[15.895,55.495319],[15.875,55.495323],[15.87,55.500321],[15.835,55.505317],[15.83,55.510311],[15.81,55.510317],[15.805,55.515313],[15.77,55.520303],[15.765,55.525298],[15.745,55.525293],[15.74,55.530289],[15.685,55.540276],[15.68,55.545273],[15.66,55.545272],[15.655,55.55027],[15.64,55.550271],[15.615,55.560267],[15.595,55.56027],[15.57,55.570261],[15.555,55.57026],[15.55,55.575259],[15.53,55.575259],[15.505,55.585256],[15.485,55.585255],[15.48,55.590253],[15.425,55.600255],[15.42,55.605256],[15.4,55.605256],[15.375,55.615257],[15.355,55.615261],[15.35,55.620263],[15.335,55.620261],[15.31,55.630262],[15.29,55.630264],[15.265,55.640263],[15.245,55.640264],[15.24,55.645263],[15.205,55.650259],[15.18,55.660254],[15.16,55.660256],[15.135,55.670246],[15.115,55.670248],[15.11,55.675245],[15.07,55.68023],[15.065,55.685231],[15.04,55.690213],[14.97,55.640262],[14.955,55.635277],[14.915,55.60529],[14.9,55.600291],[14.83,55.550274],[14.815,55.54527],[14.73,55.485246],[14.715,55.480252],[14.585,55.390284],[14.57,55.385256],[14.45,55.305161],[14.355,55.230137],[14.335,55.220137],[14.035,54.995155],[13.994848,54.96],[14.03,54.934855],[14.06,54.904866],[14.09,54.884874],[14.17,54.81493],[14.41,54.814996],[14.414999,54.81],[14.415,54.788947],[14.435,54.773],[14.455,54.77],[14.446,54.765],[14.4475,54.76],[14.463929,54.745],[14.468125,54.735],[14.457143,54.725],[14.4595,54.72],[14.44,54.71],[14.441667,54.705],[14.415,54.70425],[14.414921,54.66],[14.63,54.539966],[14.645041,54.55],[14.675123,54.6],[14.69,54.614859],[14.71,54.614857],[14.715,54.60986],[14.76,54.60486],[14.765,54.599862],[14.785,54.599861],[14.79,54.594863],[14.815,54.594861],[14.82,54.589863],[14.885,54.584858],[14.89,54.579859],[14.93,54.579854],[14.935,54.574856],[14.985,54.57485],[14.99,54.569853],[15.155,54.569841],[15.16,54.574838],[15.225,54.574836],[15.23,54.579835],[15.255,54.579829],[15.26,54.584824],[15.305,54.589819],[15.34,54.604806],[15.355,54.604806],[15.375,54.614797],[15.39,54.614796],[15.425,54.629784],[15.435,54.629783],[15.44,54.634781],[15.46,54.634781],[15.485,54.644777],[15.505,54.644778],[15.53,54.654773],[15.545,54.654774],[15.55,54.659771],[15.57,54.659772],[15.595,54.669768],[15.635,54.674767],[15.655,54.684763],[15.665,54.684764],[15.71,54.719761],[15.76,54.749761],[15.79,54.779753],[15.820248,54.8],[15.870271,54.875],[15.970288,54.99],[15.960269,55.005],[15.960253,55.02],[15.95526,55.025],[15.950297,55.075],[15.945305,55.08],[15.945316,55.1],[15.940324,55.105],[15.94034,55.135],[16.010347,55.225],[16.020348,55.24],[16.020349,55.25],[16.04,55.259661],[16.06,55.259667],[16.065,55.264674],[16.085,55.264675],[16.09,55.269684],[16.13,55.274691],[16.135,55.279701],[16.155,55.2797],[16.16,55.284708],[16.2,55.289715]]}},{"type":"Feature","properties":{"depth":15.0,"source":"DDM 2024 coarse contour","resolution":"0.005 degree sampled grid"},"geometry":{"type":"LineString","coordinates":[[10.52,54.71],[10.5035,54.705],[10.51,54.710833],[10.52,54.71]]}},{"type":"Feature","properties":{"depth":15.0,"source":"DDM 2024 coarse contour","resolution":"0.005 degree sampled grid"},"geometry":{"type":"LineString","coordinates":[[10.425593,54.77],[10.43,54.763594],[10.451862,54.76],[10.460263,54.74],[10.445,54.731176],[10.425,54.729667],[10.41,54.717],[10.395,54.721],[10.3375,54.71],[10.3425,54.715],[10.333571,54.72],[10.351071,54.73],[10.355,54.741818],[10.37,54.75],[10.371,54.745],[10.391296,54.74],[10.39,54.746379],[10.37,54.75],[10.37275,54.76],[10.4,54.772292],[10.425593,54.77]]}},{"type":"Feature","properties":{"depth":15.0,"source":"DDM 2024 coarse contour","resolution":"0.005 degree sampled grid"},"geometry":{"type":"LineString","coordinates":[[14.415,54.730952],[14.415,54.713333],[14.42875,54.715],[14.425,54.724118],[14.415,54.730952]]}},{"type":"Feature","properties":{"depth":15.0,"source":"DDM 2024 coarse contour","resolution":"0.005 degree sampled grid"},"geometry":{"type":"LineString","coordinates":[[10.291667,54.75],[10.3095,54.745],[10.305,54.73],[10.2675,54.74],[10.28,54.749474],[10.291667,54.75]]}},{"type":"Feature","properties":{"depth":15.0,"source":"DDM 2024 coarse contour","resolution":"0.005 degree sampled grid"},"geometry":{"type":"LineString","coordinates":[[10.513889,54.76],[10.526277,54.755],[10.52,54.753259],[10.50934,54.76],[10.513889,54.76]]}},{"type":"Feature","properties":{"depth":15.0,"source":"DDM 2024 coarse contour","resolution":"0.005 degree sampled grid"},"geometry":{"type":"LineString","coordinates":[[10.52619,54.805],[10.540882,54.795],[10.545667,54.785],[10.564741,54.775],[10.566667,54.765],[10.56,54.764615],[10.555789,54.755],[10.531,54.76],[10.537895,54.77],[10.497222,54.805],[10.51,54.808534],[10.52619,54.805]]}},{"type":"Feature","properties":{"depth":15.0,"source":"DDM 2024 coarse contour","resolution":"0.005 degree sampled grid"},"geometry":{"type":"LineString","coordinates":[[9.725,54.900023],[9.711148,54.9],[9.709216,54.895],[9.74,54.88777],[9.75415,54.88],[9.751024,54.87],[9.765,54.866786],[9.77,54.859812],[9.78,54.860944],[9.801842,54.845],[9.79,54.838092],[9.765,54.840818],[9.735,54.829688],[9.735,54.824949],[9.895,54.84493],[10.045,54.769934],[10.057456,54.77],[10.053864,54.78],[10.025,54.788784],[10.015,54.803141],[10.0,54.802273],[9.981346,54.81],[9.98,54.8235],[9.999444,54.835],[10.0,54.840471],[9.98,54.841923],[9.96,54.836481],[9.905,54.856512],[9.85,54.851262],[9.833,54.845],[9.835,54.861111],[9.875,54.857955],[9.877973,54.865],[9.861783,54.875],[9.861279,54.88],[9.886437,54.895],[9.885,54.899098],[9.83,54.885058],[9.79,54.888984],[9.78,54.896481],[9.755,54.89267],[9.725,54.900023]]}},{"type":"Feature","properties":{"depth":15.0,"source":"DDM 2024 coarse contour","resolution":"0.005 degree sampled grid"},"geometry":{"type":"LineString","coordinates":[[14.6725,54.855],[14.675577,54.85],[14.67,54.836111],[14.63,54.799926],[14.615,54.7995],[14.595,54.808333],[14.59,54.804231],[14.584,54.81],[14.59,54.81125],[14.595,54.8225],[14.62,54.82125],[14.625,54.835],[14.6175,54.845],[14.653333,54.84],[14.63375,54.855],[14.6725,54.855]]}},{"type":"Feature","properties":{"depth":15.0,"source":"DDM 2024 coarse contour","resolution":"0.005 degree sampled grid"},"geometry":{"type":"LineString","coordinates":[[10.316053,54.83],[10.32,54.824375],[10.312143,54.83],[10.316053,54.83]]}},{"type":"Feature","properties":{"depth":15.0,"source":"DDM 2024 coarse contour","resolution":"0.005 degree sampled grid"},"geometry":{"type":"LineString","coordinates":[[9.695,54.845063],[9.66,54.849432],[9.65,54.846543],[9.727262,54.83],[9.695,54.845063]]}},{"type":"Feature","properties":{"depth":15.0,"source":"DDM 2024 coarse contour","resolution":"0.005 degree sampled grid"},"geometry":{"type":"LineString","coordinates":[[14.516364,54.865],[14.52,54.858036],[14.53,54.865],[14.53,54.858438],[14.533125,54.86],[14.53,54.865],[14.56,54.852692],[14.568125,54.855],[14.568333,54.85],[14.553043,54.84],[14.568,54.835],[14.545,54.83],[14.54375,54.835],[14.525,54.846818],[14.52,54.849],[14.515,54.844167],[14.518889,54.85],[14.515,54.852059],[14.496333,54.855],[14.505,54.862273],[14.51,54.858182],[14.51125,54.865],[14.516364,54.865]]}},{"type":"Feature","properties":{"depth":15.0,"source":"DDM 2024 coarse contour","resolution":"0.005 degree sampled grid"},"geometry":{"type":"LineString","coordinates":[[10.2825,54.86],[10.295,54.855],[10.295833,54.85],[10.284375,54.84],[10.247755,54.845],[10.26,54.856038],[10.27,54.854621],[10.2825,54.86]]}},{"type":"Feature","properties":{"depth":15.0,"source":"DDM 2024 coarse contour","resolution":"0.005 degree sampled grid"},"geometry":{"type":"LineString","coordinates":[[10.865161,54.87],[10.855,54.863],[10.846176,54.87],[10.865161,54.87]]}},{"type":"Feature","properties":{"depth":15.0,"source":"DDM 2024 coarse contour","resolution":"0.005 degree sampled grid"},"geometry":{"type":"LineString","coordinates":[[14.73,54.93],[14.765,54.918636],[14.78,54.926818],[14.795,54.919286],[14.795,54.91],[14.785,54.899814],[14.745,54.879672],[14.715,54.874593],[14.68,54.860952],[14.645833,54.875],[14.65,54.878333],[14.6725,54.875],[14.66,54.885],[14.66,54.89],[14.675,54.89],[14.68,54.89625],[14.695,54.9],[14.6925,54.91],[14.7,54.918],[14.73,54.93]]}},{"type":"Feature","properties":{"depth":15.0,"source":"DDM 2024 coarse contour","resolution":"0.005 degree sampled grid"},"geometry":{"type":"LineString","coordinates":[[12.095,54.900813],[12.081429,54.9],[12.09,54.9],[12.088393,54.895],[12.111522,54.895],[12.1,54.89582],[12.095,54.900813]]}},{"type":"Feature","properties":{"depth":15.0,"source":"DDM 2024 coarse contour","resolution":"0.005 degree sampled grid"},"geometry":{"type":"LineString","coordinates":[[12.05,54.901818],[12.028929,54.9],[12.053448,54.9],[12.05,54.901818]]}},{"type":"Feature","properties":{"depth":15.0,"source":"DDM 2024 coarse contour","resolution":"0.005 degree sampled grid"},"geometry":{"type":"LineString","coordinates":[[11.95,54.956176],[11.907879,54.955],[11.935,54.955],[11.94,54.949529],[11.96,54.947395],[11.98,54.937407],[11.995,54.915353],[12.005,54.912642],[11.985,54.940616],[11.95,54.956176]]}},{"type":"Feature","properties":{"depth":15.0,"source":"DDM 2024 coarse contour","resolution":"0.005 degree sampled grid"},"geometry":{"type":"LineString","coordinates":[[10.343402,54.935],[10.363219,54.925],[10.36,54.921736],[10.335286,54.935],[10.343402,54.935]]}},{"type":"Feature","properties":{"depth":15.0,"source":"DDM 2024 coarse contour","resolution":"0.005 degree sampled grid"},"geometry":{"type":"LineString","coordinates":[[14.777537,55.3],[14.845,55.250722],[14.894167,55.23],[14.94,55.217022],[14.975,55.21697],[15.024481,55.18],[15.091207,55.155],[15.145,55.144942],[15.155,55.136178],[15.157801,55.125],[15.153517,55.12],[15.153483,55.1],[15.159965,55.085],[15.149873,55.07],[15.15,55.0572],[15.14,55.045],[15.156731,55.04],[15.15931,55.035],[15.155,55.026],[15.160714,55.015],[15.138333,55.005],[15.134286,54.995],[15.140322,54.97],[15.105,54.975],[15.113333,54.985],[15.11,54.985857],[15.1,54.986611],[15.095,54.98],[15.065,54.978788],[14.97,54.988333],[14.92,54.970588],[14.88,54.964185],[14.836875,54.94],[14.8,54.926875],[14.777778,54.935],[14.795,54.938889],[14.795714,54.945],[14.76375,54.96],[14.76,54.965714],[14.715,54.978721],[14.705,54.986719],[14.69,54.985],[14.6805,54.99],[14.69,55.001061],[14.69,54.991667],[14.705,54.9921],[14.725,54.983446],[14.73,54.988571],[14.75,54.98413],[14.79,54.958929],[14.817,54.95],[14.81,54.95],[14.81375,54.96],[14.81,54.965],[14.815,54.97],[14.79875,54.98],[14.804615,54.985],[14.795,54.986667],[14.785,54.98125],[14.77,54.984143],[14.76,54.999167],[14.755,54.992895],[14.75,55.002333],[14.74,54.998529],[14.735,55.01],[14.725,55.016667],[14.715,55.016273],[14.705,55.027195],[14.6998,55.025],[14.699286,55.015],[14.725,55.008947],[14.732,55.0],[14.692692,55.01],[14.687593,55.025],[14.699643,55.035],[14.680652,55.05],[14.68,55.055606],[14.665,55.051],[14.660484,55.055],[14.672059,55.06],[14.66,55.060658],[14.657155,55.065],[14.675556,55.07],[14.671316,55.075],[14.681765,55.08],[14.667556,55.09],[14.673902,55.095],[14.666935,55.1],[14.675435,55.105],[14.67,55.105217],[14.660909,55.12],[14.669107,55.135],[14.68,55.1375],[14.693409,55.17],[14.690873,55.195],[14.7,55.22],[14.745,55.265],[14.750012,55.29],[14.765,55.30092],[14.777537,55.3]]}},{"type":"Feature","properties":{"depth":15.0,"source":"DDM 2024 coarse contour","resolution":"0.005 degree sampled grid"},"geometry":{"type":"LineString","coordinates":[[10.298667,55.0],[10.29,54.987091],[10.283173,54.985],[10.292688,54.98],[10.285,54.974756],[10.273797,54.98],[10.275,54.993712],[10.29,55.001941],[10.298667,55.0]]}},{"type":"Feature","properties":{"depth":15.0,"source":"DDM 2024 coarse contour","resolution":"0.005 degree sampled grid"},"geometry":{"type":"LineString","coordinates":[[14.82,54.981875],[14.806667,54.98],[14.815,54.975455],[14.82,54.97625],[14.82,54.981875]]}},{"type":"Feature","properties":{"depth":15.0,"source":"DDM 2024 coarse contour","resolution":"0.005 degree sampled grid"},"geometry":{"type":"LineString","coordinates":[[14.845,55.002419],[14.84,54.997273],[14.83,54.998125],[14.823333,54.99],[14.855,54.981],[14.88,54.99],[14.875,54.995],[14.85,54.996471],[14.845,55.002419]]}},{"type":"Feature","properties":{"depth":15.0,"source":"DDM 2024 coarse contour","resolution":"0.005 degree sampled grid"},"geometry":{"type":"LineString","coordinates":[[14.915,54.99569],[14.893125,54.995],[14.91,54.991875],[14.915,54.99569]]}},{"type":"Feature","properties":{"depth":15.0,"source":"DDM 2024 coarse contour","resolution":"0.005 degree sampled grid"},"geometry":{"type":"LineString","coordinates":[[10.495,55.025697],[10.485,55.029024],[10.480417,55.025],[10.515714,55.02],[10.495,55.025697]]}},{"type":"Feature","properties":{"depth":15.0,"source":"DDM 2024 coarse contour","resolution":"0.005 degree sampled grid"},"geometry":{"type":"LineString","coordinates":[[11.15,55.025179],[11.144565,55.02],[11.15,55.015556],[11.15,55.025179]]}},{"type":"Feature","properties":{"depth":15.0,"source":"DDM 2024 coarse contour","resolution":"0.005 degree sampled grid"},"geometry":{"type":"LineString","coordinates":[[10.22,55.033712],[10.216343,55.03],[10.225,55.02102],[10.228679,55.025],[10.225,55.028679],[10.22,55.025],[10.223889,55.03],[10.22,55.033712]]}},{"type":"Feature","properties":{"depth":15.0,"source":"DDM 2024 coarse contour","resolution":"0.005 degree sampled grid"},"geometry":{"type":"LineString","coordinates":[[10.43,55.03125],[10.380833,55.025],[10.405,55.023333],[10.43,55.03125]]}},{"type":"Feature","properties":{"depth":15.0,"source":"DDM 2024 coarse contour","resolution":"0.005 degree sampled grid"},"geometry":{"type":"LineString","coordinates":[[11.065,55.025227],[11.050714,55.025],[11.055,55.02],[11.065,55.025227]]}},{"type":"Feature","properties":{"depth":15.0,"source":"DDM 2024 coarse contour","resolution":"0.005 degree sampled grid"},"geometry":{"type":"LineString","coordinates":[[10.325,55.030246],[10.303333,55.03],[10.329375,55.03],[10.325,55.030246]]}},{"type":"Feature","properties":{"depth":15.0,"source":"DDM 2024 coarse contour","resolution":"0.005 degree sampled grid"},"geometry":{"type":"LineString","coordinates":[[10.48,55.0314],[10.46775,55.03],[10.48,55.025882],[10.483182,55.03],[10.48,55.0314]]}},{"type":"Feature","properties":{"depth":15.0,"source":"DDM 2024 coarse contour","resolution":"0.005 degree sampled grid"},"geometry":{"type":"LineString","coordinates":[[11.29,55.101],[11.255,55.04934],[11.248387,55.035],[11.25,55.028256],[11.262308,55.03],[11.259714,55.035],[11.265204,55.045],[11.289231,55.065],[11.3,55.09],[11.29,55.101]]}},{"type":"Feature","properties":{"depth":15.0,"source":"DDM 2024 coarse contour","resolution":"0.005 degree sampled grid"},"geometry":{"type":"LineString","coordinates":[[9.948522,55.065],[9.995544,55.035],[9.95,55.048811],[9.945,55.042258],[9.93,55.043036],[9.902755,55.055],[9.93,55.065372],[9.948522,55.065]]}},{"type":"Feature","properties":{"depth":15.0,"source":"DDM 2024 coarse contour","resolution":"0.005 degree sampled grid"},"geometry":{"type":"LineString","coordinates":[[10.465,55.035612],[10.435366,55.035],[10.455,55.031479],[10.4686,55.035],[10.465,55.035612]]}},{"type":"Feature","properties":{"depth":15.0,"source":"DDM 2024 coarse contour","resolution":"0.005 degree sampled grid"},"geometry":{"type":"LineString","coordinates":[[8.45,55.065387],[8.42,55.068058],[8.42,55.064964],[8.44,55.064934],[8.445,55.059966],[8.465,55.059912],[8.479934,55.05],[8.485,55.035093],[8.491558,55.04],[8.49,55.055745],[8.45,55.065387]]}},{"type":"Feature","properties":{"depth":15.0,"source":"DDM 2024 coarse contour","resolution":"0.005 degree sampled grid"},"geometry":{"type":"LineString","coordinates":[[10.27,55.050223],[10.245,55.053514],[10.231518,55.045],[10.265,55.039697],[10.285,55.0425],[10.27,55.050223]]}},{"type":"Feature","properties":{"depth":15.0,"source":"DDM 2024 coarse contour","resolution":"0.005 degree sampled grid"},"geometry":{"type":"LineString","coordinates":[[9.907396,55.085],[9.9,55.076092],[9.89,55.080948],[9.874412,55.08],[9.8784,55.085],[9.9,55.089864],[9.907396,55.085]]}},{"type":"Feature","properties":{"depth":15.0,"source":"DDM 2024 coarse contour","resolution":"0.005 degree sampled grid"},"geometry":{"type":"LineString","coordinates":[[9.849444,55.1],[9.85,55.094146],[9.843933,55.1],[9.849444,55.1]]}},{"type":"Feature","properties":{"depth":15.0,"source":"DDM 2024 coarse contour","resolution":"0.005 degree sampled grid"},"geometry":{"type":"LineString","coordinates":[[9.886429,55.135],[9.9,55.123611],[9.915039,55.12],[9.916071,55.115],[9.91,55.11852],[9.902692,55.115],[9.91,55.10808],[9.936071,55.1],[9.92,55.092898],[9.89875,55.105],[9.893429,55.1],[9.898261,55.095],[9.895,55.093235],[9.875,55.094296],[9.875,55.103125],[9.886909,55.11],[9.886429,55.135]]}},{"type":"Feature","properties":{"depth":15.0,"source":"DDM 2024 coarse contour","resolution":"0.005 degree sampled grid"},"geometry":{"type":"LineString","coordinates":[[9.57619,55.13],[9.59,55.125637],[9.599643,55.115],[9.597739,55.11],[9.57,55.107338],[9.555,55.110047],[9.541684,55.12],[9.55,55.134972],[9.57619,55.13]]}},{"type":"Feature","properties":{"depth":15.0,"source":"DDM 2024 coarse contour","resolution":"0.005 degree sampled grid"},"geometry":{"type":"LineString","coordinates":[[9.702396,55.135],[9.70875,55.13],[9.685,55.124942],[9.665,55.127246],[9.66,55.119695],[9.62883,55.12],[9.636111,55.13],[9.65,55.134507],[9.66,55.128429],[9.68,55.136857],[9.702396,55.135]]}},{"type":"Feature","properties":{"depth":15.0,"source":"DDM 2024 coarse contour","resolution":"0.005 degree sampled grid"},"geometry":{"type":"LineString","coordinates":[[11.028438,55.16],[11.030625,55.15],[11.0375,55.145],[11.031512,55.14],[11.030375,55.13],[11.015,55.119722],[11.013043,55.13],[11.005,55.128889],[10.999759,55.135],[11.01,55.150541],[11.028438,55.16]]}},{"type":"Feature","properties":{"depth":15.0,"source":"DDM 2024 coarse contour","resolution":"0.005 degree sampled grid"},"geometry":{"type":"LineString","coordinates":[[11.075,55.154537],[11.070196,55.15],[11.07,55.1375],[11.085,55.14],[11.075,55.154537]]}},{"type":"Feature","properties":{"depth":15.0,"source":"DDM 2024 coarse contour","resolution":"0.005 degree sampled grid"},"geometry":{"type":"LineString","coordinates":[[11.153469,55.285],[11.18,55.277083],[11.195,55.26665],[11.202271,55.22],[11.21125,55.21],[11.272402,55.175],[11.275,55.151154],[11.235,55.152377],[11.197554,55.185],[11.17,55.19785],[11.14,55.196917],[11.108059,55.205],[11.125732,55.22],[11.105,55.247969],[11.094519,55.255],[11.094762,55.28],[11.11,55.286406],[11.153469,55.285]]}},{"type":"Feature","properties":{"depth":15.0,"source":"DDM 2024 coarse contour","resolution":"0.005 degree sampled grid"},"geometry":{"type":"LineString","coordinates":[[12.44,55.15625],[12.4275,55.155],[12.44,55.15],[12.44,55.15625]]}},{"type":"Feature","properties":{"depth":15.0,"source":"DDM 2024 coarse contour","resolution":"0.005 degree sampled grid"},"geometry":{"type":"LineString","coordinates":[[9.714286,55.17],[9.71,55.161038],[9.7,55.158146],[9.686389,55.165],[9.68525,55.17],[9.714286,55.17]]}},{"type":"Feature","properties":{"depth":15.0,"source":"DDM 2024 coarse contour","resolution":"0.005 degree sampled grid"},"geometry":{"type":"LineString","coordinates":[[9.57,55.170968],[9.554412,55.165],[9.565,55.163605],[9.57,55.170968]]}},{"type":"Feature","properties":{"depth":15.0,"source":"DDM 2024 coarse contour","resolution":"0.005 degree sampled grid"},"geometry":{"type":"LineString","coordinates":[[10.92,55.197353],[10.905,55.197097],[10.905,55.187778],[10.923333,55.195],[10.92,55.197353]]}},{"type":"Feature","properties":{"depth":15.0,"source":"DDM 2024 coarse contour","resolution":"0.005 degree sampled grid"},"geometry":{"type":"LineString","coordinates":[[9.845,55.214211],[9.838,55.205],[9.846979,55.205],[9.845,55.214211]]}},{"type":"Feature","properties":{"depth":15.0,"source":"DDM 2024 coarse contour","resolution":"0.005 degree sampled grid"},"geometry":{"type":"LineString","coordinates":[[9.81,55.242077],[9.805781,55.24],[9.805,55.227636],[9.81,55.224636],[9.824444,55.23],[9.815,55.231939],[9.81,55.242077]]}},{"type":"Feature","properties":{"depth":15.0,"source":"DDM 2024 coarse contour","resolution":"0.005 degree sampled grid"},"geometry":{"type":"LineString","coordinates":[[8.12,55.29],[8.13,55.285],[8.131667,55.275],[8.12,55.263333],[8.1,55.259],[8.078077,55.27],[8.076667,55.28],[8.085,55.29],[8.1,55.294],[8.12,55.29]]}},{"type":"Feature","properties":{"depth":15.0,"source":"DDM 2024 coarse contour","resolution":"0.005 degree sampled grid"},"geometry":{"type":"LineString","coordinates":[[8.24,55.2605],[8.225,55.26],[8.23,55.256667],[8.24,55.2605]]}},{"type":"Feature","properties":{"depth":15.0,"source":"DDM 2024 coarse contour","resolution":"0.005 degree sampled grid"},"geometry":{"type":"LineString","coordinates":[[10.895652,55.29],[10.905737,55.285],[10.9,55.273085],[10.8925,55.285],[10.895652,55.29]]}},{"type":"Feature","properties":{"depth":15.0,"source":"DDM 2024 coarse contour","resolution":"0.005 degree sampled grid"},"geometry":{"type":"LineString","coordinates":[[9.67,55.501282],[9.668855,55.495],[9.655574,55.485],[9.7,55.462028],[9.702667,55.45],[9.72081,55.43],[9.715,55.421212],[9.695714,55.42],[9.705,55.40375],[9.705714,55.39],[9.688846,55.38],[9.71,55.378474],[9.729626,55.36],[9.728367,55.35],[9.72,55.342979],[9.69,55.344865],[9.685385,55.34],[9.715,55.335102],[9.745,55.345333],[9.815,55.338355],[9.845,55.327037],[9.855,55.314803],[9.865,55.316667],[9.862813,55.3],[9.845693,55.285],[9.85,55.280991],[9.87,55.294236],[9.875,55.289819],[9.88,55.312333],[9.86,55.334022],[9.835,55.338158],[9.820588,55.35],[9.8,55.35],[9.775,55.3602],[9.767642,55.37],[9.770192,55.385],[9.762812,55.405],[9.749667,55.425],[9.74,55.430823],[9.735,55.428448],[9.713235,55.47],[9.695,55.470086],[9.675,55.48825],[9.67,55.501282]]}},{"type":"Feature","properties":{"depth":15.0,"source":"DDM 2024 coarse contour","resolution":"0.005 degree sampled grid"},"geometry":{"type":"LineString","coordinates":[[10.985,55.355],[11.02,55.352],[11.016471,55.33],[11.00575,55.325],[11.016786,55.32],[11.01775,55.315],[10.975,55.301774],[10.95,55.300729],[10.959167,55.295],[10.955,55.293333],[10.92,55.300859],[10.91,55.295],[10.908125,55.305],[10.94,55.34],[10.965,55.353019],[10.985,55.355]]}},{"type":"Feature","properties":{"depth":15.0,"source":"DDM 2024 coarse contour","resolution":"0.005 degree sampled grid"},"geometry":{"type":"LineString","coordinates":[[10.925,55.318113],[10.920804,55.31],[10.93,55.302015],[10.932553,55.31],[10.925,55.318113]]}},{"type":"Feature","properties":{"depth":15.0,"source":"DDM 2024 coarse contour","resolution":"0.005 degree sampled grid"},"geometry":{"type":"LineString","coordinates":[[15.176183,55.33],[15.195714,55.32],[15.185,55.315247],[15.164529,55.33],[15.176183,55.33]]}},{"type":"Feature","properties":{"depth":15.0,"source":"DDM 2024 coarse contour","resolution":"0.005 degree sampled grid"},"geometry":{"type":"LineString","coordinates":[[7.880556,55.33],[7.87,55.326125],[7.862059,55.33],[7.875,55.335],[7.880556,55.33]]}},{"type":"Feature","properties":{"depth":15.0,"source":"DDM 2024 coarse contour","resolution":"0.005 degree sampled grid"},"geometry":{"type":"LineString","coordinates":[[9.685,55.346127],[9.674783,55.345],[9.685,55.340789],[9.689706,55.345],[9.685,55.346127]]}},{"type":"Feature","properties":{"depth":15.0,"source":"DDM 2024 coarse contour","resolution":"0.005 degree sampled grid"},"geometry":{"type":"LineString","coordinates":[[11.013043,55.36],[11.0,55.355],[11.005,55.364375],[11.013043,55.36]]}},{"type":"Feature","properties":{"depth":15.0,"source":"DDM 2024 coarse contour","resolution":"0.005 degree sampled grid"},"geometry":{"type":"LineString","coordinates":[[9.752143,55.395],[9.750641,55.38],[9.745,55.378333],[9.738333,55.395],[9.745,55.399286],[9.752143,55.395]]}},{"type":"Feature","properties":{"depth":15.0,"source":"DDM 2024 coarse contour","resolution":"0.005 degree sampled grid"},"geometry":{"type":"LineString","coordinates":[[9.720368,55.41],[9.72,55.406875],[9.707857,55.41],[9.720368,55.41]]}},{"type":"Feature","properties":{"depth":15.0,"source":"DDM 2024 coarse contour","resolution":"0.005 degree sampled grid"},"geometry":{"type":"LineString","coordinates":[[11.125,55.420741],[11.125,55.410833],[11.130313,55.415],[11.125,55.420741]]}},{"type":"Feature","properties":{"depth":15.0,"source":"DDM 2024 coarse contour","resolution":"0.005 degree sampled grid"},"geometry":{"type":"LineString","coordinates":[[9.695,55.446167],[9.683488,55.425],[9.69,55.4206],[9.698784,55.445],[9.695,55.446167]]}},{"type":"Feature","properties":{"depth":15.0,"source":"DDM 2024 coarse contour","resolution":"0.005 degree sampled grid"},"geometry":{"type":"LineString","coordinates":[[8.105,55.44625],[8.08,55.445],[8.08,55.44],[8.09,55.4375],[8.105,55.44625]]}},{"type":"Feature","properties":{"depth":15.0,"source":"DDM 2024 coarse contour","resolution":"0.005 degree sampled grid"},"geometry":{"type":"LineString","coordinates":[[8.075,55.495263],[8.057264,55.49],[8.056818,55.47],[8.065,55.458333],[8.075,55.455],[8.101667,55.46],[8.093095,55.475],[8.082812,55.48],[8.08475,55.49],[8.075,55.495263]]}},{"type":"Feature","properties":{"depth":15.0,"source":"DDM 2024 coarse contour","resolution":"0.005 degree sampled grid"},"geometry":{"type":"LineString","coordinates":[[9.725,55.486667],[9.716744,55.475],[9.72975,55.48],[9.725,55.486667]]}},{"type":"Feature","properties":{"depth":15.0,"source":"DDM 2024 coarse contour","resolution":"0.005 degree sampled grid"},"geometry":{"type":"LineString","coordinates":[[7.72,55.485],[7.709211,55.48],[7.715,55.48625],[7.72,55.485]]}},{"type":"Feature","properties":{"depth":15.0,"source":"DDM 2024 coarse contour","resolution":"0.005 degree sampled grid"},"geometry":{"type":"LineString","coordinates":[[9.675,55.524437],[9.644998,55.51],[9.643657,55.495],[9.655,55.485697],[9.659781,55.49],[9.656682,55.495],[9.661119,55.51],[9.679891,55.52],[9.675,55.524437]]}},{"type":"Feature","properties":{"depth":15.0,"source":"DDM 2024 coarse contour","resolution":"0.005 degree sampled grid"},"geometry":{"type":"LineString","coordinates":[[7.533864,55.5],[7.525,55.495244],[7.518942,55.5],[7.53,55.505],[7.533864,55.5]]}},{"type":"Feature","properties":{"depth":15.0,"source":"DDM 2024 coarse contour","resolution":"0.005 degree sampled grid"},"geometry":{"type":"LineString","coordinates":[[7.6575,55.51],[7.658214,55.505],[7.65,55.497976],[7.65,55.506429],[7.6575,55.51]]}},{"type":"Feature","properties":{"depth":15.0,"source":"DDM 2024 coarse contour","resolution":"0.005 degree sampled grid"},"geometry":{"type":"LineString","coordinates":[[10.946596,55.515],[10.94,55.5075],[10.935385,55.51],[10.94,55.518571],[10.946596,55.515]]}},{"type":"Feature","properties":{"depth":15.0,"source":"DDM 2024 coarse contour","resolution":"0.005 degree sampled grid"},"geometry":{"type":"LineString","coordinates":[[7.705,55.515909],[7.691364,55.515],[7.695,55.510556],[7.705,55.515909]]}},{"type":"Feature","properties":{"depth":15.0,"source":"DDM 2024 coarse contour","resolution":"0.005 degree sampled grid"},"geometry":{"type":"LineString","coordinates":[[10.936087,55.54],[10.937625,55.53],[10.93,55.526154],[10.909737,55.535],[10.908846,55.54],[10.936087,55.54]]}},{"type":"Feature","properties":{"depth":15.0,"source":"DDM 2024 coarse contour","resolution":"0.005 degree sampled grid"},"geometry":{"type":"LineString","coordinates":[[10.7183,55.595],[10.723333,55.585],[10.72,55.582143],[10.713448,55.585],[10.718261,55.59],[10.711489,55.595],[10.715,55.599583],[10.7183,55.595]]}},{"type":"Feature","properties":{"depth":15.0,"source":"DDM 2024 coarse contour","resolution":"0.005 degree sampled grid"},"geometry":{"type":"LineString","coordinates":[[10.99,55.616518],[10.975909,55.615],[10.99,55.612821],[10.99,55.616518]]}},{"type":"Feature","properties":{"depth":15.0,"source":"DDM 2024 coarse contour","resolution":"0.005 degree sampled grid"},"geometry":{"type":"LineString","coordinates":[[7.855,55.63],[7.86,55.62],[7.835385,55.62],[7.845,55.631],[7.855,55.63]]}},{"type":"Feature","properties":{"depth":15.0,"source":"DDM 2024 coarse contour","resolution":"0.005 degree sampled grid"},"geometry":{"type":"LineString","coordinates":[[10.7475,55.63],[10.745,55.617821],[10.735,55.615109],[10.730313,55.62],[10.72925,55.63],[10.7475,55.63]]}},{"type":"Feature","properties":{"depth":15.0,"source":"DDM 2024 coarse contour","resolution":"0.005 degree sampled grid"},"geometry":{"type":"LineString","coordinates":[[7.422222,55.635],[7.425,55.63],[7.415,55.622857],[7.404583,55.63],[7.415,55.636591],[7.422222,55.635]]}},{"type":"Feature","properties":{"depth":15.0,"source":"DDM 2024 coarse contour","resolution":"0.005 degree sampled grid"},"geometry":{"type":"LineString","coordinates":[[10.985,55.642083],[10.97,55.64],[10.973333,55.635],[10.985,55.635833],[10.985,55.642083]]}},{"type":"Feature","properties":{"depth":15.0,"source":"DDM 2024 coarse contour","resolution":"0.005 degree sampled grid"},"geometry":{"type":"LineString","coordinates":[[10.858625,55.645],[10.855,55.64],[10.827959,55.645],[10.858625,55.645]]}},{"type":"Feature","properties":{"depth":15.0,"source":"DDM 2024 coarse contour","resolution":"0.005 degree sampled grid"},"geometry":{"type":"LineString","coordinates":[[9.855,55.6717],[9.8275,55.665],[9.85,55.660862],[9.86,55.665],[9.855,55.6717]]}},{"type":"Feature","properties":{"depth":15.0,"source":"DDM 2024 coarse contour","resolution":"0.005 degree sampled grid"},"geometry":{"type":"LineString","coordinates":[[10.573,55.69],[10.588889,55.675],[10.565,55.664219],[10.555658,55.685],[10.565,55.694125],[10.573,55.69]]}},{"type":"Feature","properties":{"depth":15.0,"source":"DDM 2024 coarse contour","resolution":"0.005 degree sampled grid"},"geometry":{"type":"LineString","coordinates":[[9.885,55.679375],[9.86663,55.675],[9.865,55.667],[9.8885,55.675],[9.885,55.679375]]}},{"type":"Feature","properties":{"depth":15.0,"source":"DDM 2024 coarse contour","resolution":"0.005 degree sampled grid"},"geometry":{"type":"LineString","coordinates":[[10.856429,55.72],[10.88,55.71],[10.88875,55.7],[10.87,55.669062],[10.859444,55.67],[10.85,55.677188],[10.825,55.715],[10.83,55.72375],[10.856429,55.72]]}},{"type":"Feature","properties":{"depth":15.0,"source":"DDM 2024 coarse contour","resolution":"0.005 degree sampled grid"},"geometry":{"type":"LineString","coordinates":[[9.91,55.680581],[9.88525,55.68],[9.895,55.675571],[9.913125,55.68],[9.91,55.680581]]}},{"type":"Feature","properties":{"depth":15.0,"source":"DDM 2024 coarse contour","resolution":"0.005 degree sampled grid"},"geometry":{"type":"LineString","coordinates":[[10.619792,55.69],[10.624902,55.685],[10.615,55.679886],[10.601071,55.685],[10.599342,55.69],[10.615,55.69434],[10.619792,55.69]]}},{"type":"Feature","properties":{"depth":15.0,"source":"DDM 2024 coarse contour","resolution":"0.005 degree sampled grid"},"geometry":{"type":"LineString","coordinates":[[12.675,55.727576],[12.68,55.696111],[12.685,55.691818],[12.694167,55.72],[12.675,55.727576]]}},{"type":"Feature","properties":{"depth":15.0,"source":"DDM 2024 coarse contour","resolution":"0.005 degree sampled grid"},"geometry":{"type":"LineString","coordinates":[[10.609815,55.705],[10.62,55.698519],[10.605,55.6954],[10.601061,55.705],[10.609815,55.705]]}},{"type":"Feature","properties":{"depth":15.0,"source":"DDM 2024 coarse contour","resolution":"0.005 degree sampled grid"},"geometry":{"type":"LineString","coordinates":[[10.698421,55.705],[10.695,55.699505],[10.675,55.69545],[10.652705,55.7],[10.665,55.7086],[10.698421,55.705]]}},{"type":"Feature","properties":{"depth":15.0,"source":"DDM 2024 coarse contour","resolution":"0.005 degree sampled grid"},"geometry":{"type":"LineString","coordinates":[[10.565,55.75],[10.560114,55.745],[10.576418,55.74],[10.5908,55.725],[10.581923,55.715],[10.58,55.703922],[10.565,55.710185],[10.56,55.707321],[10.5525,55.715],[10.546744,55.74],[10.565,55.75]]}},{"type":"Feature","properties":{"depth":15.0,"source":"DDM 2024 coarse contour","resolution":"0.005 degree sampled grid"},"geometry":{"type":"LineString","coordinates":[[10.715313,55.725],[10.727895,55.715],[10.706402,55.715],[10.715313,55.725]]}},{"type":"Feature","properties":{"depth":15.0,"source":"DDM 2024 coarse contour","resolution":"0.005 degree sampled grid"},"geometry":{"type":"LineString","coordinates":[[12.695,55.7305],[12.695,55.723333],[12.7,55.72325],[12.695,55.7305]]}},{"type":"Feature","properties":{"depth":15.0,"source":"DDM 2024 coarse contour","resolution":"0.005 degree sampled grid"},"geometry":{"type":"LineString","coordinates":[[10.74575,55.745],[10.735,55.734035],[10.726034,55.735],[10.735,55.742941],[10.74575,55.745]]}},{"type":"Feature","properties":{"depth":15.0,"source":"DDM 2024 coarse contour","resolution":"0.005 degree sampled grid"},"geometry":{"type":"LineString","coordinates":[[10.584,56.05],[10.581667,56.04],[10.595,56.027679],[10.63375,56.02],[10.695,55.990714],[10.701364,55.985],[10.705588,55.965],[10.697429,55.96],[10.72,55.951429],[10.723646,55.955],[10.711429,55.97],[10.720688,55.975],[10.72,56.0],[10.735,55.992162],[10.755,55.999921],[10.785,55.999474],[10.80525,55.98],[10.789121,55.965],[10.79,55.957105],[10.8,55.963305],[10.825,55.965556],[10.835,55.958939],[10.84,55.966875],[10.845,55.966786],[10.853111,55.96],[10.845,55.955714],[10.84,55.95881],[10.838095,55.955],[10.845,55.954839],[10.86,55.939239],[10.865208,55.945],[10.86,55.963889],[10.95,55.965872],[10.969808,55.96],[10.953571,55.95],[10.955,55.9345],[10.95,55.937179],[10.939333,55.93],[10.905,55.923708],[10.875,55.925],[10.865,55.935196],[10.860167,55.925],[10.8485,55.92],[10.847222,55.915],[10.86,55.911149],[10.863947,55.905],[10.81,55.89438],[10.795833,55.895],[10.78,55.904375],[10.76,55.905],[10.750682,55.91],[10.765,55.916076],[10.771803,55.925],[10.772252,55.935],[10.788025,55.955],[10.782083,55.955],[10.765,55.936678],[10.75525,55.935],[10.755,55.93],[10.7475,55.94],[10.742353,55.935],[10.747326,55.93],[10.74,55.923276],[10.735,55.926776],[10.721176,55.91],[10.729318,55.895],[10.715,55.881429],[10.71,55.882177],[10.671579,55.855],[10.663793,55.84],[10.670775,55.82],[10.664535,55.81],[10.665407,55.8],[10.654342,55.79],[10.63,55.751],[10.62,55.742143],[10.6,55.743625],[10.585,55.75598],[10.5615,55.755],[10.565,55.75],[10.535,55.76],[10.511429,55.785],[10.50425,55.8],[10.515435,55.81],[10.517023,55.82],[10.48822,55.87],[10.5,55.884894],[10.533333,55.895],[10.519259,55.91],[10.53,55.9225],[10.530802,55.935],[10.518045,55.955],[10.517281,55.985],[10.565241,56.025],[10.57,56.048438],[10.584,56.05]]}},{"type":"Feature","properties":{"depth":15.0,"source":"DDM 2024 coarse contour","resolution":"0.005 degree sampled grid"},"geometry":{"type":"LineString","coordinates":[[11.045,55.770556],[11.05,55.77],[11.046667,55.765],[11.05,55.763462],[11.07,55.765],[11.045,55.770556]]}},{"type":"Feature","properties":{"depth":15.0,"source":"DDM 2024 coarse contour","resolution":"0.005 degree sampled grid"},"geometry":{"type":"LineString","coordinates":[[12.645,56.055107],[12.635105,56.055],[12.635,56.049681],[12.625,56.051222],[12.62701,56.04],[12.614985,56.03],[12.607045,56.015],[12.603833,56.0],[12.61,55.99],[12.606667,55.965],[12.612812,55.95],[12.609167,55.94],[12.615,55.9125],[12.605,55.917857],[12.6,55.912791],[12.595,55.917847],[12.592833,55.91],[12.608947,55.9],[12.61,55.890789],[12.615,55.903611],[12.636071,55.895],[12.639643,55.89],[12.635,55.883333],[12.62,55.891786],[12.613659,55.885],[12.665,55.847643],[12.697768,55.815],[12.699375,55.795],[12.716875,55.77],[12.725,55.763235],[12.74,55.762857],[12.76,55.771304],[12.760017,55.775],[12.745,55.790038],[12.735,55.7816],[12.734375,55.79],[12.740028,55.795],[12.695013,55.835],[12.695,55.843519],[12.685,55.844483],[12.665,55.866],[12.66,55.865],[12.662778,55.87],[12.64375,55.89],[12.65,55.885],[12.655,55.890909],[12.675,55.88587],[12.675002,55.895],[12.665,55.905012],[12.655,55.911944],[12.65,55.91],[12.653514,55.915],[12.645071,55.925],[12.645009,55.96],[12.65,55.973333],[12.639091,55.98],[12.63,55.995],[12.629487,56.03],[12.645,56.038333],[12.650494,56.03],[12.645526,56.025],[12.65,56.014565],[12.655016,56.025],[12.655111,56.04],[12.645,56.055107]]}},{"type":"Feature","properties":{"depth":15.0,"source":"DDM 2024 coarse contour","resolution":"0.005 degree sampled grid"},"geometry":{"type":"LineString","coordinates":[[10.08,55.806634],[10.074737,55.795],[10.08,55.79],[10.08,55.806634]]}},{"type":"Feature","properties":{"depth":15.0,"source":"DDM 2024 coarse contour","resolution":"0.005 degree sampled grid"},"geometry":{"type":"LineString","coordinates":[[11.295,55.812875],[11.29,55.803],[11.2996,55.81],[11.295,55.812875]]}},{"type":"Feature","properties":{"depth":15.0,"source":"DDM 2024 coarse contour","resolution":"0.005 degree sampled grid"},"geometry":{"type":"LineString","coordinates":[[10.697059,55.825],[10.705,55.815],[10.682027,55.815],[10.69,55.826818],[10.697059,55.825]]}},{"type":"Feature","properties":{"depth":15.0,"source":"DDM 2024 coarse contour","resolution":"0.005 degree sampled grid"},"geometry":{"type":"LineString","coordinates":[[11.155,55.830943],[11.146136,55.825],[11.19,55.815556],[11.225,55.82],[11.215,55.827581],[11.185,55.823061],[11.155,55.830943]]}},{"type":"Feature","properties":{"depth":15.0,"source":"DDM 2024 coarse contour","resolution":"0.005 degree sampled grid"},"geometry":{"type":"LineString","coordinates":[[10.874,55.84],[10.88,55.84],[10.880435,55.835],[10.870833,55.83],[10.875,55.823333],[10.865,55.832083],[10.85,55.824773],[10.845,55.83],[10.85,55.826],[10.865,55.84],[10.874,55.84]]}},{"type":"Feature","properties":{"depth":15.0,"source":"DDM 2024 coarse contour","resolution":"0.005 degree sampled grid"},"geometry":{"type":"LineString","coordinates":[[11.29,55.831513],[11.285,55.834825],[11.282356,55.83],[11.295,55.8216],[11.299322,55.825],[11.29,55.831513]]}},{"type":"Feature","properties":{"depth":15.0,"source":"DDM 2024 coarse contour","resolution":"0.005 degree sampled grid"},"geometry":{"type":"LineString","coordinates":[[7.558571,55.85],[7.5725,55.84],[7.569,55.83],[7.555,55.827941],[7.533333,55.835],[7.532222,55.84],[7.54,55.8475],[7.558571,55.85]]}},{"type":"Feature","properties":{"depth":15.0,"source":"DDM 2024 coarse contour","resolution":"0.005 degree sampled grid"},"geometry":{"type":"LineString","coordinates":[[10.709375,55.84],[10.720312,55.83],[10.702778,55.835],[10.705,55.840854],[10.709375,55.84]]}},{"type":"Feature","properties":{"depth":15.0,"source":"DDM 2024 coarse contour","resolution":"0.005 degree sampled grid"},"geometry":{"type":"LineString","coordinates":[[10.975395,55.895],[11.07,55.856495],[11.095,55.841719],[11.101831,55.835],[11.101,55.83],[11.09,55.826949],[11.075,55.831],[11.025,55.861765],[11.011,55.865],[11.01,55.87],[10.985,55.885],[10.975,55.8855],[10.969167,55.895],[10.975395,55.895]]}},{"type":"Feature","properties":{"depth":15.0,"source":"DDM 2024 coarse contour","resolution":"0.005 degree sampled grid"},"geometry":{"type":"LineString","coordinates":[[11.0584,55.835],[11.055,55.83],[11.040455,55.835],[11.05,55.839318],[11.0584,55.835]]}},{"type":"Feature","properties":{"depth":15.0,"source":"DDM 2024 coarse contour","resolution":"0.005 degree sampled grid"},"geometry":{"type":"LineString","coordinates":[[10.9075,55.85],[10.915556,55.845],[10.897308,55.845],[10.9075,55.85]]}},{"type":"Feature","properties":{"depth":15.0,"source":"DDM 2024 coarse contour","resolution":"0.005 degree sampled grid"},"geometry":{"type":"LineString","coordinates":[[10.850648,55.89],[10.865,55.889923],[10.869776,55.885],[10.868617,55.875],[10.86,55.870333],[10.84,55.874524],[10.83,55.871071],[10.832,55.885],[10.850648,55.89]]}},{"type":"Feature","properties":{"depth":15.0,"source":"DDM 2024 coarse contour","resolution":"0.005 degree sampled grid"},"geometry":{"type":"LineString","coordinates":[[10.976538,55.88],[10.97,55.875],[10.953333,55.88],[10.975,55.884],[10.976538,55.88]]}},{"type":"Feature","properties":{"depth":15.0,"source":"DDM 2024 coarse contour","resolution":"0.005 degree sampled grid"},"geometry":{"type":"LineString","coordinates":[[10.963684,55.895],[10.95,55.891607],[10.937619,55.895],[10.945,55.899028],[10.963684,55.895]]}},{"type":"Feature","properties":{"depth":15.0,"source":"DDM 2024 coarse contour","resolution":"0.005 degree sampled grid"},"geometry":{"type":"LineString","coordinates":[[11.045,55.923909],[11.039375,55.905],[11.045,55.902973],[11.048906,55.91],[11.045,55.923909]]}},{"type":"Feature","properties":{"depth":15.0,"source":"DDM 2024 coarse contour","resolution":"0.005 degree sampled grid"},"geometry":{"type":"LineString","coordinates":[[10.431887,55.925],[10.425,55.917222],[10.417277,55.925],[10.425,55.929114],[10.431887,55.925]]}},{"type":"Feature","properties":{"depth":15.0,"source":"DDM 2024 coarse contour","resolution":"0.005 degree sampled grid"},"geometry":{"type":"LineString","coordinates":[[10.815,55.92609],[10.805,55.926176],[10.805,55.920333],[10.815,55.92609]]}},{"type":"Feature","properties":{"depth":15.0,"source":"DDM 2024 coarse contour","resolution":"0.005 degree sampled grid"},"geometry":{"type":"LineString","coordinates":[[10.74,55.945674],[10.727679,55.945],[10.74,55.936],[10.744324,55.94],[10.74,55.945674]]}},{"type":"Feature","properties":{"depth":15.0,"source":"DDM 2024 coarse contour","resolution":"0.005 degree sampled grid"},"geometry":{"type":"LineString","coordinates":[[10.33,55.9825],[10.327821,55.975],[10.335,55.97],[10.335,55.979],[10.33,55.9825]]}},{"type":"Feature","properties":{"depth":15.0,"source":"DDM 2024 coarse contour","resolution":"0.005 degree sampled grid"},"geometry":{"type":"LineString","coordinates":[[10.825556,55.98],[10.828333,55.975],[10.825,55.972857],[10.814667,55.975],[10.82,55.980882],[10.825556,55.98]]}},{"type":"Feature","properties":{"depth":15.0,"source":"DDM 2024 coarse contour","resolution":"0.005 degree sampled grid"},"geometry":{"type":"LineString","coordinates":[[10.515538,56.085],[10.51125,56.075],[10.513793,56.065],[10.506818,56.06],[10.535,56.045753],[10.535,56.037079],[10.526364,56.035],[10.520068,56.025],[10.502,56.015],[10.5006,56.01],[10.507017,56.005],[10.505068,55.99],[10.495,55.987727],[10.49,55.998077],[10.485789,55.995],[10.486591,55.985],[10.48,55.984777],[10.469651,56.0],[10.474091,56.01],[10.468953,56.015],[10.473158,56.02],[10.47,56.024286],[10.43,56.033235],[10.425,56.04],[10.427373,56.05],[10.431465,56.06],[10.445,56.071833],[10.455,56.075074],[10.48,56.072286],[10.495,56.083333],[10.515538,56.085]]}},{"type":"Feature","properties":{"depth":15.0,"source":"DDM 2024 coarse contour","resolution":"0.005 degree sampled grid"},"geometry":{"type":"LineString","coordinates":[[11.456,56.005],[11.46,55.997],[11.48,55.985],[11.47,55.980833],[11.46,55.993333],[11.45,55.997353],[11.45,56.005],[11.456,56.005]]}},{"type":"Feature","properties":{"depth":15.0,"source":"DDM 2024 coarse contour","resolution":"0.005 degree sampled grid"},"geometry":{"type":"LineString","coordinates":[[10.8698,56.045],[10.88,56.038125],[10.885,56.042969],[10.888065,56.04],[10.875,56.032286],[10.856375,56.03],[10.885,56.020161],[10.88,56.009337],[10.85,55.999242],[10.823889,56.015],[10.841071,56.03],[10.855,56.035],[10.850278,56.04],[10.857396,56.045],[10.8698,56.045]]}},{"type":"Feature","properties":{"depth":15.0,"source":"DDM 2024 coarse contour","resolution":"0.005 degree sampled grid"},"geometry":{"type":"LineString","coordinates":[[10.97,56.01],[10.965769,56.0],[10.958488,56.0],[10.965,56.009737],[10.97,56.01]]}},{"type":"Feature","properties":{"depth":15.0,"source":"DDM 2024 coarse contour","resolution":"0.005 degree sampled grid"},"geometry":{"type":"LineString","coordinates":[[10.444231,56.025],[10.455,56.022083],[10.4564,56.015],[10.447407,56.015],[10.436765,56.025],[10.444231,56.025]]}},{"type":"Feature","properties":{"depth":15.0,"source":"DDM 2024 coarse contour","resolution":"0.005 degree sampled grid"},"geometry":{"type":"LineString","coordinates":[[10.910952,56.025],[10.905,56.017157],[10.898177,56.02],[10.9,56.025068],[10.910952,56.025]]}},{"type":"Feature","properties":{"depth":15.0,"source":"DDM 2024 coarse contour","resolution":"0.005 degree sampled grid"},"geometry":{"type":"LineString","coordinates":[[10.606452,56.055],[10.615111,56.05],[10.615,56.04],[10.598,56.045],[10.598878,56.055],[10.606452,56.055]]}},{"type":"Feature","properties":{"depth":15.0,"source":"DDM 2024 coarse contour","resolution":"0.005 degree sampled grid"},"geometry":{"type":"LineString","coordinates":[[11.045909,56.085],[11.046429,56.07],[11.015,56.04734],[10.995,56.049063],[10.975,56.062917],[10.995,56.080875],[11.03,56.087115],[11.045909,56.085]]}},{"type":"Feature","properties":{"depth":15.0,"source":"DDM 2024 coarse contour","resolution":"0.005 degree sampled grid"},"geometry":{"type":"LineString","coordinates":[[10.350109,56.075],[10.362188,56.065],[10.35,56.0578],[10.337979,56.07],[10.34,56.075714],[10.350109,56.075]]}},{"type":"Feature","properties":{"depth":15.0,"source":"DDM 2024 coarse contour","resolution":"0.005 degree sampled grid"},"geometry":{"type":"LineString","coordinates":[[10.396481,56.075],[10.411026,56.065],[10.405,56.055455],[10.395,56.061613],[10.388462,56.06],[10.396481,56.075]]}},{"type":"Feature","properties":{"depth":15.0,"source":"DDM 2024 coarse contour","resolution":"0.005 degree sampled grid"},"geometry":{"type":"LineString","coordinates":[[10.837059,56.18],[10.847065,56.175],[10.84,56.16],[10.845,56.138378],[10.855,56.128],[10.895147,56.105],[10.901667,56.095],[10.901354,56.085],[10.85,56.058158],[10.825,56.057419],[10.805952,56.07],[10.815957,56.08],[10.805,56.089524],[10.795,56.09371],[10.79,56.087308],[10.775,56.085946],[10.75526,56.1],[10.77,56.107983],[10.79,56.0925],[10.793182,56.095],[10.78875,56.115],[10.796044,56.12],[10.787609,56.13],[10.792351,56.135],[10.788591,56.145],[10.819615,56.165],[10.82,56.183182],[10.837059,56.18]]}},{"type":"Feature","properties":{"depth":15.0,"source":"DDM 2024 coarse contour","resolution":"0.005 degree sampled grid"},"geometry":{"type":"LineString","coordinates":[[10.6725,56.07],[10.675,56.064444],[10.657054,56.07],[10.6725,56.07]]}},{"type":"Feature","properties":{"depth":15.0,"source":"DDM 2024 coarse contour","resolution":"0.005 degree sampled grid"},"geometry":{"type":"LineString","coordinates":[[10.373542,56.095],[10.388696,56.085],[10.385,56.07575],[10.365,56.078548],[10.356944,56.095],[10.365,56.098485],[10.373542,56.095]]}},{"type":"Feature","properties":{"depth":15.0,"source":"DDM 2024 coarse contour","resolution":"0.005 degree sampled grid"},"geometry":{"type":"LineString","coordinates":[[10.65875,56.085],[10.64,56.076047],[10.63,56.08],[10.64,56.087703],[10.65875,56.085]]}},{"type":"Feature","properties":{"depth":15.0,"source":"DDM 2024 coarse contour","resolution":"0.005 degree sampled grid"},"geometry":{"type":"LineString","coordinates":[[10.835,56.101],[10.83,56.09275],[10.838333,56.095],[10.839375,56.1],[10.835,56.101]]}},{"type":"Feature","properties":{"depth":15.0,"source":"DDM 2024 coarse contour","resolution":"0.005 degree sampled grid"},"geometry":{"type":"LineString","coordinates":[[10.845,56.109468],[10.838784,56.105],[10.845,56.094359],[10.850982,56.1],[10.845,56.109468]]}},{"type":"Feature","properties":{"depth":15.0,"source":"DDM 2024 coarse contour","resolution":"0.005 degree sampled grid"},"geometry":{"type":"LineString","coordinates":[[10.795,56.110385],[10.790667,56.105],[10.8,56.095682],[10.80226,56.105],[10.795,56.110385]]}},{"type":"Feature","properties":{"depth":15.0,"source":"DDM 2024 coarse contour","resolution":"0.005 degree sampled grid"},"geometry":{"type":"LineString","coordinates":[[10.740776,56.115],[10.73,56.102532],[10.725,56.104655],[10.73,56.113224],[10.740776,56.115]]}},{"type":"Feature","properties":{"depth":15.0,"source":"DDM 2024 coarse contour","resolution":"0.005 degree sampled grid"},"geometry":{"type":"LineString","coordinates":[[10.885385,56.15],[10.89,56.145],[10.875,56.141429],[10.862407,56.145],[10.865,56.150278],[10.885385,56.15]]}},{"type":"Feature","properties":{"depth":15.0,"source":"DDM 2024 coarse contour","resolution":"0.005 degree sampled grid"},"geometry":{"type":"LineString","coordinates":[[11.247969,56.285],[11.231,56.265],[11.232222,56.24],[11.224091,56.215],[11.233333,56.185],[11.208875,56.165],[11.145,56.143564],[11.142667,56.16],[11.155833,56.17],[11.157273,56.18],[11.176667,56.205],[11.176875,56.22],[11.185536,56.24],[11.215,56.26125],[11.22,56.271818],[11.245,56.288065],[11.247969,56.285]]}},{"type":"Feature","properties":{"depth":15.0,"source":"DDM 2024 coarse contour","resolution":"0.005 degree sampled grid"},"geometry":{"type":"LineString","coordinates":[[10.785216,56.175],[10.78875,56.17],[10.78561,56.165],[10.775,56.161667],[10.775,56.177719],[10.785216,56.175]]}},{"type":"Feature","properties":{"depth":15.0,"source":"DDM 2024 coarse contour","resolution":"0.005 degree sampled grid"},"geometry":{"type":"LineString","coordinates":[[11.687375,56.22],[11.698537,56.215],[11.699333,56.21],[11.720227,56.205],[11.742152,56.185],[11.715,56.178623],[11.699355,56.19],[11.67,56.20013],[11.660082,56.21],[11.665,56.217578],[11.687375,56.22]]}},{"type":"Feature","properties":{"depth":15.0,"source":"DDM 2024 coarse contour","resolution":"0.005 degree sampled grid"},"geometry":{"type":"LineString","coordinates":[[10.851667,56.21],[10.845,56.193333],[10.818092,56.2],[10.82,56.206406],[10.83,56.202],[10.851667,56.21]]}},{"type":"Feature","properties":{"depth":15.0,"source":"DDM 2024 coarse contour","resolution":"0.005 degree sampled grid"},"geometry":{"type":"LineString","coordinates":[[10.35,56.225],[10.331197,56.22],[10.345,56.217593],[10.352364,56.22],[10.35,56.225]]}},{"type":"Feature","properties":{"depth":15.0,"source":"DDM 2024 coarse contour","resolution":"0.005 degree sampled grid"},"geometry":{"type":"LineString","coordinates":[[11.787222,56.315],[11.81,56.310959],[11.814239,56.305],[11.820417,56.285],[11.808667,56.27],[11.74,56.253762],[11.705185,56.27],[11.705,56.27875],[11.722727,56.29],[11.735,56.31418],[11.75,56.318258],[11.787222,56.315]]}},{"type":"Feature","properties":{"depth":15.0,"source":"DDM 2024 coarse contour","resolution":"0.005 degree sampled grid"},"geometry":{"type":"LineString","coordinates":[[11.49875,56.31],[11.51125,56.3],[11.5,56.292833],[11.48,56.303333],[11.49875,56.31]]}},{"type":"Feature","properties":{"depth":15.0,"source":"DDM 2024 coarse contour","resolution":"0.005 degree sampled grid"},"geometry":{"type":"LineString","coordinates":[[11.363968,56.34],[11.345,56.327203],[11.305,56.314167],[11.294405,56.315],[11.292885,56.32],[11.305,56.332083],[11.33,56.341786],[11.36,56.344808],[11.363968,56.34]]}},{"type":"Feature","properties":{"depth":15.0,"source":"DDM 2024 coarse contour","resolution":"0.005 degree sampled grid"},"geometry":{"type":"LineString","coordinates":[[11.045,56.581],[11.0375,56.575],[11.045,56.571429],[11.045,56.581]]}},{"type":"Feature","properties":{"depth":15.0,"source":"DDM 2024 coarse contour","resolution":"0.005 degree sampled grid"},"geometry":{"type":"LineString","coordinates":[[11.085,56.68625],[11.079,56.675],[11.08,56.6575],[11.0725,56.66],[11.095,56.63],[11.088889,56.63],[11.1,56.625],[11.10875,56.635],[11.094167,56.65],[11.092,56.675],[11.085,56.68625]]}},{"type":"Feature","properties":{"depth":15.0,"source":"DDM 2024 coarse contour","resolution":"0.005 degree sampled grid"},"geometry":{"type":"LineString","coordinates":[[10.02,56.679118],[10.0,56.679636],[9.965,56.665],[9.963017,56.66],[9.98,56.659842],[9.995,56.669952],[10.024118,56.675],[10.02,56.679118]]}},{"type":"Feature","properties":{"depth":15.0,"source":"DDM 2024 coarse contour","resolution":"0.005 degree sampled grid"},"geometry":{"type":"LineString","coordinates":[[11.186,56.67],[11.185,56.6575],[11.164167,56.67],[11.18,56.675],[11.186,56.67]]}},{"type":"Feature","properties":{"depth":15.0,"source":"DDM 2024 coarse contour","resolution":"0.005 degree sampled grid"},"geometry":{"type":"LineString","coordinates":[[9.18,56.704583],[9.166452,56.695],[9.1844,56.7],[9.18,56.704583]]}},{"type":"Feature","properties":{"depth":15.0,"source":"DDM 2024 coarse contour","resolution":"0.005 degree sampled grid"},"geometry":{"type":"LineString","coordinates":[[11.13875,56.7],[11.1375,56.695],[11.13,56.695],[11.125,56.705],[11.13875,56.7]]}},{"type":"Feature","properties":{"depth":15.0,"source":"DDM 2024 coarse contour","resolution":"0.005 degree sampled grid"},"geometry":{"type":"LineString","coordinates":[[11.145,56.715],[11.142,56.71],[11.145,56.705],[11.135,56.715],[11.14,56.711],[11.145,56.715]]}},{"type":"Feature","properties":{"depth":15.0,"source":"DDM 2024 coarse contour","resolution":"0.005 degree sampled grid"},"geometry":{"type":"LineString","coordinates":[[9.21,56.726364],[9.199492,56.715],[9.2,56.71],[9.210217,56.72],[9.21,56.726364]]}},{"type":"Feature","properties":{"depth":15.0,"source":"DDM 2024 coarse contour","resolution":"0.005 degree sampled grid"},"geometry":{"type":"LineString","coordinates":[[8.86,56.769545],[8.85505,56.765],[8.855,56.756],[8.863311,56.765],[8.86,56.769545]]}},{"type":"Feature","properties":{"depth":15.0,"source":"DDM 2024 coarse contour","resolution":"0.005 degree sampled grid"},"geometry":{"type":"LineString","coordinates":[[11.055,56.798333],[11.035,56.795],[11.055,56.7925],[11.059,56.795],[11.055,56.798333]]}},{"type":"Feature","properties":{"depth":15.0,"source":"DDM 2024 coarse contour","resolution":"0.005 degree sampled grid"},"geometry":{"type":"LineString","coordinates":[[11.005,56.8315],[10.995,56.830625],[10.995,56.825],[11.01,56.812692],[11.045,56.80125],[11.0775,56.8],[11.07,56.8],[11.07,56.807143],[11.05,56.81],[11.04,56.818333],[11.005,56.8315]]}},{"type":"Feature","properties":{"depth":15.0,"source":"DDM 2024 coarse contour","resolution":"0.005 degree sampled grid"},"geometry":{"type":"LineString","coordinates":[[11.145,56.887],[11.1175,56.885],[11.122,56.88],[11.111667,56.875],[11.115,56.865],[11.105,56.86375],[11.1,56.87],[11.077,56.855],[11.08125,56.85],[11.078333,56.845],[11.115,56.836667],[11.13,56.84],[11.15,56.834167],[11.16,56.8365],[11.175,56.85375],[11.18,56.851667],[11.181667,56.86],[11.17,56.861],[11.16,56.88],[11.145,56.887]]}},{"type":"Feature","properties":{"depth":15.0,"source":"DDM 2024 coarse contour","resolution":"0.005 degree sampled grid"},"geometry":{"type":"LineString","coordinates":[[11.595714,56.91],[11.625,56.886667],[11.625,56.88],[11.605,56.884286],[11.595,56.878333],[11.59,56.89],[11.591,56.905],[11.586111,56.91],[11.595714,56.91]]}},{"type":"Feature","properties":{"depth":15.0,"source":"DDM 2024 coarse contour","resolution":"0.005 degree sampled grid"},"geometry":{"type":"LineString","coordinates":[[8.51625,57.095],[8.51,57.089125],[8.501667,57.09],[8.51625,57.095]]}},{"type":"Feature","properties":{"depth":15.0,"source":"DDM 2024 coarse contour","resolution":"0.005 degree sampled grid"},"geometry":{"type":"LineString","coordinates":[[8.697,57.17],[8.665,57.162368],[8.655227,57.165],[8.656667,57.17],[8.665,57.172353],[8.697,57.17]]}},{"type":"Feature","properties":{"depth":15.0,"source":"DDM 2024 coarse contour","resolution":"0.005 degree sampled grid"},"geometry":{"type":"LineString","coordinates":[[10.75,57.18],[10.745,57.168333],[10.74,57.169706],[10.739375,57.175],[10.75,57.18]]}},{"type":"Feature","properties":{"depth":15.0,"source":"DDM 2024 coarse contour","resolution":"0.005 degree sampled grid"},"geometry":{"type":"LineString","coordinates":[[8.95,57.21],[8.9525,57.205],[8.93,57.196875],[8.914,57.2],[8.90125,57.21],[8.925,57.213462],[8.95,57.21]]}},{"type":"Feature","properties":{"depth":15.0,"source":"DDM 2024 coarse contour","resolution":"0.005 degree sampled grid"},"geometry":{"type":"LineString","coordinates":[[10.725833,57.275],[10.72,57.268333],[10.72,57.275],[10.725833,57.275]]}},{"type":"Feature","properties":{"depth":15.0,"source":"DDM 2024 coarse contour","resolution":"0.005 degree sampled grid"},"geometry":{"type":"LineString","coordinates":[[9.408565,58.0],[9.36,57.976162],[9.35,57.966092],[9.3,57.940972],[9.265,57.915864],[9.24,57.905815],[9.18,57.865668],[9.095,57.820505],[9.07,57.800498],[9.045,57.790507],[9.035,57.780505],[8.96,57.74048],[8.89,57.695366],[8.855,57.69039],[8.85,57.685405],[8.825,57.685419],[8.82,57.680439],[8.795,57.680442],[8.79,57.675444],[8.77,57.675457],[8.765,57.670463],[8.745,57.670499],[8.74,57.665509],[8.715,57.665562],[8.71,57.660558],[8.69,57.660606],[8.685,57.655588],[8.66,57.655645],[8.655,57.650615],[8.635,57.650654],[8.63,57.645613],[8.605,57.645655],[8.6,57.640603],[8.58,57.640653],[8.575,57.635622],[8.55,57.635663],[8.545,57.630656],[8.5,57.625646],[8.495,57.620632],[8.445,57.615629],[8.44,57.610615],[8.365,57.595621],[8.345,57.585604],[8.325,57.585616],[8.305,57.575596],[8.265,57.570596],[8.245,57.560577],[8.23,57.560586],[8.225,57.555577],[8.21,57.555586],[8.205,57.550579],[8.19,57.550586],[8.185,57.545579],[8.17,57.545587],[8.165,57.540577],[8.15,57.540587],[8.145,57.535577],[8.13,57.535587],[8.125,57.530579],[8.11,57.530591],[8.105,57.525582],[8.09,57.525591],[8.085,57.520582],[8.07,57.520585],[8.065,57.515576],[7.99,57.500522],[7.97,57.490523],[7.955,57.49052],[7.92,57.475514],[7.91,57.475512],[7.905,57.470505],[7.89,57.470508],[7.855,57.455476],[7.84,57.455483],[7.79,57.435396],[7.775,57.435387],[7.725,57.415322],[7.71,57.415319],[7.66,57.395317],[7.645,57.395322],[7.61,57.380348],[7.595,57.380346],[7.545,57.360354],[7.53,57.360362],[7.48,57.3403],[7.465,57.340306],[7.4,57.31522]]}},{"type":"Feature","properties":{"depth":15.0,"source":"DDM 2024 coarse contour","resolution":"0.005 degree sampled grid"},"geometry":{"type":"LineString","coordinates":[[9.715,57.470556],[9.689286,57.455],[9.69,57.445],[9.695,57.441],[9.7002,57.445],[9.690385,57.435],[9.686905,57.415],[9.68125,57.41],[9.685,57.406471],[9.711905,57.42],[9.72025,57.45],[9.712805,57.455],[9.720484,57.465],[9.715,57.470556]]}},{"type":"Feature","properties":{"depth":15.0,"source":"DDM 2024 coarse contour","resolution":"0.005 degree sampled grid"},"geometry":{"type":"LineString","coordinates":[[11.075,57.420114],[11.059048,57.415],[11.062727,57.41],[11.085,57.405938],[11.088421,57.41],[11.085,57.42],[11.075,57.420114]]}},{"type":"Feature","properties":{"depth":15.0,"source":"DDM 2024 coarse contour","resolution":"0.005 degree sampled grid"},"geometry":{"type":"LineString","coordinates":[[11.1,57.4372],[11.095,57.4275],[11.105,57.42],[11.11,57.423333],[11.1095,57.43],[11.1,57.4372]]}},{"type":"Feature","properties":{"depth":15.0,"source":"DDM 2024 coarse contour","resolution":"0.005 degree sampled grid"},"geometry":{"type":"LineString","coordinates":[[11.230556,57.48],[11.22,57.465],[11.272206,57.44],[11.277778,57.43],[11.275,57.426429],[11.26,57.421667],[11.22,57.428827],[11.195417,57.44],[11.189167,57.45],[11.198333,57.47],[11.22,57.471],[11.230556,57.48]]}},{"type":"Feature","properties":{"depth":15.0,"source":"DDM 2024 coarse contour","resolution":"0.005 degree sampled grid"},"geometry":{"type":"LineString","coordinates":[[11.225,57.450909],[11.211786,57.445],[11.23,57.445],[11.225,57.450909]]}},{"type":"Feature","properties":{"depth":15.0,"source":"DDM 2024 coarse contour","resolution":"0.005 degree sampled grid"},"geometry":{"type":"LineString","coordinates":[[9.4725,57.475],[9.476667,57.465],[9.465,57.455],[9.44,57.448333],[9.4275,57.45],[9.42625,57.455],[9.44,57.470833],[9.46,57.478],[9.4725,57.475]]}},{"type":"Feature","properties":{"depth":15.0,"source":"DDM 2024 coarse contour","resolution":"0.005 degree sampled grid"},"geometry":{"type":"LineString","coordinates":[[11.285238,57.485],[11.304706,57.47],[11.303929,57.46],[11.3,57.457708],[11.295,57.465455],[11.2855,57.46],[11.29,57.454885],[11.255,57.473214],[11.2485,57.47],[11.25,57.463837],[11.238095,57.465],[11.247308,57.475],[11.27,57.48],[11.26,57.48],[11.261071,57.485],[11.275,57.488026],[11.285238,57.485]]}},{"type":"Feature","properties":{"depth":15.0,"source":"DDM 2024 coarse contour","resolution":"0.005 degree sampled grid"},"geometry":{"type":"LineString","coordinates":[[9.79,57.525],[9.77,57.522917],[9.755,57.515],[9.744231,57.5],[9.745714,57.495],[9.75,57.492],[9.765,57.497667],[9.773333,57.495],[9.766842,57.49],[9.77,57.487273],[9.78,57.4864],[9.783913,57.49],[9.775357,57.495],[9.777,57.5],[9.795714,57.515],[9.79,57.525]]}},{"type":"Feature","properties":{"depth":15.0,"source":"DDM 2024 coarse contour","resolution":"0.005 degree sampled grid"},"geometry":{"type":"LineString","coordinates":[[9.872273,57.58],[9.87,57.573846],[9.858214,57.575],[9.872273,57.58]]}},{"type":"Feature","properties":{"depth":20.0,"source":"DDM 2024 coarse contour","resolution":"0.005 degree sampled grid"},"geometry":{"type":"LineString","coordinates":[[11.185,54.655833],[11.165,54.655],[11.16,54.65],[11.163,54.645],[11.14,54.639138],[11.125,54.646071],[11.048333,54.645],[11.2,54.614973],[11.265,54.584962],[11.315,54.574965],[11.36,54.549959],[11.37,54.539956],[11.42,54.514961],[11.43,54.504961],[11.56,54.444975],[11.645,54.389977],[11.675,54.364976],[11.715,54.364978],[11.72,54.369978],[11.725,54.364978],[11.735,54.364978],[11.74,54.369979],[11.755,54.369981],[11.76,54.364979],[11.765,54.369983],[11.851667,54.37],[11.85,54.375],[11.87,54.389286],[11.9,54.394286],[11.9075,54.4],[11.8925,54.405],[11.8875,54.415],[11.995,54.424375],[12.061667,54.44],[12.06,54.4475],[12.0,54.46],[11.94,54.466667],[11.92,54.462286],[11.895,54.4675],[11.86,54.462941],[11.85,54.467],[11.84,54.4625],[11.81,54.470526],[11.775,54.468929],[11.76,54.475833],[11.65,54.495769],[11.591667,54.5],[11.555,54.513571],[11.545,54.512727],[11.535,54.52],[11.495,54.528684],[11.49125,54.535],[11.475,54.54175],[11.425,54.561053],[11.42,54.558065],[11.415,54.56375],[11.345,54.588929],[11.31,54.595263],[11.265,54.610833],[11.26,54.615],[11.265,54.620385],[11.24,54.62875],[11.216667,54.645],[11.19,54.645],[11.185,54.655833]]}},{"type":"Feature","properties":{"depth":20.0,"source":"DDM 2024 coarse contour","resolution":"0.005 degree sampled grid"},"geometry":{"type":"LineString","coordinates":[[12.12,54.423571],[12.105,54.417857],[12.098333,54.41],[12.115,54.414994],[12.12,54.423571]]}},{"type":"Feature","properties":{"depth":20.0,"source":"DDM 2024 coarse contour","resolution":"0.005 degree sampled grid"},"geometry":{"type":"LineString","coordinates":[[12.31,54.615833],[12.295,54.6175],[12.275,54.6],[12.235,54.527],[12.222308,54.52],[12.225,54.515],[12.235,54.515],[12.3275,54.595],[12.325,54.605],[12.315,54.603571],[12.3075,54.61],[12.31,54.615833]]}},{"type":"Feature","properties":{"depth":20.0,"source":"DDM 2024 coarse contour","resolution":"0.005 degree sampled grid"},"geometry":{"type":"LineString","coordinates":[[16.2,55.425266],[16.165,55.430272],[16.16,55.435271],[16.14,55.435275],[16.115,55.445278],[16.1,55.445282],[16.095,55.450282],[16.075,55.450285],[16.05,55.460285],[16.03,55.460287],[16.025,55.465286],[16.01,55.465289],[15.985,55.475289],[15.965,55.475292],[15.94,55.485292],[15.92,55.485296],[15.895,55.495296],[15.875,55.4953],[15.87,55.500298],[15.835,55.505294],[15.83,55.510288],[15.81,55.510294],[15.805,55.51529],[15.77,55.52028],[15.765,55.525275],[15.745,55.52527],[15.74,55.530265],[15.685,55.540253],[15.68,55.54525],[15.66,55.545249],[15.655,55.550246],[15.64,55.550248],[15.615,55.560243],[15.595,55.560247],[15.57,55.570238],[15.555,55.570237],[15.55,55.575235],[15.53,55.575236],[15.505,55.585233],[15.485,55.585232],[15.48,55.59023],[15.425,55.600232],[15.42,55.605233],[15.4,55.605233],[15.375,55.615233],[15.355,55.615238],[15.35,55.62024],[15.335,55.620237],[15.31,55.630238],[15.29,55.630241],[15.265,55.640239],[15.245,55.640241],[15.24,55.64524],[15.205,55.650235],[15.18,55.660231],[15.16,55.660233],[15.135,55.670223],[15.115,55.670225],[15.11,55.675222],[15.07,55.680206],[15.065,55.685208],[15.04,55.690189],[14.97,55.640238],[14.955,55.635254],[14.915,55.605267],[14.9,55.600268],[14.83,55.55025],[14.815,55.545247],[14.73,55.485222],[14.715,55.480229],[14.585,55.39026],[14.57,55.385233],[14.45,55.305137],[14.355,55.230113],[14.335,55.220113],[14.035,54.995131],[13.994872,54.96],[14.03,54.934879],[14.06,54.90489],[14.09,54.884898],[14.17,54.814954],[14.266071,54.815],[14.295,54.825972],[14.3,54.819314],[14.305,54.829118],[14.31,54.827667],[14.32,54.838125],[14.344286,54.84],[14.33,54.84],[14.3315,54.845],[14.349444,54.85],[14.344667,54.855],[14.35,54.860682],[14.36,54.86175],[14.37,54.853],[14.375,54.8545],[14.376667,54.86],[14.366071,54.87],[14.39,54.882],[14.41,54.885455],[14.435,54.9],[14.43375,54.895],[14.445,54.894333],[14.47,54.903333],[14.495,54.902],[14.4975,54.905],[14.490833,54.915],[14.504167,54.92],[14.506875,54.935],[14.5,54.94],[14.525,54.9525],[14.528125,54.945],[14.5225,54.94],[14.53,54.932917],[14.535,54.935],[14.533077,54.925],[14.54,54.924],[14.532,54.945],[14.545455,54.955],[14.538,54.96],[14.535,54.97],[14.545,54.961739],[14.553929,54.965],[14.542368,54.975],[14.549063,54.98],[14.535,54.99069],[14.57,54.984091],[14.565,54.996538],[14.545,55.004375],[14.546905,55.01],[14.54125,55.015],[14.575,55.022273],[14.605,55.02],[14.63,55.006429],[14.635,55.010333],[14.64,55.005781],[14.655556,55.015],[14.65375,55.025],[14.627727,55.05],[14.635417,55.055],[14.632778,55.06],[14.6374,55.065],[14.655,55.071848],[14.66,55.0825],[14.66881,55.085],[14.662128,55.09],[14.667273,55.095],[14.655,55.113906],[14.651444,55.105],[14.657604,55.1],[14.644286,55.09],[14.65037,55.1],[14.643333,55.11],[14.653158,55.115],[14.665,55.135455],[14.676161,55.14],[14.696429,55.22],[14.734,55.26],[14.75,55.292778],[14.75775,55.3],[14.775,55.302634],[14.84186,55.255],[14.899894,55.23],[14.94,55.219831],[14.97,55.221786],[15.025,55.183305],[15.095789,55.155],[15.145,55.144967],[15.157286,55.135],[15.158838,55.125],[15.154713,55.12],[15.159211,55.07],[15.152857,55.05],[15.163929,55.04],[15.163226,55.03],[15.170135,55.025],[15.171579,55.015],[15.146143,55.005],[15.140882,54.99],[15.146134,54.975],[15.13,54.964972],[14.97,54.981522],[14.93,54.971795],[14.912,54.965],[14.91,54.959417],[14.9,54.96672],[14.88,54.962333],[14.84,54.93878],[14.805,54.926848],[14.796748,54.91],[14.775,54.892921],[14.745,54.878306],[14.685,54.861716],[14.672824,54.835],[14.625,54.793516],[14.575,54.793616],[14.55,54.783621],[14.52,54.783162],[14.495,54.798939],[14.48,54.798649],[14.475,54.804545],[14.47,54.8022],[14.455,54.8075],[14.445833,54.795],[14.481528,54.775],[14.47925,54.77],[14.485,54.765],[14.486,54.755],[14.482353,54.74],[14.451528,54.7],[14.415,54.694483],[14.414946,54.66],[14.63,54.53999],[14.645017,54.55],[14.675099,54.6],[14.69,54.614883],[14.71,54.614881],[14.715,54.609884],[14.76,54.604884],[14.765,54.599886],[14.785,54.599884],[14.79,54.594887],[14.815,54.594884],[14.82,54.589887],[14.885,54.584882],[14.89,54.579883],[14.93,54.579877],[14.935,54.57488],[14.985,54.574874],[14.99,54.569877],[15.155,54.569865],[15.16,54.574862],[15.225,54.57486],[15.23,54.579859],[15.255,54.579852],[15.26,54.584848],[15.305,54.589843],[15.34,54.604829],[15.355,54.604829],[15.375,54.61482],[15.39,54.61482],[15.425,54.629808],[15.435,54.629807],[15.44,54.634805],[15.46,54.634805],[15.485,54.6448],[15.505,54.644801],[15.53,54.654797],[15.545,54.654797],[15.55,54.659795],[15.57,54.659796],[15.595,54.669791],[15.635,54.67479],[15.655,54.684787],[15.665,54.684788],[15.71,54.719784],[15.76,54.749784],[15.79,54.779776],[15.820225,54.8],[15.870248,54.875],[15.970265,54.99],[15.960245,55.005],[15.960229,55.02],[15.955237,55.025],[15.950274,55.075],[15.945282,55.08],[15.945293,55.1],[15.940301,55.105],[15.940317,55.135],[16.010324,55.225],[16.020325,55.24],[16.020327,55.25],[16.04,55.259684],[16.06,55.25969],[16.065,55.264697],[16.085,55.264698],[16.09,55.269707],[16.13,55.274715],[16.135,55.279724],[16.155,55.279723],[16.16,55.284731],[16.2,55.289738]]}},{"type":"Feature","properties":{"depth":20.0,"source":"DDM 2024 coarse contour","resolution":"0.005 degree sampled grid"},"geometry":{"type":"LineString","coordinates":[[7.4,55.677],[7.43,55.693333],[7.435,55.701154],[7.465,55.704286],[7.48,55.713333],[7.495,55.695],[7.52,55.6825],[7.54875,55.69],[7.552917,55.72],[7.530625,55.73],[7.492,55.785],[7.5,55.79],[7.5125,55.82],[7.496667,55.84],[7.51,55.859167],[7.535,55.869444],[7.57,55.86],[7.5875,55.875],[7.58,55.883333],[7.55,55.886],[7.545,55.890909],[7.635,55.899286],[7.66375,55.89],[7.661667,55.88],[7.641667,55.86],[7.643333,55.855],[7.7,55.8],[7.698333,55.79],[7.71125,55.775],[7.7,55.77],[7.74,55.735],[7.765,55.74],[7.78875,55.765],[7.815,55.77],[7.833333,55.79],[7.88,55.7875],[7.9,55.79125],[7.97,55.81375],[7.99,55.825],[7.996667,55.835],[7.995,55.84],[7.985,55.84375],[7.945,55.8325],[7.92875,55.835],[7.913,55.865],[7.93,55.881],[7.98,55.888],[8.015,55.903],[8.018333,55.88],[8.03,55.855],[8.065,55.845],[8.07,55.85],[8.08,55.8675],[8.081,55.88],[8.075,55.89],[8.075,55.9225],[8.065,55.935],[8.070833,55.94],[8.062857,55.95],[8.068,55.965],[8.060714,55.97],[8.0625,55.98],[8.054615,55.99],[8.06125,56.0],[8.042667,56.035],[8.026429,56.05],[8.025714,56.06],[8.013333,56.07],[8.014,56.075],[8.0,56.076],[7.991364,56.085],[7.994231,56.09],[7.99,56.095],[7.979,56.1],[7.968214,56.125],[7.971071,56.13],[7.954375,56.135],[7.961333,56.15],[7.950556,56.16],[7.953529,56.17],[7.95,56.185],[7.955,56.1775],[7.97,56.18],[7.965,56.186818],[7.96,56.180833],[7.955,56.1875],[7.95,56.185],[7.94,56.195],[7.95,56.201111],[7.96,56.198333],[7.9675,56.21],[7.926667,56.22],[7.9525,56.25],[7.995,56.255],[7.995,56.249167],[8.0,56.258333],[8.065,56.2425],[8.07625,56.25],[8.075,56.255],[8.07,56.255],[8.08,56.26],[8.075,56.265],[8.080417,56.275],[8.07375,56.28],[8.078889,56.285],[8.075882,56.305],[8.07,56.308571],[8.07,56.32],[8.060714,56.325],[8.066,56.33],[8.055,56.32625],[8.052,56.33],[8.0555,56.34],[8.031111,56.36],[8.034286,56.365],[8.027895,56.37],[8.034286,56.385],[8.0225,56.39],[8.023125,56.4],[8.017857,56.405],[8.025,56.415],[8.022,56.435],[8.0035,56.455],[8.005,56.4675],[7.9925,56.48],[7.965,56.495],[7.948333,56.525],[7.959,56.545],[7.948333,56.565],[7.96125,56.59],[7.958571,56.64],[7.96375,56.655],[7.9775,56.67],[7.975,56.68],[7.985,56.685],[8.006,56.685],[7.995,56.665],[7.995,56.670833],[8.0,56.66],[8.023333,56.655],[8.02,56.648026],[7.99125,56.645],[7.983333,56.635],[7.993636,56.62],[7.9925,56.595],[7.997,56.585],[7.988,56.56],[7.978333,56.55],[8.0,56.535],[8.005,56.525],[8.02,56.522381],[8.035,56.53375],[8.04,56.531071],[8.041111,56.52],[8.030833,56.51],[8.0375,56.505],[8.032273,56.5],[8.033846,56.495],[8.055,56.494286],[8.06,56.50375],[8.07,56.506667],[8.086579,56.525],[8.080313,56.53],[8.086875,56.535],[8.088077,56.55],[8.082667,56.555],[8.095,56.565],[8.098529,56.59],[8.115,56.61875],[8.108,56.625],[8.12,56.630769],[8.125,56.63875],[8.130263,56.65],[8.129545,56.665],[8.14,56.68],[8.135,56.68375],[8.125,56.673571],[8.12,56.676429],[8.115,56.6675],[8.095,56.668333],[8.111071,56.69],[8.09,56.695],[8.093333,56.705],[8.1225,56.735],[8.12,56.7425],[8.14,56.753889],[8.144375,56.75],[8.138182,56.735],[8.126667,56.73],[8.134375,56.725],[8.135,56.715],[8.145,56.7175],[8.172083,56.745],[8.169286,56.75],[8.196,56.765],[8.195,56.77],[8.187368,56.77],[8.193,56.775],[8.195,56.786667],[8.175,56.79125],[8.17,56.784231],[8.158846,56.79],[8.181,56.81],[8.1925,56.825],[8.19,56.83],[8.195,56.826667],[8.201,56.83],[8.2,56.845],[8.207143,56.85],[8.198333,56.855],[8.195,56.87],[8.210294,56.88],[8.208333,56.885],[8.18,56.89],[8.19,56.897143],[8.21,56.890833],[8.235,56.904375],[8.248333,56.915],[8.245,56.925],[8.255,56.92625],[8.274,56.955],[8.29,56.963333],[8.325,56.995238],[8.340625,56.99],[8.326562,56.98],[8.335,56.97675],[8.394615,57.01],[8.39,57.014615],[8.355,56.998621],[8.35,57.003636],[8.33,57.00625],[8.325,57.017143],[8.35,57.0205],[8.37,57.037353],[8.3875,57.04],[8.395,57.046667],[8.45,57.066818],[8.545,57.122381],[8.659667,57.155],[8.643333,57.165],[8.655,57.177586],[8.68,57.182895],[8.71,57.180357],[8.7475,57.19],[8.752143,57.195],[8.745,57.2025],[8.72,57.196316],[8.7025,57.2],[8.728571,57.22],[8.745,57.2075],[8.79,57.21625],[8.865,57.215],[8.89,57.233333],[8.964,57.255],[8.97,57.268333],[8.998,57.29],[9.00625,57.305],[9.00125,57.32],[8.973333,57.345],[8.98,57.355],[9.06,57.35625],[9.1,57.343333],[9.16125,57.31],[9.18125,57.36],[9.1825,57.38],[9.1775,57.39],[9.145,57.41],[9.14,57.418846],[9.13,57.411667],[9.12,57.41119],[9.115,57.417333],[9.095,57.409286],[9.07,57.41125],[9.0625,57.425],[9.03,57.445],[9.02875,57.455],[9.045,57.468333],[9.08,57.469],[9.0975,57.46],[9.0975,57.445],[9.115,57.436667],[9.125,57.448],[9.13,57.442593],[9.134063,57.445],[9.136389,57.45],[9.1325,57.455],[9.14,57.452708],[9.15,57.461429],[9.165,57.462778],[9.18,57.472917],[9.21,57.472639],[9.21,57.478864],[9.2,57.475],[9.2,57.480833],[9.24,57.5],[9.225455,57.56],[9.24,57.57125],[9.28,57.578],[9.31,57.576667],[9.3175,57.57],[9.3225,57.555],[9.345,57.54375],[9.36,57.5425],[9.405,57.551667],[9.398571,57.545],[9.41125,57.54],[9.395,57.539423],[9.39,57.532619],[9.385,57.537],[9.360217,57.53],[9.367222,57.525],[9.36,57.5245],[9.355,57.516429],[9.335,57.515],[9.344667,57.51],[9.34,57.506316],[9.335,57.515],[9.32,57.516184],[9.315,57.512273],[9.305,57.51375],[9.3,57.508182],[9.29,57.511833],[9.25,57.5],[9.255,57.495],[9.28,57.496667],[9.295,57.488167],[9.300625,57.49],[9.295,57.495],[9.3,57.4975],[9.32,57.495],[9.335,57.504706],[9.345952,57.5],[9.345,57.491667],[9.34,57.49],[9.355,57.482143],[9.385,57.480556],[9.41,57.489375],[9.4235,57.51],[9.435,57.5151],[9.49,57.51625],[9.51,57.521],[9.525,57.531667],[9.581667,57.505],[9.625,57.499286],[9.655625,57.51],[9.715,57.551667],[9.765,57.56],[9.795,57.574],[9.81,57.595],[9.8065,57.63],[9.82,57.632727],[9.88,57.6],[9.888333,57.6],[9.924167,57.615],[9.930208,57.62],[9.925833,57.625],[9.935,57.630417],[9.934167,57.625],[9.945,57.623944],[9.972037,57.635],[9.975,57.640667],[10.03125,57.655],[10.015,57.6625],[10.005,57.658594],[9.986875,57.66],[10.049,57.67],[10.0925,57.685],[10.095,57.69],[10.081,57.7],[10.105909,57.715],[10.130625,57.72],[10.265,57.72125],[10.265,57.71],[10.283571,57.705],[10.265,57.703125],[10.26,57.697],[10.245,57.694],[10.19875,57.665],[10.26,57.6575],[10.33,57.676],[10.38,57.694],[10.443929,57.725],[10.525926,57.75],[10.61,57.762754],[10.715,57.7609],[10.722857,57.755],[10.72,57.742222],[10.685714,57.725],[10.675,57.715],[10.678333,57.69],[10.675,57.68],[10.625,57.595],[10.624167,57.565],[10.633333,57.505],[10.648362,57.485],[10.645,57.455],[10.662,57.42],[10.707778,57.37],[10.725,57.322],[10.728793,57.285],[10.755,57.251],[10.76,57.247368],[10.77,57.255],[10.7695,57.265],[10.756328,57.29],[10.76,57.30595],[10.785,57.320152],[10.83,57.388889],[10.9,57.424091],[10.95,57.441269],[11.005,57.451522],[11.095,57.458667],[11.14,57.453125],[11.17,57.464615],[11.19,57.483438],[11.21,57.489531],[11.245,57.484286],[11.26,57.491915],[11.275,57.491716],[11.29,57.485588],[11.335323,57.455],[11.32,57.461406],[11.3,57.450595],[11.265,57.462838],[11.257857,57.46],[11.256552,57.455],[11.29,57.430469],[11.305267,57.43],[11.297115,57.42],[11.265,57.416809],[11.209687,57.425],[11.228036,57.395],[11.225455,57.38],[11.25,57.377843],[11.263036,57.37],[11.265459,57.36],[11.259805,57.315],[11.277857,57.26],[11.28375,57.225],[11.2972,57.2],[11.32,57.178182],[11.345,57.176923],[11.356765,57.17],[11.41,57.098636],[11.432,57.08],[11.471429,57.065],[11.495,57.061429],[11.5,57.051429],[11.517917,57.05],[11.512647,57.045],[11.515,57.036111],[11.533889,57.02],[11.55,57.016667],[11.555,57.010833],[11.552647,57.0],[11.569149,56.95],[11.580233,56.94],[11.59,56.933438],[11.6025,56.945],[11.615,56.946818],[11.63,56.934318],[11.67,56.915612],[11.676316,56.92],[11.692222,56.905],[11.686364,56.875],[11.67625,56.855],[11.67,56.855],[11.671667,56.845],[11.661429,56.835],[11.6625,56.825],[11.649167,56.815],[11.65,56.81],[11.6125,56.8],[11.62,56.7875],[11.635,56.79125],[11.645,56.802857],[11.652143,56.8],[11.655,56.775],[11.637,56.765],[11.637647,56.76],[11.775,56.757007],[11.815,56.760694],[11.824667,56.755],[11.8,56.742597],[11.6825,56.73],[11.671667,56.725],[11.66375,56.72],[11.66,56.707188],[11.65,56.711364],[11.6,56.690843],[11.60175,56.685],[11.595,56.669815],[11.58,56.662658],[11.575,56.654796],[11.4975,56.64],[11.459737,56.605],[11.45625,56.6],[11.459091,56.59],[11.45,56.579483],[11.43,56.57625],[11.40375,56.585],[11.395,56.5925],[11.39,56.588077],[11.385833,56.59],[11.392368,56.595],[11.385,56.598839],[11.380114,56.595],[11.383333,56.59],[11.38,56.5775],[11.375,56.584091],[11.35625,56.58],[11.378333,56.565],[11.349286,56.54],[11.35375,56.535],[11.355,56.5175],[11.33,56.517222],[11.325,56.515],[11.335,56.51],[11.3125,56.505],[11.336111,56.5],[11.33,56.495],[11.34,56.485],[11.325,56.492],[11.315,56.49],[11.32,56.485],[11.315,56.49],[11.3125,56.485],[11.335,56.48],[11.34,56.485],[11.345,56.4775],[11.355,56.477],[11.38,56.4875],[11.44,56.475],[11.465,56.4765],[11.460556,56.46],[11.445,56.445833],[11.37,56.419647],[11.35,56.42],[11.28,56.438333],[11.265,56.426],[11.216667,56.415],[11.26,56.406538],[11.263125,56.4],[11.248333,56.395],[11.234,56.38],[11.2425,56.375],[11.234286,56.365],[11.175,56.35],[11.16,56.333438],[11.15,56.333571],[11.143077,56.34],[11.158125,56.35],[11.16,56.36],[11.12,56.3525],[11.1075,56.345],[11.105,56.337778],[11.09,56.339286],[11.085,56.351667],[11.095,56.35],[11.103333,56.36],[11.085,56.365],[11.0925,56.37],[11.085,56.3775],[11.065,56.345],[11.071818,56.34],[11.07,56.333182],[11.05,56.328125],[11.04625,56.33],[11.04875,56.34],[11.038333,56.345],[11.035,56.335],[11.041667,56.325],[11.0375,56.32],[11.05,56.315],[11.043333,56.31],[11.0425,56.3],[11.03,56.3],[11.02,56.29],[11.015,56.29625],[10.99,56.285],[10.94,56.24],[10.92,56.24],[10.915,56.245],[10.92125,56.26],[10.915,56.26625],[10.87,56.269063],[10.845,56.249758],[10.789286,56.23],[10.765,56.209444],[10.752195,56.19],[10.755556,56.165],[10.744308,56.155],[10.740574,56.135],[10.732687,56.125],[10.740534,56.12],[10.74,56.111053],[10.730549,56.1],[10.725,56.100345],[10.722692,56.105],[10.729444,56.115],[10.725,56.118265],[10.707889,56.1],[10.711,56.095],[10.7075,56.09],[10.68,56.0775],[10.675,56.08],[10.671111,56.075],[10.68,56.074583],[10.681833,56.07],[10.675,56.059914],[10.616136,56.08],[10.645,56.092143],[10.646333,56.095],[10.635,56.097692],[10.63,56.10381],[10.62619,56.1],[10.629706,56.095],[10.62,56.091136],[10.615,56.096329],[10.6,56.087374],[10.582368,56.09],[10.575,56.103043],[10.54,56.089277],[10.515,56.092437],[10.48225,56.11],[10.48,56.125051],[10.475,56.122917],[10.465,56.133438],[10.465273,56.14],[10.483482,56.15],[10.483281,56.155],[10.46,56.145625],[10.453448,56.135],[10.46,56.12],[10.455,56.123696],[10.43,56.115],[10.426429,56.095],[10.4125,56.08],[10.416439,56.065],[10.400167,56.04],[10.400086,56.03],[10.44,56.010063],[10.443824,56.015],[10.413814,56.035],[10.430135,56.065],[10.45,56.078148],[10.475,56.073456],[10.476667,56.08],[10.5,56.08678],[10.516659,56.085],[10.522187,56.065],[10.519841,56.055],[10.537675,56.045],[10.535,56.034496],[10.51,56.010714],[10.508493,55.99],[10.5,55.981486],[10.49,55.982034],[10.481123,55.975],[10.480172,55.965],[10.487,55.96],[10.46,55.940846],[10.454915,55.935],[10.458235,55.93],[10.44,55.928788],[10.437024,55.925],[10.45125,55.915],[10.433718,55.88],[10.436778,55.87],[10.455,55.8444],[10.485,55.822081],[10.487914,55.815],[10.470301,55.78],[10.455,55.7725],[10.447217,55.76],[10.452564,55.74],[10.46016,55.735],[10.45568,55.73],[10.457667,55.715],[10.39,55.708833],[10.385,55.716786],[10.335,55.713077],[10.285,55.723056],[10.195,55.724778],[10.165,55.720818],[10.1605,55.72],[10.203333,55.705],[10.155,55.687],[10.132,55.67],[10.13,55.665],[10.135,55.664063],[10.175,55.664138],[10.22,55.675],[10.2575,55.66],[10.28,55.6628],[10.29,55.658043],[10.365,55.652162],[10.37,55.645],[10.455,55.64],[10.46,55.645],[10.445,55.665],[10.42,55.66025],[10.405,55.662979],[10.370417,55.68],[10.4,55.682264],[10.425,55.6755],[10.455,55.678125],[10.49,55.686667],[10.5025,55.695],[10.508,55.705],[10.505,55.714],[10.495,55.707414],[10.469219,55.725],[10.469342,55.745],[10.4585,55.755],[10.465,55.76425],[10.475,55.74337],[10.485,55.7475],[10.495,55.74],[10.5,55.751875],[10.515,55.722188],[10.518864,55.73],[10.510833,55.74],[10.515,55.746818],[10.545,55.744375],[10.558559,55.75],[10.523889,55.755],[10.5155,55.76],[10.518889,55.765],[10.51,55.765],[10.51,55.77],[10.5,55.775],[10.496905,55.78],[10.501125,55.8],[10.515115,55.82],[10.484241,55.87],[10.515,55.9025],[10.523472,55.925],[10.525,55.94],[10.516807,55.955],[10.512361,55.98],[10.550208,56.015],[10.545143,56.02],[10.555,56.021458],[10.567137,56.035],[10.569338,56.055],[10.565,56.060253],[10.585,56.054694],[10.5875,56.04],[10.595,56.037308],[10.599375,56.04],[10.591892,56.045],[10.592391,56.055],[10.605,56.057265],[10.620638,56.05],[10.624333,56.04],[10.6,56.039844],[10.595811,56.035],[10.6,56.03213],[10.745,56.025],[10.74,56.02],[10.752692,56.005],[10.78,56.003068],[10.8,55.993462],[10.85,55.985804],[10.88,55.985294],[10.915,55.99125],[10.9225,55.975],[10.981458,55.96],[10.975,55.948306],[10.965,55.949848],[10.960676,55.945],[10.963125,55.935],[10.955,55.928615],[10.89,55.921774],[10.88,55.91619],[10.865,55.919125],[10.856136,55.915],[10.867969,55.905],[10.805,55.892514],[10.735,55.89328],[10.685,55.860181],[10.685,55.853333],[10.690714,55.855],[10.675833,55.835],[10.668433,55.81],[10.670797,55.805],[10.645441,55.765],[10.640313,55.745],[10.646875,55.735],[10.640833,55.725],[10.642333,55.71],[10.635,55.7045],[10.63,55.708171],[10.624,55.705],[10.623523,55.695],[10.632365,55.69],[10.635099,55.68],[10.63,55.6725],[10.625,55.680545],[10.615,55.673971],[10.595,55.676437],[10.59,55.67],[10.6,55.665],[10.59,55.653814],[10.62,55.659435],[10.63,55.66625],[10.632727,55.66],[10.645,55.657277],[10.665,55.641364],[10.675,55.628667],[10.685,55.627674],[10.686429,55.615],[10.705,55.611458],[10.71,55.617241],[10.716974,55.615],[10.710781,55.61],[10.73,55.587759],[10.735,55.59125],[10.746078,55.585],[10.745,55.578382],[10.736136,55.58],[10.74,55.572333],[10.75875,55.56],[10.78,55.555677],[10.825,55.510962],[10.826389,55.505],[10.817143,55.49],[10.83125,55.485],[10.871667,55.395],[10.865,55.393333],[10.845,55.41125],[10.83,55.414],[10.815,55.41],[10.809286,55.395],[10.825795,55.385],[10.820909,55.37],[10.834833,55.36],[10.833846,55.355],[10.855,55.316786],[10.863594,55.31],[10.865,55.294687],[10.87,55.299677],[10.874531,55.295],[10.866538,55.28],[10.875,55.2745],[10.876087,55.265],[10.883103,55.265],[10.883947,55.275],[10.876429,55.28],[10.879667,55.29],[10.885,55.275769],[10.890833,55.295],[10.900333,55.3],[10.9,55.305658],[10.930816,55.335],[10.908889,55.38],[10.915,55.383125],[10.94,55.366944],[10.945,55.370119],[10.965,55.364524],[10.975,55.36631],[10.985,55.358968],[11.005,55.366573],[11.02,55.365043],[11.025769,55.35],[11.016948,55.325],[11.02125,55.32],[11.02,55.311974],[10.987115,55.305],[10.96,55.289754],[10.915,55.295872],[10.907647,55.29],[10.907917,55.28],[10.915,55.28],[10.915,55.274188],[10.915,55.28],[10.92,55.279231],[10.925,55.289196],[10.935,55.2809],[10.945,55.28],[10.945652,55.275],[10.93,55.257857],[10.93,55.249643],[10.94,55.241194],[10.945,55.242206],[10.955,55.230714],[10.96,55.235],[10.959167,55.23],[10.96,55.235],[10.975,55.222759],[10.985,55.232143],[11.015,55.215],[11.01875,55.225],[10.98875,55.24],[10.997,55.245],[10.993333,55.25],[11.0025,55.255],[11.0,55.261],[10.995,55.26],[10.995,55.269],[11.02,55.2725],[11.055,55.243],[11.06,55.232273],[11.065,55.235],[11.065882,55.23],[11.065,55.235],[11.075,55.238714],[11.091484,55.23],[11.09,55.209171],[11.035,55.1924],[11.005,55.174921],[10.995,55.175345],[10.974118,55.14],[10.975,55.134524],[10.97,55.1372],[10.974937,55.12],[10.98,55.124583],[10.980791,55.12],[10.977,55.1],[10.980504,55.095],[10.975766,55.09],[10.9745,55.075],[10.985929,55.07],[10.987661,55.06],[10.983519,55.055],[10.991765,55.04],[10.977969,55.02],[10.967377,54.985],[10.945,54.969205],[10.89,54.954138],[10.875,54.944485],[10.87,54.947959],[10.868182,54.94],[10.850532,54.925],[10.825741,54.86],[10.825,54.836667],[10.817308,54.82],[10.821786,54.815],[10.795366,54.795],[10.767375,54.755],[10.765355,54.735],[10.742,54.715],[10.723919,54.665],[10.695,54.652727],[10.658492,54.655],[10.664167,54.665],[10.65,54.68],[10.6564,54.69],[10.651719,54.7],[10.6545,54.705],[10.645,54.715],[10.56,54.748256],[10.535,54.754433],[10.515,54.752545],[10.505,54.760909],[10.53141,54.77],[10.49,54.796875],[10.485,54.791923],[10.455,54.8],[10.4,54.797938],[10.36,54.820106],[10.325,54.832],[10.337321,54.815],[10.356818,54.81],[10.335,54.809481],[10.317667,54.815],[10.3,54.83925],[10.285,54.834118],[10.245,54.84283],[10.239935,54.85],[10.245,54.855294],[10.275,54.8661],[10.295,54.858571],[10.31,54.845312],[10.325,54.841892],[10.3325,54.845],[10.310902,54.87],[10.25,54.898913],[10.216774,54.93],[10.219583,54.94],[10.207132,54.95],[10.191393,54.975],[10.195,54.991667],[10.176081,55.01],[10.145,55.015347],[10.115,55.038385],[10.09,55.037235],[10.077902,55.045],[10.08,55.051842],[10.095,55.054797],[10.1,55.062358],[10.12,55.064966],[10.13,55.0718],[10.15,55.068284],[10.155,55.059864],[10.167308,55.065],[10.145385,55.08],[10.125,55.082905],[10.12,55.077113],[10.08,55.07],[10.06,55.07322],[10.052014,55.1],[10.03,55.107122],[10.02,55.11582],[9.945,55.121815],[9.929579,55.135],[9.944231,55.15],[9.905,55.153871],[9.9,55.146667],[9.889211,55.145],[9.920825,55.14],[9.9,55.135727],[9.897231,55.13],[9.922545,55.115],[9.911346,55.11],[9.938622,55.1],[9.925,55.088542],[9.91,55.094217],[9.905582,55.09],[9.91029,55.08],[9.905,55.073942],[9.865,55.07793],[9.860496,55.075],[9.865423,55.07],[9.860847,55.06],[9.87,55.05],[9.9,55.037094],[9.900484,55.03],[9.965,55.017986],[9.995,54.999925],[10.01875,54.98],[10.037788,54.95],[10.065,54.922157],[10.080085,54.915],[10.076129,54.9],[10.10129,54.86],[10.099111,54.85],[10.092222,54.845],[10.1,54.84375],[10.104516,54.83],[10.096061,54.825],[10.091571,54.815],[10.089524,54.775],[10.075,54.768636],[10.075,54.764969],[10.185,54.764978],[10.19,54.75998],[10.215,54.75998],[10.26,54.719981],[10.265,54.719987],[10.36,54.629999],[10.375,54.6275],[10.41,54.638182],[10.435,54.6275],[10.43,54.63],[10.431429,54.635],[10.413214,54.645],[10.42,54.65],[10.4,54.655],[10.39,54.665],[10.395,54.66],[10.403333,54.665],[10.379444,54.67],[10.385,54.671739],[10.41,54.671842],[10.416667,54.66],[10.43,54.653333],[10.445,54.654],[10.4325,54.66],[10.435,54.666875],[10.445,54.67],[10.46,54.67],[10.47,54.6625],[10.475,54.66625],[10.48,54.662],[10.49,54.665],[10.49,54.659],[10.49,54.665],[10.5,54.671029],[10.555,54.666923],[10.575,54.6718],[10.598333,54.67],[10.635326,54.655],[10.6325,54.65],[10.638,54.645],[10.64,54.63],[10.630714,54.625],[10.639615,54.615],[10.64,54.595],[10.625,54.59],[10.625,54.58],[10.66,54.555],[10.665,54.545],[10.685,54.54499],[10.69,54.54999],[10.735,54.549988],[10.845,54.604997],[10.855,54.614993],[10.89,54.629979],[10.9,54.63999],[10.935,54.64],[10.945,54.650909],[10.94,54.64],[10.981667,54.64],[10.991,54.655],[10.92,54.675294],[10.9,54.678333],[10.885,54.672727],[10.835,54.681429],[10.827273,54.69],[10.839286,54.695],[10.83,54.702105],[10.823333,54.7],[10.825,54.705],[10.805,54.71625],[10.803043,54.725],[10.833333,54.765],[10.8375,54.78],[10.83125,54.785],[10.833864,54.795],[10.845714,54.805],[10.84,54.811111],[10.866,54.825],[10.85,54.833558],[10.85,54.8375],[10.86,54.83625],[10.861406,54.84],[10.844474,54.855],[10.845,54.876354],[10.865,54.894419],[10.87,54.876389],[10.87321,54.88],[10.87061,54.895],[10.898026,54.92],[10.899902,54.93],[10.914506,54.945],[10.9475,54.955],[10.95,54.960083],[10.965,54.958906],[10.98,54.966162],[11.0,54.967935],[11.02,54.980811],[11.04175,55.015],[11.042792,55.065],[11.052887,55.105],[11.049762,55.135],[11.056867,55.145],[11.054672,55.155],[11.072647,55.185],[11.09,55.187241],[11.116866,55.2],[11.105118,55.205],[11.116667,55.225],[11.113176,55.235],[11.08974,55.26],[11.085,55.285],[11.15,55.287428],[11.186465,55.275],[11.196899,55.265],[11.205,55.217768],[11.274853,55.175],[11.278448,55.155],[11.273333,55.145],[11.292292,55.13],[11.303056,55.13],[11.295,55.137857],[11.283288,55.165],[11.289216,55.175],[11.214968,55.225],[11.206743,55.25],[11.208217,55.265],[11.195,55.282389],[11.17,55.293116],[11.115,55.298663],[11.07,55.311774],[11.06,55.332872],[11.05,55.325],[11.053636,55.33],[11.043194,55.335],[11.05,55.350064],[11.060071,55.355],[11.067195,55.39],[11.041176,55.405],[11.042,55.41],[11.03,55.4185],[11.014722,55.42],[11.0225,55.435],[11.035,55.447143],[11.045455,55.45],[11.011,55.495],[10.995,55.51075],[10.975,55.511026],[10.975909,55.52],[10.969459,55.525],[10.97125,55.535],[10.96,55.546034],[10.928182,55.56],[10.920714,55.575],[10.9,55.597171],[10.85553,55.615],[10.8425,55.625],[10.838,55.635],[10.825,55.636379],[10.815,55.650333],[10.805,55.638182],[10.794757,55.645],[10.8,55.654643],[10.805,55.652273],[10.812857,55.66],[10.803049,55.67],[10.805,55.672759],[10.81,55.665263],[10.815,55.666964],[10.835,55.652353],[10.857606,55.65],[10.85,55.66],[10.827857,55.67],[10.817917,55.68],[10.8225,55.685],[10.812059,55.71],[10.810938,55.725],[10.82,55.753953],[10.845,55.755286],[10.855,55.76],[10.859,55.77],[10.875,55.775942],[10.89,55.775568],[10.905,55.767778],[10.935,55.76837],[10.965,55.775],[10.975,55.785556],[10.99,55.785],[10.98,55.785],[10.98,55.796],[10.97,55.8],[10.96375,55.81],[10.96625,55.825],[10.981923,55.855],[10.98,55.866111],[10.97,55.858333],[10.96,55.856667],[10.95,55.86125],[10.945,55.855],[10.935,55.856111],[10.94,55.8525],[10.945,55.855],[10.944,55.845],[10.935,55.8415],[10.92875,55.85],[10.909,55.83],[10.9,55.8125],[10.875,55.805],[10.845,55.810263],[10.841094,55.83],[10.8475,55.835],[10.840714,55.84],[10.843333,55.845],[10.88,55.845],[10.879167,55.85],[10.885,55.854875],[10.9065,55.865],[10.9,55.866604],[10.895,55.879167],[10.931296,55.89],[10.92,55.899483],[10.915,55.893333],[10.902368,55.9],[10.916,55.905],[10.925,55.895333],[10.935,55.901136],[10.965,55.901475],[11.035,55.876383],[11.039146,55.88],[11.02,55.888906],[11.01,55.885],[11.014583,55.89],[10.984348,55.905],[11.0,55.914583],[10.99725,55.92],[11.01,55.935508],[11.020682,55.94],[11.015,55.955847],[11.045,55.966905],[11.075,55.959],[11.085,55.964444],[11.11,55.96],[11.105,55.975],[11.083,55.985],[11.09,55.986875],[11.105,55.98],[11.105,55.99],[11.12,55.995],[11.135,56.01],[11.17,56.02],[11.19,56.02],[11.1975,56.03],[11.193889,56.045],[11.17,56.068462],[11.181111,56.08],[11.1815,56.09],[11.21,56.108081],[11.2216,56.105],[11.235556,56.09],[11.27,56.072907],[11.3,56.044231],[11.301667,56.055],[11.308333,56.055],[11.315,56.0385],[11.335,56.036667],[11.341667,56.045],[11.325,56.057],[11.32,56.05],[11.315,56.06],[11.28375,56.08],[11.34,56.066875],[11.345,56.071429],[11.375,56.073125],[11.38,56.069],[11.395,56.076],[11.411667,56.075],[11.415,56.063571],[11.395,56.06625],[11.385,56.05875],[11.375,56.060833],[11.365,56.05],[11.3625,56.04],[11.346,56.035],[11.375,56.026429],[11.398333,56.035],[11.395,56.04],[11.385,56.04],[11.395,56.04],[11.405,56.033125],[11.425,56.0455],[11.47,56.047857],[11.475,56.055],[11.49,56.044],[11.499167,56.055],[11.49625,56.07],[11.535,56.085],[11.535,56.0925],[11.575,56.086667],[11.61,56.087143],[11.62,56.091667],[11.615,56.085],[11.62,56.08],[11.655,56.0825],[11.665,56.07],[11.67,56.075417],[11.715,56.08],[11.72,56.086667],[11.75,56.100208],[11.755,56.09875],[11.765,56.110556],[11.767941,56.105],[11.758,56.095],[11.761,56.09],[11.77,56.088667],[11.777333,56.095],[11.775,56.1],[11.795,56.119091],[11.815,56.126944],[11.837778,56.13],[11.81,56.107059],[11.79,56.105],[11.815,56.104],[11.88,56.122222],[11.965,56.1375],[12.0,56.1525],[12.005,56.161154],[12.02,56.1595],[12.035,56.16625],[12.065,56.168889],[12.095,56.159375],[12.12,56.163667],[12.125,56.157812],[12.145,56.17],[12.145,56.18],[12.165,56.17125],[12.18,56.175],[12.18,56.180714],[12.17,56.18],[12.167826,56.185],[12.185,56.19125],[12.205,56.185455],[12.21,56.174655],[12.216842,56.175],[12.214167,56.185],[12.225,56.187273],[12.245,56.179457],[12.265,56.180909],[12.355,56.152696],[12.43,56.117457],[12.446818,56.115],[12.45,56.10852],[12.46,56.111354],[12.53,56.096728],[12.605,56.069333],[12.615017,56.07],[12.57,56.09504],[12.56,56.105046],[12.53,56.120027],[12.52,56.120026],[12.465,56.150023],[12.455,56.150023],[12.425,56.17502],[12.39,56.195019],[12.375,56.21002],[12.32,56.225023],[12.255,56.250032],[12.24,56.250033],[12.16,56.280048],[12.145,56.280048],[12.14,56.285051],[12.1,56.29506],[12.085058,56.305],[12.090058,56.335],[12.105058,56.37],[12.105051,56.385],[12.120048,56.42],[12.125059,56.45],[12.130059,56.455],[12.130049,56.47],[12.145073,56.505],[12.115,56.543864],[12.09,56.535238],[12.06,56.531842],[12.044167,56.535],[12.025,56.550556],[12.021786,56.565],[12.035,56.579333],[12.06,56.586136],[12.085,56.581389],[12.085006,56.585],[12.020053,56.665],[12.005065,56.69],[11.965066,56.735],[11.950108,56.76],[11.930038,56.78],[11.915029,56.805],[11.855081,56.875],[11.78011,56.975],[11.735116,57.025],[11.735169,57.03],[11.660098,57.12],[11.660083,57.125],[11.635134,57.15],[11.600085,57.2],[11.495147,57.325],[11.495188,57.33],[11.425172,57.41],[11.405143,57.44],[11.260142,57.59],[11.260138,57.595],[11.150091,57.705],[11.150092,57.71],[11.130093,57.725],[11.130096,57.73],[11.04,57.820133],[11.01,57.835162],[10.97,57.865278],[10.955,57.870327],[10.93,57.890409],[10.915,57.895438],[10.89,57.915537],[10.875,57.920559],[10.85,57.940639],[10.835,57.945661],[10.795,57.975736],[10.75073,58.0]]}},{"type":"Feature","properties":{"depth":20.0,"source":"DDM 2024 coarse contour","resolution":"0.005 degree sampled grid"},"geometry":{"type":"LineString","coordinates":[[10.771,54.635],[10.775,54.63],[10.78,54.635],[10.78,54.63],[10.76,54.621667],[10.755,54.6275],[10.745,54.622955],[10.741667,54.63],[10.76,54.637273],[10.771,54.635]]}},{"type":"Feature","properties":{"depth":20.0,"source":"DDM 2024 coarse contour","resolution":"0.005 degree sampled grid"},"geometry":{"type":"LineString","coordinates":[[10.393333,54.78],[10.45,54.763795],[10.47,54.744375],[10.489,54.74],[10.495,54.731111],[10.508929,54.735],[10.50069,54.745],[10.54,54.745172],[10.55,54.736903],[10.555,54.73825],[10.593857,54.72],[10.603889,54.71],[10.604286,54.7],[10.58375,54.7],[10.5625,54.69],[10.51,54.693311],[10.485,54.689637],[10.43,54.697778],[10.406154,54.695],[10.385,54.702719],[10.355,54.699619],[10.32,54.703839],[10.305682,54.71],[10.325,54.72875],[10.333889,54.73],[10.337321,54.74],[10.361034,54.755],[10.361389,54.76],[10.354565,54.765],[10.37375,54.775],[10.375,54.782188],[10.393333,54.78]]}},{"type":"Feature","properties":{"depth":20.0,"source":"DDM 2024 coarse contour","resolution":"0.005 degree sampled grid"},"geometry":{"type":"LineString","coordinates":[[10.3,54.76],[10.321731,54.745],[10.314706,54.73],[10.295,54.7144],[10.275,54.72],[10.248889,54.75],[10.265,54.758966],[10.3,54.76]]}},{"type":"Feature","properties":{"depth":20.0,"source":"DDM 2024 coarse contour","resolution":"0.005 degree sampled grid"},"geometry":{"type":"LineString","coordinates":[[12.53,55.381],[12.515,55.375],[12.545,55.326667],[12.5565,55.32],[12.555,55.31625],[12.55,55.310714],[12.545,55.319],[12.525,55.315],[12.52,55.32619],[12.51,55.325714],[12.506667,55.33],[12.509063,55.34],[12.496176,55.355],[12.498333,55.365],[12.49,55.368333],[12.48,55.36],[12.491692,55.35],[12.496774,55.315],[12.489474,55.3],[12.491964,55.295],[12.475385,55.28],[12.470625,55.265],[12.4875,55.225],[12.485,55.22],[12.491667,55.215],[12.5025,55.185],[12.515,55.175],[12.52,55.176111],[12.526818,55.165],[12.525,55.155],[12.530625,55.145],[12.545625,55.135],[12.54875,55.12],[12.58,55.09],[12.5905,55.09],[12.586667,55.085],[12.59,55.08],[12.6,55.077333],[12.605,55.0825],[12.6,55.063333],[12.555,55.071875],[12.535,55.068571],[12.531875,55.065],[12.535,55.06],[12.529231,55.06],[12.541429,55.055],[12.538571,55.05],[12.55375,55.02],[12.546538,55.015],[12.567,54.99],[12.575,54.99125],[12.596143,54.95],[12.585,54.946304],[12.584706,54.94],[12.57,54.93375],[12.547891,54.91],[12.525,54.900761],[12.485,54.905],[12.475833,54.91],[12.47,54.923],[12.405,54.935],[12.365,54.932857],[12.335,54.9215],[12.275,54.853],[12.262778,54.825],[12.2475,54.81],[12.256667,54.795],[12.244211,54.78],[12.265667,54.77],[12.245,54.76],[12.256,54.745],[12.252143,54.73],[12.255,54.725],[12.244545,54.725],[12.255,54.725],[12.26,54.715],[12.285,54.718333],[12.3,54.73],[12.32,54.72875],[12.345,54.745],[12.35,54.755],[12.375,54.7625],[12.385,54.75],[12.465,54.795],[12.545,54.8075],[12.575,54.80125],[12.577143,54.805],[12.571,54.81],[12.545,54.81125],[12.53,54.827727],[12.52,54.83125],[12.455,54.83375],[12.395,54.856786],[12.387292,54.865],[12.390429,54.875],[12.422,54.885],[12.408571,54.895],[12.407143,54.9],[12.415,54.907308],[12.43,54.91],[12.42625,54.905],[12.43,54.898125],[12.4675,54.89],[12.48,54.88],[12.535,54.883077],[12.625,54.909],[12.665,54.9075],[12.7,54.889],[12.73,54.885],[12.75,54.875],[12.75,54.865],[12.78,54.85],[12.795,54.835],[12.83,54.825],[12.83,54.82],[12.855,54.805],[12.885,54.819994],[12.91,54.824992],[12.945,54.844978],[13.140015,55.005],[13.135,55.015014],[13.125,55.020008],[13.115,55.018889],[13.11,55.03],[13.095,55.031667],[13.08875,55.03],[13.105556,55.02],[13.1,55.0175],[13.102917,55.01],[13.095,55.003571],[13.095,55.013462],[13.075,55.00625],[13.04,55.01375],[13.035,55.009333],[13.01,55.01375],[12.985,55.025],[12.979375,55.02],[12.98,55.005],[12.95,54.994524],[12.915,54.9875],[12.89,54.9955],[12.885,55.0],[12.890556,55.005],[12.886786,55.01],[12.852353,55.03],[12.863696,55.04],[12.906667,55.065],[12.96,55.076],[12.985,55.074615],[13.010005,55.08],[12.79,55.165061],[12.71,55.225017],[12.69,55.235019],[12.665007,55.26],[12.645,55.295],[12.59,55.33375],[12.55,55.373571],[12.53,55.381]]}},{"type":"Feature","properties":{"depth":20.0,"source":"DDM 2024 coarse contour","resolution":"0.005 degree sampled grid"},"geometry":{"type":"LineString","coordinates":[[10.490761,54.755],[10.49,54.746739],[10.477931,54.755],[10.48,54.758158],[10.490761,54.755]]}},{"type":"Feature","properties":{"depth":20.0,"source":"DDM 2024 coarse contour","resolution":"0.005 degree sampled grid"},"geometry":{"type":"LineString","coordinates":[[10.01,54.802731],[10.0,54.798026],[9.985,54.803827],[9.98497,54.8],[10.045,54.769959],[10.052963,54.77],[10.042826,54.78],[10.01825,54.79],[10.01,54.802731]]}},{"type":"Feature","properties":{"depth":20.0,"source":"DDM 2024 coarse contour","resolution":"0.005 degree sampled grid"},"geometry":{"type":"LineString","coordinates":[[10.825657,54.805],[10.818548,54.8],[10.825,54.809333],[10.825657,54.805]]}},{"type":"Feature","properties":{"depth":20.0,"source":"DDM 2024 coarse contour","resolution":"0.005 degree sampled grid"},"geometry":{"type":"LineString","coordinates":[[9.72,54.900005],[9.713778,54.895],[9.755,54.881854],[9.754036,54.87],[9.78,54.862692],[9.805642,54.845],[9.79,54.836447],[9.765,54.837949],[9.735,54.824973],[9.895,54.844955],[9.96,54.809958],[9.9825,54.805],[9.965227,54.82],[9.965,54.83],[9.905,54.853854],[9.87,54.851825],[9.84,54.842689],[9.829214,54.845],[9.829,54.855],[9.835,54.862963],[9.871522,54.86],[9.874167,54.865],[9.870375,54.87],[9.853841,54.88],[9.871867,54.885],[9.885,54.895],[9.83,54.885034],[9.80525,54.89],[9.79,54.887031],[9.78,54.894783],[9.755,54.891361],[9.72,54.900005]]}},{"type":"Feature","properties":{"depth":20.0,"source":"DDM 2024 coarse contour","resolution":"0.005 degree sampled grid"},"geometry":{"type":"LineString","coordinates":[[14.41,54.845294],[14.395,54.84875],[14.392,54.845],[14.42,54.820435],[14.44,54.81375],[14.445,54.82],[14.455,54.816875],[14.4575,54.82],[14.4575,54.83],[14.43,54.8425],[14.41,54.845294]]}},{"type":"Feature","properties":{"depth":20.0,"source":"DDM 2024 coarse contour","resolution":"0.005 degree sampled grid"},"geometry":{"type":"LineString","coordinates":[[9.695,54.841048],[9.69,54.835],[9.7045,54.835],[9.695,54.841048]]}},{"type":"Feature","properties":{"depth":20.0,"source":"DDM 2024 coarse contour","resolution":"0.005 degree sampled grid"},"geometry":{"type":"LineString","coordinates":[[14.575,54.927778],[14.57,54.93],[14.544318,54.915],[14.55,54.913333],[14.565,54.892],[14.575,54.894091],[14.595,54.888],[14.598333,54.89],[14.595,54.894286],[14.575,54.909167],[14.578571,54.925],[14.575,54.927778]]}},{"type":"Feature","properties":{"depth":20.0,"source":"DDM 2024 coarse contour","resolution":"0.005 degree sampled grid"},"geometry":{"type":"LineString","coordinates":[[11.99,54.93511],[11.985,54.938956],[11.982752,54.935],[12.001429,54.915],[11.99,54.93511]]}},{"type":"Feature","properties":{"depth":20.0,"source":"DDM 2024 coarse contour","resolution":"0.005 degree sampled grid"},"geometry":{"type":"LineString","coordinates":[[10.255,55.015024],[10.242308,55.015],[10.240379,55.005],[10.217076,54.99],[10.214948,54.98],[10.235,54.958703],[10.255,54.949306],[10.28,54.949225],[10.33,54.924225],[10.34,54.926667],[10.331618,54.935],[10.335,54.939792],[10.355,54.939],[10.3725,54.945],[10.370667,54.95],[10.36,54.950915],[10.345735,54.96],[10.335,54.957442],[10.328889,54.965],[10.333846,54.97],[10.32,54.97325],[10.315,54.978981],[10.3,54.968955],[10.3,54.978125],[10.285,54.973232],[10.270633,54.98],[10.264712,54.985],[10.272105,54.995],[10.297368,55.005],[10.255,55.015024]]}},{"type":"Feature","properties":{"depth":20.0,"source":"DDM 2024 coarse contour","resolution":"0.005 degree sampled grid"},"geometry":{"type":"LineString","coordinates":[[14.585,54.932857],[14.577857,54.93],[14.585,54.926667],[14.59,54.93],[14.59,54.9225],[14.59,54.93],[14.585,54.932857]]}},{"type":"Feature","properties":{"depth":20.0,"source":"DDM 2024 coarse contour","resolution":"0.005 degree sampled grid"},"geometry":{"type":"LineString","coordinates":[[11.975,54.946496],[11.966399,54.945],[11.983245,54.94],[11.975,54.946496]]}},{"type":"Feature","properties":{"depth":20.0,"source":"DDM 2024 coarse contour","resolution":"0.005 degree sampled grid"},"geometry":{"type":"LineString","coordinates":[[14.595,54.956667],[14.585,54.958571],[14.581875,54.955],[14.6,54.947778],[14.595,54.956667]]}},{"type":"Feature","properties":{"depth":20.0,"source":"DDM 2024 coarse contour","resolution":"0.005 degree sampled grid"},"geometry":{"type":"LineString","coordinates":[[12.641667,55.0],[12.645,54.995],[12.63,55.0],[12.63,55.005],[12.641667,55.0]]}},{"type":"Feature","properties":{"depth":20.0,"source":"DDM 2024 coarse contour","resolution":"0.005 degree sampled grid"},"geometry":{"type":"LineString","coordinates":[[11.00875,55.03],[11.018133,55.01],[11.01,54.998333],[11.005,55.003194],[11.0,54.997551],[11.004323,55.03],[11.00875,55.03]]}},{"type":"Feature","properties":{"depth":20.0,"source":"DDM 2024 coarse contour","resolution":"0.005 degree sampled grid"},"geometry":{"type":"LineString","coordinates":[[12.84,55.015],[12.835,55.01],[12.8425,55.0],[12.835,55.00375],[12.83,54.998333],[12.818,55.0],[12.815556,55.01],[12.82,55.017917],[12.83,55.011667],[12.84,55.015]]}},{"type":"Feature","properties":{"depth":20.0,"source":"DDM 2024 coarse contour","resolution":"0.005 degree sampled grid"},"geometry":{"type":"LineString","coordinates":[[9.66,55.017348],[9.650278,55.015],[9.675,55.005857],[9.678085,55.01],[9.66,55.017348]]}},{"type":"Feature","properties":{"depth":20.0,"source":"DDM 2024 coarse contour","resolution":"0.005 degree sampled grid"},"geometry":{"type":"LineString","coordinates":[[9.775,55.230246],[9.76,55.221154],[9.738333,55.22],[9.74,55.216],[9.745,55.22],[9.748958,55.215],[9.745,55.212683],[9.73,55.22],[9.729474,55.215],[9.720417,55.21],[9.726463,55.2],[9.722262,55.195],[9.695,55.178663],[9.64,55.166078],[9.615,55.17119],[9.614167,55.16],[9.6,55.15],[9.605833,55.16],[9.548889,55.155],[9.56,55.145],[9.55,55.144615],[9.54,55.135667],[9.54,55.1252],[9.55,55.134996],[9.575,55.134167],[9.59,55.128088],[9.602391,55.115],[9.595,55.106596],[9.56,55.105],[9.572273,55.1],[9.57,55.09],[9.58,55.093146],[9.589357,55.085],[9.545,55.066377],[9.505,55.041808],[9.469286,55.04],[9.45,55.035],[9.45,55.03],[9.46,55.024907],[9.5,55.023976],[9.58,55.050402],[9.605,55.043194],[9.63,55.022353],[9.65,55.015111],[9.654074,55.02],[9.645,55.035],[9.634872,55.04],[9.630328,55.055],[9.65,55.062667],[9.655,55.073163],[9.735,55.095471],[9.76,55.093965],[9.83,55.074],[9.855,55.071143],[9.859091,55.075],[9.840476,55.105],[9.859286,55.115],[9.842,55.12],[9.858846,55.125],[9.842955,55.13],[9.865,55.132879],[9.87,55.11725],[9.885,55.118646],[9.8775,55.125],[9.880921,55.13],[9.875,55.147857],[9.895,55.150437],[9.935,55.185714],[9.92,55.195435],[9.875,55.172632],[9.86,55.17561],[9.85,55.172045],[9.846905,55.175],[9.85,55.180169],[9.83,55.177576],[9.8268,55.18],[9.83,55.189286],[9.79,55.199565],[9.786094,55.225],[9.775,55.230246]]}},{"type":"Feature","properties":{"depth":20.0,"source":"DDM 2024 coarse contour","resolution":"0.005 degree sampled grid"},"geometry":{"type":"LineString","coordinates":[[12.702308,55.03],[12.69,55.024677],[12.683929,55.03],[12.685,55.035],[12.702308,55.03]]}},{"type":"Feature","properties":{"depth":20.0,"source":"DDM 2024 coarse contour","resolution":"0.005 degree sampled grid"},"geometry":{"type":"LineString","coordinates":[[9.950851,55.065],[9.99,55.043514],[9.997245,55.035],[9.984167,55.035],[9.955,55.046809],[9.947937,55.045],[9.95,55.038536],[9.94,55.039472],[9.900204,55.055],[9.904273,55.06],[9.93,55.067061],[9.950851,55.065]]}},{"type":"Feature","properties":{"depth":20.0,"source":"DDM 2024 coarse contour","resolution":"0.005 degree sampled grid"},"geometry":{"type":"LineString","coordinates":[[12.6825,55.04],[12.685,55.035],[12.674,55.035],[12.675,55.04125],[12.6825,55.04]]}},{"type":"Feature","properties":{"depth":20.0,"source":"DDM 2024 coarse contour","resolution":"0.005 degree sampled grid"},"geometry":{"type":"LineString","coordinates":[[14.632647,55.04],[14.624138,55.035],[14.63,55.04225],[14.632647,55.04]]}},{"type":"Feature","properties":{"depth":20.0,"source":"DDM 2024 coarse contour","resolution":"0.005 degree sampled grid"},"geometry":{"type":"LineString","coordinates":[[8.49,55.045426],[8.485,55.048947],[8.485,55.039722],[8.49,55.045426]]}},{"type":"Feature","properties":{"depth":20.0,"source":"DDM 2024 coarse contour","resolution":"0.005 degree sampled grid"},"geometry":{"type":"LineString","coordinates":[[10.205,55.055126],[10.19,55.059533],[10.170937,55.055],[10.2,55.052805],[10.205,55.047602],[10.209275,55.05],[10.205,55.055126]]}},{"type":"Feature","properties":{"depth":20.0,"source":"DDM 2024 coarse contour","resolution":"0.005 degree sampled grid"},"geometry":{"type":"LineString","coordinates":[[8.445,55.06557],[8.419988,55.065],[8.44,55.064958],[8.447969,55.06],[8.445,55.06557]]}},{"type":"Feature","properties":{"depth":20.0,"source":"DDM 2024 coarse contour","resolution":"0.005 degree sampled grid"},"geometry":{"type":"LineString","coordinates":[[8.47,55.061472],[8.451413,55.06],[8.465,55.059937],[8.47,55.055321],[8.47351,55.06],[8.47,55.061472]]}},{"type":"Feature","properties":{"depth":20.0,"source":"DDM 2024 coarse contour","resolution":"0.005 degree sampled grid"},"geometry":{"type":"LineString","coordinates":[[9.86,55.101863],[9.854898,55.1],[9.861944,55.085],[9.895481,55.09],[9.875,55.090775],[9.86,55.101863]]}},{"type":"Feature","properties":{"depth":20.0,"source":"DDM 2024 coarse contour","resolution":"0.005 degree sampled grid"},"geometry":{"type":"LineString","coordinates":[[11.000439,55.09],[11.005,55.080714],[11.0,55.08],[10.996875,55.09],[11.000439,55.09]]}},{"type":"Feature","properties":{"depth":20.0,"source":"DDM 2024 coarse contour","resolution":"0.005 degree sampled grid"},"geometry":{"type":"LineString","coordinates":[[11.040645,55.16],[11.034444,55.105],[11.040619,55.095],[11.035,55.1],[11.025,55.087812],[11.005781,55.105],[10.998034,55.135],[11.005606,55.15],[11.02,55.163306],[11.03,55.164891],[11.040645,55.16]]}},{"type":"Feature","properties":{"depth":20.0,"source":"DDM 2024 coarse contour","resolution":"0.005 degree sampled grid"},"geometry":{"type":"LineString","coordinates":[[9.535,55.125323],[9.532222,55.12],[9.545,55.113049],[9.54,55.124667],[9.535,55.125323]]}},{"type":"Feature","properties":{"depth":20.0,"source":"DDM 2024 coarse contour","resolution":"0.005 degree sampled grid"},"geometry":{"type":"LineString","coordinates":[[9.707604,55.135],[9.72,55.135],[9.705,55.123763],[9.67,55.124091],[9.66,55.117786],[9.63,55.115],[9.624186,55.12],[9.625,55.126452],[9.635,55.133239],[9.65,55.137194],[9.707604,55.135]]}},{"type":"Feature","properties":{"depth":20.0,"source":"DDM 2024 coarse contour","resolution":"0.005 degree sampled grid"},"geometry":{"type":"LineString","coordinates":[[7.4,55.199985],[7.435,55.194983],[7.44,55.189982],[7.46,55.189979],[7.465,55.18498],[7.485,55.184975],[7.49,55.179979],[7.51,55.179983],[7.515,55.174985],[7.535,55.174987],[7.54,55.169988],[7.565,55.169988],[7.57,55.164989],[7.6,55.164991],[7.605,55.159992],[7.635,55.159993],[7.64,55.154992],[7.675,55.154992],[7.68,55.149991],[7.71,55.149988],[7.715,55.144991],[7.745,55.144994],[7.75,55.139996],[7.81,55.135],[7.815,55.14],[7.808333,55.155],[7.81,55.17],[7.815,55.175],[7.81375,55.19],[7.825,55.2],[7.845,55.203636],[7.905,55.1875],[7.925,55.19],[7.92,55.18],[7.93,55.1725],[7.94,55.1725],[7.965,55.175],[7.97,55.18],[7.955,55.19],[7.955,55.195],[7.9825,55.205],[7.955,55.220833],[7.935,55.215833],[7.92,55.20625],[7.91,55.21],[7.909,55.215],[7.91,55.245],[7.91625,55.255],[7.9625,55.275],[7.94,55.31],[7.958333,55.345],[7.951667,55.36],[7.92125,55.36],[7.89,55.323077],[7.87,55.319839],[7.845,55.323],[7.840833,55.335],[7.83,55.34],[7.831667,55.345],[7.865,55.351667],[7.88,55.385],[7.87,55.392083],[7.825,55.403333],[7.819,55.425],[7.808667,55.435],[7.765,55.450526],[7.74,55.4475],[7.735,55.457143],[7.717381,55.46],[7.726667,55.465],[7.72,55.471786],[7.7,55.475455],[7.685,55.486667],[7.655,55.491364],[7.64,55.487955],[7.635,55.49875],[7.6075,55.5],[7.599286,55.51],[7.557143,55.52],[7.555,55.530204],[7.515,55.530909],[7.505,55.535366],[7.5,55.5285],[7.492647,55.54],[7.426579,55.58],[7.425,55.589444],[7.4,55.612619]]}},{"type":"Feature","properties":{"depth":20.0,"source":"DDM 2024 coarse contour","resolution":"0.005 degree sampled grid"},"geometry":{"type":"LineString","coordinates":[[11.22,55.162986],[11.21551,55.16],[11.225,55.147075],[11.253491,55.145],[11.24,55.145641],[11.22,55.162986]]}},{"type":"Feature","properties":{"depth":20.0,"source":"DDM 2024 coarse contour","resolution":"0.005 degree sampled grid"},"geometry":{"type":"LineString","coordinates":[[9.720833,55.175],[9.72473,55.16],[9.72,55.158034],[9.7,55.15649],[9.664474,55.165],[9.68,55.171417],[9.720833,55.175]]}},{"type":"Feature","properties":{"depth":20.0,"source":"DDM 2024 coarse contour","resolution":"0.005 degree sampled grid"},"geometry":{"type":"LineString","coordinates":[[8.02,55.181],[8.01,55.18375],[7.996667,55.175],[8.005,55.16875],[8.0275,55.17],[8.02,55.181]]}},{"type":"Feature","properties":{"depth":20.0,"source":"DDM 2024 coarse contour","resolution":"0.005 degree sampled grid"},"geometry":{"type":"LineString","coordinates":[[11.205,55.177],[11.2,55.179615],[11.19875,55.175],[11.21,55.165534],[11.21467,55.17],[11.205,55.177]]}},{"type":"Feature","properties":{"depth":20.0,"source":"DDM 2024 coarse contour","resolution":"0.005 degree sampled grid"},"geometry":{"type":"LineString","coordinates":[[11.195,55.185525],[11.185031,55.185],[11.195,55.177204],[11.199893,55.18],[11.195,55.185525]]}},{"type":"Feature","properties":{"depth":20.0,"source":"DDM 2024 coarse contour","resolution":"0.005 degree sampled grid"},"geometry":{"type":"LineString","coordinates":[[11.175,55.195021],[11.155,55.198073],[11.142547,55.195],[11.17,55.192655],[11.185,55.185089],[11.186285,55.19],[11.175,55.195021]]}},{"type":"Feature","properties":{"depth":20.0,"source":"DDM 2024 coarse contour","resolution":"0.005 degree sampled grid"},"geometry":{"type":"LineString","coordinates":[[11.135,55.196797],[11.12138,55.195],[11.13,55.191748],[11.138714,55.195],[11.135,55.196797]]}},{"type":"Feature","properties":{"depth":20.0,"source":"DDM 2024 coarse contour","resolution":"0.005 degree sampled grid"},"geometry":{"type":"LineString","coordinates":[[10.975,55.213281],[10.963889,55.21],[10.975,55.206379],[10.9785,55.21],[10.975,55.213281]]}},{"type":"Feature","properties":{"depth":20.0,"source":"DDM 2024 coarse contour","resolution":"0.005 degree sampled grid"},"geometry":{"type":"LineString","coordinates":[[10.985,55.216071],[10.9845,55.21],[10.99,55.209783],[10.985,55.216071]]}},{"type":"Feature","properties":{"depth":20.0,"source":"DDM 2024 coarse contour","resolution":"0.005 degree sampled grid"},"geometry":{"type":"LineString","coordinates":[[11.04,55.2425],[11.025,55.243929],[11.021333,55.24],[11.021667,55.225],[11.03,55.211667],[11.045,55.224375],[11.052,55.225],[11.050625,55.235],[11.04,55.2425]]}},{"type":"Feature","properties":{"depth":20.0,"source":"DDM 2024 coarse contour","resolution":"0.005 degree sampled grid"},"geometry":{"type":"LineString","coordinates":[[10.84,55.244615],[10.835833,55.235],[10.84,55.218649],[10.84,55.244615]]}},{"type":"Feature","properties":{"depth":20.0,"source":"DDM 2024 coarse contour","resolution":"0.005 degree sampled grid"},"geometry":{"type":"LineString","coordinates":[[9.81,55.258077],[9.793788,55.245],[9.805,55.243767],[9.812222,55.255],[9.81,55.258077]]}},{"type":"Feature","properties":{"depth":20.0,"source":"DDM 2024 coarse contour","resolution":"0.005 degree sampled grid"},"geometry":{"type":"LineString","coordinates":[[10.855,55.255517],[10.845,55.255571],[10.8425,55.245],[10.85569,55.25],[10.855,55.255517]]}},{"type":"Feature","properties":{"depth":20.0,"source":"DDM 2024 coarse contour","resolution":"0.005 degree sampled grid"},"geometry":{"type":"LineString","coordinates":[[9.83,55.273589],[9.810943,55.26],[9.815,55.256587],[9.825,55.262076],[9.832599,55.27],[9.83,55.273589]]}},{"type":"Feature","properties":{"depth":20.0,"source":"DDM 2024 coarse contour","resolution":"0.005 degree sampled grid"},"geometry":{"type":"LineString","coordinates":[[10.86,55.266212],[10.8548,55.265],[10.86,55.25625],[10.864,55.26],[10.86,55.266212]]}},{"type":"Feature","properties":{"depth":20.0,"source":"DDM 2024 coarse contour","resolution":"0.005 degree sampled grid"},"geometry":{"type":"LineString","coordinates":[[10.87,55.273947],[10.86463,55.27],[10.87,55.263776],[10.873529,55.265],[10.87,55.273947]]}},{"type":"Feature","properties":{"depth":20.0,"source":"DDM 2024 coarse contour","resolution":"0.005 degree sampled grid"},"geometry":{"type":"LineString","coordinates":[[14.720625,55.29],[14.725,55.285],[14.713864,55.29],[14.720625,55.29]]}},{"type":"Feature","properties":{"depth":20.0,"source":"DDM 2024 coarse contour","resolution":"0.005 degree sampled grid"},"geometry":{"type":"LineString","coordinates":[[14.735,55.31],[14.747,55.3],[14.73,55.293824],[14.726579,55.305],[14.73,55.310741],[14.735,55.31]]}},{"type":"Feature","properties":{"depth":20.0,"source":"DDM 2024 coarse contour","resolution":"0.005 degree sampled grid"},"geometry":{"type":"LineString","coordinates":[[11.05,55.325],[11.057462,55.32],[11.055,55.317241],[11.05,55.325],[11.045,55.3196],[11.039222,55.325],[11.05,55.325]]}},{"type":"Feature","properties":{"depth":20.0,"source":"DDM 2024 coarse contour","resolution":"0.005 degree sampled grid"},"geometry":{"type":"LineString","coordinates":[[15.17722,55.33],[15.199286,55.32],[15.185,55.315224],[15.163549,55.33],[15.17722,55.33]]}},{"type":"Feature","properties":{"depth":20.0,"source":"DDM 2024 coarse contour","resolution":"0.005 degree sampled grid"},"geometry":{"type":"LineString","coordinates":[[9.67,55.49254],[9.656115,55.485],[9.7,55.463208],[9.722207,55.43],[9.724044,55.41],[9.73,55.407941],[9.736452,55.42],[9.71631,55.46],[9.71,55.468803],[9.69,55.472544],[9.67,55.49254]]}},{"type":"Feature","properties":{"depth":20.0,"source":"DDM 2024 coarse contour","resolution":"0.005 degree sampled grid"},"geometry":{"type":"LineString","coordinates":[[11.011071,55.445],[11.01,55.439583],[11.002083,55.445],[11.005,55.448043],[11.011071,55.445]]}},{"type":"Feature","properties":{"depth":20.0,"source":"DDM 2024 coarse contour","resolution":"0.005 degree sampled grid"},"geometry":{"type":"LineString","coordinates":[[7.438571,55.45],[7.439444,55.445],[7.435,55.443462],[7.427083,55.45],[7.438571,55.45]]}},{"type":"Feature","properties":{"depth":20.0,"source":"DDM 2024 coarse contour","resolution":"0.005 degree sampled grid"},"geometry":{"type":"LineString","coordinates":[[10.868,55.595],[10.892439,55.585],[10.905875,55.56],[10.92,55.546532],[10.941032,55.54],[10.955,55.511875],[10.97,55.445],[10.92,55.493571],[10.90898,55.495],[10.901579,55.505],[10.893929,55.535],[10.885,55.538478],[10.875,55.534018],[10.875,55.541531],[10.863125,55.545],[10.872778,55.55],[10.86939,55.56],[10.875,55.57],[10.864286,55.585],[10.848333,55.595],[10.868,55.595]]}},{"type":"Feature","properties":{"depth":20.0,"source":"DDM 2024 coarse contour","resolution":"0.005 degree sampled grid"},"geometry":{"type":"LineString","coordinates":[[8.07,55.49129],[8.062059,55.49],[8.065,55.483167],[8.071,55.485],[8.073333,55.49],[8.07,55.49129]]}},{"type":"Feature","properties":{"depth":20.0,"source":"DDM 2024 coarse contour","resolution":"0.005 degree sampled grid"},"geometry":{"type":"LineString","coordinates":[[10.935,55.501538],[10.919375,55.5],[10.928333,55.49],[10.94,55.485714],[10.942143,55.49],[10.935,55.501538]]}},{"type":"Feature","properties":{"depth":20.0,"source":"DDM 2024 coarse contour","resolution":"0.005 degree sampled grid"},"geometry":{"type":"LineString","coordinates":[[7.539032,55.505],[7.53,55.49225],[7.52,55.492712],[7.513953,55.5],[7.525,55.509138],[7.539032,55.505]]}},{"type":"Feature","properties":{"depth":20.0,"source":"DDM 2024 coarse contour","resolution":"0.005 degree sampled grid"},"geometry":{"type":"LineString","coordinates":[[7.96,55.515116],[7.93,55.515],[7.929643,55.51],[7.97,55.497921],[8.01,55.492759],[8.036515,55.495],[8.034808,55.5],[8.005,55.501237],[7.96,55.515116]]}},{"type":"Feature","properties":{"depth":20.0,"source":"DDM 2024 coarse contour","resolution":"0.005 degree sampled grid"},"geometry":{"type":"LineString","coordinates":[[9.655,55.513311],[9.646058,55.505],[9.65,55.492429],[9.658295,55.505],[9.655,55.513311]]}},{"type":"Feature","properties":{"depth":20.0,"source":"DDM 2024 coarse contour","resolution":"0.005 degree sampled grid"},"geometry":{"type":"LineString","coordinates":[[9.71,55.520016],[9.691407,55.52],[9.723996,55.51],[9.743426,55.51],[9.732439,55.515],[9.715,55.515041],[9.71,55.520016]]}},{"type":"Feature","properties":{"depth":20.0,"source":"DDM 2024 coarse contour","resolution":"0.005 degree sampled grid"},"geometry":{"type":"LineString","coordinates":[[7.81,55.5874],[7.7825,55.58],[7.795357,55.555],[7.815,55.543136],[7.865,55.528982],[7.89,55.512766],[7.897857,55.515],[7.883036,55.53],[7.835,55.555397],[7.81,55.5874]]}},{"type":"Feature","properties":{"depth":20.0,"source":"DDM 2024 coarse contour","resolution":"0.005 degree sampled grid"},"geometry":{"type":"LineString","coordinates":[[9.765,55.555057],[9.742614,55.555],[9.735519,55.545],[9.746517,55.52],[9.742042,55.515],[9.745,55.510535],[9.763594,55.53],[9.755,55.5375],[9.749925,55.535],[9.751195,55.545],[9.769126,55.555],[9.765,55.555057]]}},{"type":"Feature","properties":{"depth":20.0,"source":"DDM 2024 coarse contour","resolution":"0.005 degree sampled grid"},"geometry":{"type":"LineString","coordinates":[[10.915,55.53019],[10.907051,55.525],[10.92,55.516],[10.922222,55.525],[10.915,55.53019]]}},{"type":"Feature","properties":{"depth":20.0,"source":"DDM 2024 coarse contour","resolution":"0.005 degree sampled grid"},"geometry":{"type":"LineString","coordinates":[[9.795,55.558846],[9.77697,55.555],[9.79,55.551899],[9.798763,55.555],[9.795,55.558846]]}},{"type":"Feature","properties":{"depth":20.0,"source":"DDM 2024 coarse contour","resolution":"0.005 degree sampled grid"},"geometry":{"type":"LineString","coordinates":[[9.825,55.572875],[9.7971,55.56],[9.805,55.557638],[9.82,55.563811],[9.827396,55.57],[9.825,55.572875]]}},{"type":"Feature","properties":{"depth":20.0,"source":"DDM 2024 coarse contour","resolution":"0.005 degree sampled grid"},"geometry":{"type":"LineString","coordinates":[[10.801944,55.565],[10.807436,55.56],[10.8,55.555833],[10.797083,55.565],[10.801944,55.565]]}},{"type":"Feature","properties":{"depth":20.0,"source":"DDM 2024 coarse contour","resolution":"0.005 degree sampled grid"},"geometry":{"type":"LineString","coordinates":[[10.7756,55.58],[10.780455,55.575],[10.769565,55.58],[10.7756,55.58]]}},{"type":"Feature","properties":{"depth":20.0,"source":"DDM 2024 coarse contour","resolution":"0.005 degree sampled grid"},"geometry":{"type":"LineString","coordinates":[[9.865,55.597121],[9.85,55.593519],[9.845357,55.585],[9.855,55.583429],[9.868889,55.595],[9.865,55.597121]]}},{"type":"Feature","properties":{"depth":20.0,"source":"DDM 2024 coarse contour","resolution":"0.005 degree sampled grid"},"geometry":{"type":"LineString","coordinates":[[10.746905,55.635],[10.754138,55.63],[10.749786,55.62],[10.756207,55.615],[10.735,55.607062],[10.72027,55.61],[10.727407,55.615],[10.72225,55.63],[10.725,55.635926],[10.746905,55.635]]}},{"type":"Feature","properties":{"depth":20.0,"source":"DDM 2024 coarse contour","resolution":"0.005 degree sampled grid"},"geometry":{"type":"LineString","coordinates":[[7.795,55.615455],[7.784091,55.615],[7.79,55.61],[7.795,55.615455]]}},{"type":"Feature","properties":{"depth":20.0,"source":"DDM 2024 coarse contour","resolution":"0.005 degree sampled grid"},"geometry":{"type":"LineString","coordinates":[[7.575,55.640682],[7.569706,55.635],[7.581167,55.635],[7.575,55.640682]]}},{"type":"Feature","properties":{"depth":20.0,"source":"DDM 2024 coarse contour","resolution":"0.005 degree sampled grid"},"geometry":{"type":"LineString","coordinates":[[10.885,55.646754],[10.866286,55.645],[10.91,55.632071],[10.942391,55.635],[10.925,55.639904],[10.91,55.638106],[10.885,55.646754]]}},{"type":"Feature","properties":{"depth":20.0,"source":"DDM 2024 coarse contour","resolution":"0.005 degree sampled grid"},"geometry":{"type":"LineString","coordinates":[[10.1,55.692],[10.041667,55.67],[10.05,55.664643],[10.065,55.666875],[10.095,55.682917],[10.1,55.692]]}},{"type":"Feature","properties":{"depth":20.0,"source":"DDM 2024 coarse contour","resolution":"0.005 degree sampled grid"},"geometry":{"type":"LineString","coordinates":[[10.585,55.707931],[10.58,55.701767],[10.563837,55.7],[10.585,55.695417],[10.59,55.7],[10.59,55.694167],[10.585,55.707931]]}},{"type":"Feature","properties":{"depth":20.0,"source":"DDM 2024 coarse contour","resolution":"0.005 degree sampled grid"},"geometry":{"type":"LineString","coordinates":[[10.732083,55.805],[10.737963,55.795],[10.735,55.79],[10.741471,55.79],[10.745,55.803043],[10.778929,55.79],[10.778947,55.755],[10.76,55.741875],[10.749545,55.74],[10.748611,55.735],[10.735833,55.73],[10.736591,55.725],[10.723571,55.725],[10.738,55.71],[10.707586,55.71],[10.71,55.704141],[10.675,55.691583],[10.65,55.698534],[10.657589,55.715],[10.653529,55.73],[10.66,55.72475],[10.6775,55.745],[10.675,55.765],[10.696667,55.75],[10.704167,55.735],[10.695645,55.73],[10.706429,55.725],[10.70575,55.735],[10.712857,55.74],[10.715862,55.75],[10.707083,55.755],[10.709167,55.76],[10.699464,55.77],[10.715,55.781429],[10.719286,55.78],[10.7125,55.775],[10.7325,55.77],[10.732059,55.785],[10.7265,55.795],[10.718125,55.795],[10.724167,55.79],[10.72,55.787222],[10.711429,55.795],[10.73,55.807381],[10.732083,55.805]]}},{"type":"Feature","properties":{"depth":20.0,"source":"DDM 2024 coarse contour","resolution":"0.005 degree sampled grid"},"geometry":{"type":"LineString","coordinates":[[7.74,55.72],[7.73,55.72],[7.72,55.7075],[7.75,55.705],[7.755,55.71],[7.74,55.72]]}},{"type":"Feature","properties":{"depth":20.0,"source":"DDM 2024 coarse contour","resolution":"0.005 degree sampled grid"},"geometry":{"type":"LineString","coordinates":[[10.695,55.729048],[10.690526,55.725],[10.695,55.712907],[10.702045,55.72],[10.695,55.729048]]}},{"type":"Feature","properties":{"depth":20.0,"source":"DDM 2024 coarse contour","resolution":"0.005 degree sampled grid"},"geometry":{"type":"LineString","coordinates":[[10.15,55.720769],[10.115,55.723333],[10.111667,55.72],[10.15,55.715882],[10.15,55.720769]]}},{"type":"Feature","properties":{"depth":20.0,"source":"DDM 2024 coarse contour","resolution":"0.005 degree sampled grid"},"geometry":{"type":"LineString","coordinates":[[7.445833,55.735],[7.435,55.7255],[7.425,55.725],[7.42,55.73],[7.435,55.739333],[7.445833,55.735]]}},{"type":"Feature","properties":{"depth":20.0,"source":"DDM 2024 coarse contour","resolution":"0.005 degree sampled grid"},"geometry":{"type":"LineString","coordinates":[[10.105,55.741088],[10.099143,55.73],[10.11,55.721667],[10.113333,55.725],[10.105,55.741088]]}},{"type":"Feature","properties":{"depth":20.0,"source":"DDM 2024 coarse contour","resolution":"0.005 degree sampled grid"},"geometry":{"type":"LineString","coordinates":[[10.58,55.747388],[10.565778,55.745],[10.58,55.740294],[10.584324,55.745],[10.58,55.747388]]}},{"type":"Feature","properties":{"depth":20.0,"source":"DDM 2024 coarse contour","resolution":"0.005 degree sampled grid"},"geometry":{"type":"LineString","coordinates":[[10.673929,55.78],[10.6705,55.77],[10.675,55.765],[10.665,55.77],[10.67,55.782391],[10.673929,55.78]]}},{"type":"Feature","properties":{"depth":20.0,"source":"DDM 2024 coarse contour","resolution":"0.005 degree sampled grid"},"geometry":{"type":"LineString","coordinates":[[10.755,55.87],[10.756923,55.865],[10.74,55.8475],[10.735,55.853421],[10.718571,55.85],[10.721579,55.84],[10.729487,55.835],[10.708816,55.81],[10.71,55.801591],[10.67,55.788],[10.683119,55.825],[10.705,55.854545],[10.755,55.87]]}},{"type":"Feature","properties":{"depth":20.0,"source":"DDM 2024 coarse contour","resolution":"0.005 degree sampled grid"},"geometry":{"type":"LineString","coordinates":[[12.685,55.840172],[12.68,55.84463],[12.678106,55.84],[12.705,55.8122],[12.725,55.806429],[12.685,55.840172]]}},{"type":"Feature","properties":{"depth":20.0,"source":"DDM 2024 coarse contour","resolution":"0.005 degree sampled grid"},"geometry":{"type":"LineString","coordinates":[[11.11,55.836471],[11.10625,55.835],[11.11,55.824535],[11.115385,55.83],[11.11,55.836471]]}},{"type":"Feature","properties":{"depth":20.0,"source":"DDM 2024 coarse contour","resolution":"0.005 degree sampled grid"},"geometry":{"type":"LineString","coordinates":[[10.786739,55.84],[10.774762,55.835],[10.785,55.842857],[10.786739,55.84]]}},{"type":"Feature","properties":{"depth":20.0,"source":"DDM 2024 coarse contour","resolution":"0.005 degree sampled grid"},"geometry":{"type":"LineString","coordinates":[[11.27,55.871667],[11.264286,55.87],[11.270732,55.86],[11.261889,55.845],[11.27,55.836579],[11.28,55.86],[11.27,55.871667]]}},{"type":"Feature","properties":{"depth":20.0,"source":"DDM 2024 coarse contour","resolution":"0.005 degree sampled grid"},"geometry":{"type":"LineString","coordinates":[[10.782917,55.87],[10.79,55.858333],[10.759286,55.85],[10.77,55.867931],[10.782917,55.87]]}},{"type":"Feature","properties":{"depth":20.0,"source":"DDM 2024 coarse contour","resolution":"0.005 degree sampled grid"},"geometry":{"type":"LineString","coordinates":[[10.868311,55.89],[10.873357,55.885],[10.873077,55.87],[10.855,55.853],[10.83,55.867317],[10.83,55.885387],[10.845,55.89022],[10.868311,55.89]]}},{"type":"Feature","properties":{"depth":20.0,"source":"DDM 2024 coarse contour","resolution":"0.005 degree sampled grid"},"geometry":{"type":"LineString","coordinates":[[11.06,55.8708],[11.051098,55.87],[11.075,55.85437],[11.084651,55.855],[11.06,55.8708]]}},{"type":"Feature","properties":{"depth":20.0,"source":"DDM 2024 coarse contour","resolution":"0.005 degree sampled grid"},"geometry":{"type":"LineString","coordinates":[[11.05,55.876615],[11.04,55.8793],[11.036161,55.875],[11.045,55.870633],[11.05,55.8715],[11.05,55.876615]]}},{"type":"Feature","properties":{"depth":20.0,"source":"DDM 2024 coarse contour","resolution":"0.005 degree sampled grid"},"geometry":{"type":"LineString","coordinates":[[10.775,55.944429],[10.75,55.918837],[10.73,55.915],[10.727927,55.91],[10.735,55.904259],[10.765,55.917658],[10.770596,55.935],[10.776775,55.94],[10.775,55.944429]]}},{"type":"Feature","properties":{"depth":20.0,"source":"DDM 2024 coarse contour","resolution":"0.005 degree sampled grid"},"geometry":{"type":"LineString","coordinates":[[12.645,55.938333],[12.62675,55.925],[12.625,55.916667],[12.63,55.91],[12.645,55.910909],[12.65,55.916622],[12.645,55.938333]]}},{"type":"Feature","properties":{"depth":20.0,"source":"DDM 2024 coarse contour","resolution":"0.005 degree sampled grid"},"geometry":{"type":"LineString","coordinates":[[10.395,55.955081],[10.39,55.958081],[10.387613,55.955],[10.39,55.942295],[10.415,55.931324],[10.419808,55.935],[10.405,55.941833],[10.395,55.955081]]}},{"type":"Feature","properties":{"depth":20.0,"source":"DDM 2024 coarse contour","resolution":"0.005 degree sampled grid"},"geometry":{"type":"LineString","coordinates":[[12.62,56.03125],[12.613496,56.025],[12.611111,56.01],[12.62,55.974737],[12.623553,55.99],[12.6186,56.02],[12.623944,56.03],[12.62,56.03125]]}},{"type":"Feature","properties":{"depth":20.0,"source":"DDM 2024 coarse contour","resolution":"0.005 degree sampled grid"},"geometry":{"type":"LineString","coordinates":[[10.985,55.985],[10.975,55.979286],[10.969,55.985],[10.98,55.988125],[10.985,55.985]]}},{"type":"Feature","properties":{"depth":20.0,"source":"DDM 2024 coarse contour","resolution":"0.005 degree sampled grid"},"geometry":{"type":"LineString","coordinates":[[10.45,56.012797],[10.440104,56.01],[10.475,55.980767],[10.478582,55.985],[10.465,56.002542],[10.45,56.012797]]}},{"type":"Feature","properties":{"depth":20.0,"source":"DDM 2024 coarse contour","resolution":"0.005 degree sampled grid"},"geometry":{"type":"LineString","coordinates":[[11.052273,56.095],[11.066667,56.085],[11.055926,56.07],[11.025,56.047164],[10.9975,56.04],[11.038125,56.04],[11.030833,56.03],[11.035,56.02881],[11.035,56.022576],[11.025,56.033636],[11.003571,56.015],[11.006071,56.005],[10.985,55.993],[10.955,55.997619],[10.95,56.006579],[10.94,56.003333],[10.935,56.00697],[10.9348,56.015],[10.94375,56.015],[10.954167,56.035],[10.98,56.038889],[10.989667,56.045],[10.970612,56.06],[10.970455,56.075],[10.985,56.090476],[11.0,56.095333],[10.996071,56.09],[11.0,56.086333],[11.035,56.098],[11.052273,56.095]]}},{"type":"Feature","properties":{"depth":20.0,"source":"DDM 2024 coarse contour","resolution":"0.005 degree sampled grid"},"geometry":{"type":"LineString","coordinates":[[10.907778,56.045],[10.91283,56.04],[10.910385,56.035],[10.92,56.029412],[10.92,56.023125],[10.9,56.008889],[10.8966,56.025],[10.9055,56.03],[10.893333,56.03],[10.892963,56.02],[10.884632,56.01],[10.875,56.002538],[10.85,55.995455],[10.825,55.998714],[10.755,56.025],[10.76,56.03375],[10.77,56.035952],[10.83,56.035583],[10.855,56.045682],[10.9,56.049706],[10.907778,56.045]]}},{"type":"Feature","properties":{"depth":20.0,"source":"DDM 2024 coarse contour","resolution":"0.005 degree sampled grid"},"geometry":{"type":"LineString","coordinates":[[11.062,56.04],[11.055,56.024194],[11.041957,56.035],[11.045,56.038043],[11.05,56.033],[11.055,56.04],[11.062,56.04]]}},{"type":"Feature","properties":{"depth":20.0,"source":"DDM 2024 coarse contour","resolution":"0.005 degree sampled grid"},"geometry":{"type":"LineString","coordinates":[[12.645,56.055083],[12.636414,56.055],[12.655,56.027125],[12.655087,56.04],[12.645,56.055083]]}},{"type":"Feature","properties":{"depth":20.0,"source":"DDM 2024 coarse contour","resolution":"0.005 degree sampled grid"},"geometry":{"type":"LineString","coordinates":[[12.63,56.046667],[12.63,56.035787],[12.635116,56.04],[12.63,56.046667]]}},{"type":"Feature","properties":{"depth":20.0,"source":"DDM 2024 coarse contour","resolution":"0.005 degree sampled grid"},"geometry":{"type":"LineString","coordinates":[[11.355,56.05125],[11.342,56.05],[11.35,56.046111],[11.355,56.05125]]}},{"type":"Feature","properties":{"depth":20.0,"source":"DDM 2024 coarse contour","resolution":"0.005 degree sampled grid"},"geometry":{"type":"LineString","coordinates":[[7.9505,56.07],[7.955833,56.065],[7.95,56.05425],[7.935,56.052292],[7.9195,56.06],[7.93,56.071818],[7.9505,56.07]]}},{"type":"Feature","properties":{"depth":20.0,"source":"DDM 2024 coarse contour","resolution":"0.005 degree sampled grid"},"geometry":{"type":"LineString","coordinates":[[10.938636,56.19],[10.93,56.1775],[10.91,56.175],[10.91,56.1825],[10.9075,56.17],[10.934,56.16],[10.9145,56.155],[10.92,56.15],[10.935,56.15],[10.937,56.145],[10.9,56.135],[10.878929,56.12],[10.910439,56.095],[10.901569,56.08],[10.85,56.056696],[10.81,56.054744],[10.738889,56.06],[10.74,56.068333],[10.755,56.080306],[10.77,56.0725],[10.785,56.075],[10.785,56.06619],[10.795,56.063485],[10.8,56.068182],[10.798,56.08],[10.77,56.083056],[10.758444,56.09],[10.753333,56.1],[10.769787,56.11],[10.774242,56.12],[10.79,56.133697],[10.786913,56.145],[10.811545,56.165],[10.82,56.186139],[10.855,56.183846],[10.885,56.187917],[10.885,56.195],[10.938636,56.19]]}},{"type":"Feature","properties":{"depth":20.0,"source":"DDM 2024 coarse contour","resolution":"0.005 degree sampled grid"},"geometry":{"type":"LineString","coordinates":[[10.576771,56.085],[10.561607,56.08],[10.57,56.089868],[10.576771,56.085]]}},{"type":"Feature","properties":{"depth":20.0,"source":"DDM 2024 coarse contour","resolution":"0.005 degree sampled grid"},"geometry":{"type":"LineString","coordinates":[[11.075455,56.115],[11.081875,56.11],[11.08,56.1],[11.07,56.100385],[11.058929,56.11],[11.06,56.117222],[11.065,56.119167],[11.075455,56.115]]}},{"type":"Feature","properties":{"depth":20.0,"source":"DDM 2024 coarse contour","resolution":"0.005 degree sampled grid"},"geometry":{"type":"LineString","coordinates":[[11.4125,56.23],[11.4175,56.225],[11.413333,56.205],[11.4,56.1925],[11.38,56.185],[11.399,56.17],[11.385,56.165],[11.398333,56.145],[11.395,56.13],[11.35,56.097778],[11.315,56.100556],[11.31,56.096707],[11.273333,56.11],[11.27,56.115],[11.305,56.124],[11.312222,56.13],[11.285,56.145],[11.3,56.145],[11.3075,56.15],[11.277812,56.155],[11.285,56.162],[11.3,56.16],[11.31,56.164167],[11.31,56.17],[11.31625,56.17],[11.31,56.17],[11.312727,56.18],[11.322857,56.185],[11.33,56.2],[11.36,56.21375],[11.365,56.225],[11.375,56.225],[11.39,56.234],[11.4125,56.23]]}},{"type":"Feature","properties":{"depth":20.0,"source":"DDM 2024 coarse contour","resolution":"0.005 degree sampled grid"},"geometry":{"type":"LineString","coordinates":[[10.4,56.112344],[10.394375,56.11],[10.395,56.104783],[10.402459,56.11],[10.4,56.112344]]}},{"type":"Feature","properties":{"depth":20.0,"source":"DDM 2024 coarse contour","resolution":"0.005 degree sampled grid"},"geometry":{"type":"LineString","coordinates":[[10.925,56.135],[10.933026,56.11],[10.925,56.106458],[10.904454,56.115],[10.92,56.135],[10.925,56.135]]}},{"type":"Feature","properties":{"depth":20.0,"source":"DDM 2024 coarse contour","resolution":"0.005 degree sampled grid"},"geometry":{"type":"LineString","coordinates":[[11.455,56.39],[11.4475,56.375],[11.425,56.378],[11.375,56.369],[11.375,56.356667],[11.388571,56.365],[11.4,56.365161],[11.445,56.355714],[11.448571,56.35],[11.443571,56.345],[11.344375,56.32],[11.34,56.315],[11.347,56.31],[11.345,56.306667],[11.325,56.298333],[11.3075,56.28],[11.305,56.275],[11.3225,56.265],[11.286667,56.23],[11.28,56.201667],[11.268846,56.19],[11.261875,56.19],[11.267,56.195],[11.26,56.197812],[11.22975,56.17],[11.16,56.147848],[11.142703,56.14],[11.133239,56.125],[11.128425,56.125],[11.13,56.133776],[11.138734,56.14],[11.119444,56.15],[11.12625,56.17],[11.11,56.171],[11.097895,56.185],[11.105,56.191071],[11.124167,56.19],[11.145,56.205],[11.1385,56.235],[11.15,56.25],[11.16,56.25],[11.160625,56.245],[11.155,56.255],[11.16,56.25],[11.172273,56.26],[11.16,56.27],[11.18,56.265],[11.185,56.27],[11.177143,56.285],[11.185,56.285],[11.188571,56.29],[11.177,56.295],[11.185,56.295909],[11.195,56.29],[11.23,56.305385],[11.25,56.293051],[11.265,56.301098],[11.275,56.29125],[11.29,56.294167],[11.275,56.300714],[11.274167,56.315],[11.287174,56.315],[11.3,56.339091],[11.316842,56.34],[11.29,56.345667],[11.285,56.35],[11.29,56.361667],[11.342857,56.37],[11.37,56.36875],[11.378,56.375],[11.373095,56.38],[11.388571,56.385],[11.43,56.38625],[11.435,56.39],[11.431667,56.385],[11.435,56.3825],[11.435,56.39],[11.455,56.39]]}},{"type":"Feature","properties":{"depth":20.0,"source":"DDM 2024 coarse contour","resolution":"0.005 degree sampled grid"},"geometry":{"type":"LineString","coordinates":[[11.28,56.14],[11.26,56.128],[11.256,56.135],[11.275,56.144],[11.28,56.14]]}},{"type":"Feature","properties":{"depth":20.0,"source":"DDM 2024 coarse contour","resolution":"0.005 degree sampled grid"},"geometry":{"type":"LineString","coordinates":[[10.943,56.16],[10.935,56.15],[10.939231,56.155],[10.93625,56.16],[10.943,56.16]]}},{"type":"Feature","properties":{"depth":20.0,"source":"DDM 2024 coarse contour","resolution":"0.005 degree sampled grid"},"geometry":{"type":"LineString","coordinates":[[10.781296,56.185],[10.791161,56.17],[10.775,56.157951],[10.770299,56.17],[10.775,56.181846],[10.781296,56.185]]}},{"type":"Feature","properties":{"depth":20.0,"source":"DDM 2024 coarse contour","resolution":"0.005 degree sampled grid"},"geometry":{"type":"LineString","coordinates":[[11.7,56.22],[11.71,56.210714],[11.732667,56.205],[11.755278,56.185],[11.71,56.17537],[11.665,56.196429],[11.655833,56.205],[11.656154,56.215],[11.665,56.223276],[11.685,56.224481],[11.7,56.22]]}},{"type":"Feature","properties":{"depth":20.0,"source":"DDM 2024 coarse contour","resolution":"0.005 degree sampled grid"},"geometry":{"type":"LineString","coordinates":[[10.905,56.186923],[10.891818,56.185],[10.905,56.181875],[10.909167,56.185],[10.905,56.186923]]}},{"type":"Feature","properties":{"depth":20.0,"source":"DDM 2024 coarse contour","resolution":"0.005 degree sampled grid"},"geometry":{"type":"LineString","coordinates":[[10.866667,56.225],[10.873333,56.22],[10.872143,56.215],[10.85,56.193551],[10.83,56.192083],[10.81483,56.2],[10.819412,56.21],[10.833333,56.215],[10.835,56.220776],[10.845,56.219],[10.855,56.225109],[10.866667,56.225]]}},{"type":"Feature","properties":{"depth":20.0,"source":"DDM 2024 coarse contour","resolution":"0.005 degree sampled grid"},"geometry":{"type":"LineString","coordinates":[[10.933462,56.21],[10.946429,56.205],[10.94,56.198095],[10.9,56.202453],[10.895,56.21],[10.91,56.213387],[10.933462,56.21]]}},{"type":"Feature","properties":{"depth":20.0,"source":"DDM 2024 coarse contour","resolution":"0.005 degree sampled grid"},"geometry":{"type":"LineString","coordinates":[[10.948,56.22],[10.945,56.213929],[10.920556,56.22],[10.935,56.224615],[10.948,56.22]]}},{"type":"Feature","properties":{"depth":20.0,"source":"DDM 2024 coarse contour","resolution":"0.005 degree sampled grid"},"geometry":{"type":"LineString","coordinates":[[11.797,56.32],[11.82,56.308],[11.825455,56.31],[11.837778,56.29],[11.825417,56.27],[11.81,56.261875],[11.735,56.251354],[11.7,56.261111],[11.676667,56.28],[11.695,56.31],[11.72,56.322917],[11.78,56.324286],[11.797,56.32]]}},{"type":"Feature","properties":{"depth":20.0,"source":"DDM 2024 coarse contour","resolution":"0.005 degree sampled grid"},"geometry":{"type":"LineString","coordinates":[[11.538333,56.355],[11.54,56.325],[11.55,56.305],[11.545,56.305],[11.54,56.2925],[11.485,56.277917],[11.455,56.275],[11.435,56.285],[11.449375,56.305],[11.45125,56.315],[11.438333,56.315],[11.439792,56.325],[11.4525,56.34],[11.485,56.342778],[11.5,56.338333],[11.498214,56.345],[11.505,56.353333],[11.525,56.3575],[11.538333,56.355]]}},{"type":"Feature","properties":{"depth":20.0,"source":"DDM 2024 coarse contour","resolution":"0.005 degree sampled grid"},"geometry":{"type":"LineString","coordinates":[[11.03,56.3125],[11.015,56.305],[11.03,56.3],[11.03,56.3125]]}},{"type":"Feature","properties":{"depth":20.0,"source":"DDM 2024 coarse contour","resolution":"0.005 degree sampled grid"},"geometry":{"type":"LineString","coordinates":[[11.365,56.3512],[11.354444,56.35],[11.368333,56.35],[11.365,56.3512]]}},{"type":"Feature","properties":{"depth":20.0,"source":"DDM 2024 coarse contour","resolution":"0.005 degree sampled grid"},"geometry":{"type":"LineString","coordinates":[[11.519,56.4],[11.475,56.385],[11.469,56.39],[11.495,56.401667],[11.519,56.4]]}},{"type":"Feature","properties":{"depth":20.0,"source":"DDM 2024 coarse contour","resolution":"0.005 degree sampled grid"},"geometry":{"type":"LineString","coordinates":[[11.416429,56.415],[11.427857,56.41],[11.425,56.4025],[11.415,56.4075],[11.4,56.404091],[11.405,56.411667],[11.416429,56.415]]}},{"type":"Feature","properties":{"depth":20.0,"source":"DDM 2024 coarse contour","resolution":"0.005 degree sampled grid"},"geometry":{"type":"LineString","coordinates":[[7.96875,56.47],[7.9625,56.455],[7.945,56.455],[7.942692,56.46],[7.95,56.468889],[7.96,56.473571],[7.96875,56.47]]}},{"type":"Feature","properties":{"depth":20.0,"source":"DDM 2024 coarse contour","resolution":"0.005 degree sampled grid"},"geometry":{"type":"LineString","coordinates":[[11.325,56.655937],[11.314762,56.645],[11.327667,56.63],[11.34,56.617794],[11.38,56.595161],[11.383488,56.6],[11.325,56.655937]]}},{"type":"Feature","properties":{"depth":20.0,"source":"DDM 2024 coarse contour","resolution":"0.005 degree sampled grid"},"geometry":{"type":"LineString","coordinates":[[10.005,56.675346],[9.99,56.674],[9.965164,56.66],[10.003968,56.67],[10.005,56.675346]]}},{"type":"Feature","properties":{"depth":20.0,"source":"DDM 2024 coarse contour","resolution":"0.005 degree sampled grid"},"geometry":{"type":"LineString","coordinates":[[11.29,56.670625],[11.285,56.674565],[11.280227,56.67],[11.295,56.662778],[11.29,56.670625]]}},{"type":"Feature","properties":{"depth":20.0,"source":"DDM 2024 coarse contour","resolution":"0.005 degree sampled grid"},"geometry":{"type":"LineString","coordinates":[[11.265,56.697222],[11.259091,56.695],[11.262143,56.685],[11.275,56.670333],[11.28,56.6702],[11.284615,56.675],[11.265,56.697222]]}},{"type":"Feature","properties":{"depth":20.0,"source":"DDM 2024 coarse contour","resolution":"0.005 degree sampled grid"},"geometry":{"type":"LineString","coordinates":[[8.16,56.716538],[8.155,56.716923],[8.145,56.705],[8.15,56.69625],[8.16,56.716538]]}},{"type":"Feature","properties":{"depth":20.0,"source":"DDM 2024 coarse contour","resolution":"0.005 degree sampled grid"},"geometry":{"type":"LineString","coordinates":[[7.97881,56.74],[8.0,56.716667],[7.96,56.721923],[7.953,56.73],[7.965,56.743077],[7.97881,56.74]]}},{"type":"Feature","properties":{"depth":20.0,"source":"DDM 2024 coarse contour","resolution":"0.005 degree sampled grid"},"geometry":{"type":"LineString","coordinates":[[11.245,56.785],[11.23875,56.775],[11.25,56.768333],[11.25,56.78],[11.245,56.785]]}},{"type":"Feature","properties":{"depth":20.0,"source":"DDM 2024 coarse contour","resolution":"0.005 degree sampled grid"},"geometry":{"type":"LineString","coordinates":[[7.456923,56.805],[7.457812,56.8],[7.45,56.796023],[7.4375,56.8],[7.445,56.807973],[7.456923,56.805]]}},{"type":"Feature","properties":{"depth":20.0,"source":"DDM 2024 coarse contour","resolution":"0.005 degree sampled grid"},"geometry":{"type":"LineString","coordinates":[[8.155,56.92],[8.16,56.91],[8.155,56.906667],[8.138333,56.91],[8.140714,56.92],[8.15,56.923333],[8.155,56.92]]}},{"type":"Feature","properties":{"depth":20.0,"source":"DDM 2024 coarse contour","resolution":"0.005 degree sampled grid"},"geometry":{"type":"LineString","coordinates":[[8.225,56.955],[8.236667,56.95],[8.24,56.9325],[8.21,56.935588],[8.197857,56.95],[8.205,56.955385],[8.225,56.955]]}},{"type":"Feature","properties":{"depth":20.0,"source":"DDM 2024 coarse contour","resolution":"0.005 degree sampled grid"},"geometry":{"type":"LineString","coordinates":[[11.650385,56.935],[11.64,56.93],[11.643333,56.935],[11.650385,56.935]]}},{"type":"Feature","properties":{"depth":20.0,"source":"DDM 2024 coarse contour","resolution":"0.005 degree sampled grid"},"geometry":{"type":"LineString","coordinates":[[7.641429,56.96],[7.641111,56.95],[7.636,56.95],[7.633333,56.96],[7.64,56.963333],[7.641429,56.96]]}},{"type":"Feature","properties":{"depth":20.0,"source":"DDM 2024 coarse contour","resolution":"0.005 degree sampled grid"},"geometry":{"type":"LineString","coordinates":[[11.690568,56.965],[11.692778,56.96],[11.681406,56.96],[11.681923,56.965],[11.690568,56.965]]}},{"type":"Feature","properties":{"depth":20.0,"source":"DDM 2024 coarse contour","resolution":"0.005 degree sampled grid"},"geometry":{"type":"LineString","coordinates":[[11.595594,57.02],[11.592292,57.01],[11.597273,57.005],[11.59,56.992917],[11.581875,57.0],[11.585,57.015],[11.579353,57.02],[11.585,57.015],[11.595594,57.02]]}},{"type":"Feature","properties":{"depth":20.0,"source":"DDM 2024 coarse contour","resolution":"0.005 degree sampled grid"},"geometry":{"type":"LineString","coordinates":[[11.632353,57.005],[11.619167,57.005],[11.63,57.008333],[11.632353,57.005]]}},{"type":"Feature","properties":{"depth":20.0,"source":"DDM 2024 coarse contour","resolution":"0.005 degree sampled grid"},"geometry":{"type":"LineString","coordinates":[[8.43,57.0376],[8.417273,57.03],[8.416765,57.025],[8.433611,57.035],[8.43,57.0376]]}},{"type":"Feature","properties":{"depth":20.0,"source":"DDM 2024 coarse contour","resolution":"0.005 degree sampled grid"},"geometry":{"type":"LineString","coordinates":[[8.41,57.039],[8.403,57.035],[8.405,57.028125],[8.41,57.039]]}},{"type":"Feature","properties":{"depth":20.0,"source":"DDM 2024 coarse contour","resolution":"0.005 degree sampled grid"},"geometry":{"type":"LineString","coordinates":[[7.691538,57.05],[7.665,57.03875],[7.645,57.04],[7.644167,57.045],[7.665,57.051304],[7.691538,57.05]]}},{"type":"Feature","properties":{"depth":20.0,"source":"DDM 2024 coarse contour","resolution":"0.005 degree sampled grid"},"geometry":{"type":"LineString","coordinates":[[8.45,57.063667],[8.445,57.063889],[8.43,57.05],[8.436333,57.045],[8.435,57.036923],[8.458,57.055],[8.45,57.063667]]}},{"type":"Feature","properties":{"depth":20.0,"source":"DDM 2024 coarse contour","resolution":"0.005 degree sampled grid"},"geometry":{"type":"LineString","coordinates":[[8.494706,57.12],[8.436316,57.09],[8.426667,57.09],[8.4,57.076818],[8.385,57.076047],[8.38,57.069211],[8.365,57.068718],[8.345,57.055667],[8.338462,57.06],[8.3598,57.07],[8.356667,57.075],[8.36,57.076463],[8.37,57.072273],[8.375294,57.08],[8.44,57.102447],[8.45,57.110591],[8.47,57.114231],[8.48,57.120926],[8.494706,57.12]]}},{"type":"Feature","properties":{"depth":20.0,"source":"DDM 2024 coarse contour","resolution":"0.005 degree sampled grid"},"geometry":{"type":"LineString","coordinates":[[8.48,57.0762],[8.475,57.079167],[8.475,57.068],[8.48375,57.075],[8.48,57.0762]]}},{"type":"Feature","properties":{"depth":20.0,"source":"DDM 2024 coarse contour","resolution":"0.005 degree sampled grid"},"geometry":{"type":"LineString","coordinates":[[11.610568,57.09],[11.615,57.083148],[11.605,57.077105],[11.600417,57.08],[11.61,57.0825],[11.610568,57.09]]}},{"type":"Feature","properties":{"depth":20.0,"source":"DDM 2024 coarse contour","resolution":"0.005 degree sampled grid"},"geometry":{"type":"LineString","coordinates":[[8.407143,57.13],[8.404,57.125],[8.396,57.125],[8.398125,57.13],[8.407143,57.13]]}},{"type":"Feature","properties":{"depth":20.0,"source":"DDM 2024 coarse contour","resolution":"0.005 degree sampled grid"},"geometry":{"type":"LineString","coordinates":[[8.492667,57.155],[8.445,57.14],[8.453158,57.15],[8.475,57.156643],[8.48,57.15075],[8.485,57.157],[8.492667,57.155]]}},{"type":"Feature","properties":{"depth":20.0,"source":"DDM 2024 coarse contour","resolution":"0.005 degree sampled grid"},"geometry":{"type":"LineString","coordinates":[[8.627632,57.16],[8.605,57.159894],[8.59,57.153562],[8.55625,57.15],[8.565,57.155385],[8.61,57.1639],[8.627632,57.16]]}},{"type":"Feature","properties":{"depth":20.0,"source":"DDM 2024 coarse contour","resolution":"0.005 degree sampled grid"},"geometry":{"type":"LineString","coordinates":[[10.76,57.176071],[10.754722,57.16],[10.76,57.156364],[10.76,57.176071]]}},{"type":"Feature","properties":{"depth":20.0,"source":"DDM 2024 coarse contour","resolution":"0.005 degree sampled grid"},"geometry":{"type":"LineString","coordinates":[[10.755,57.227368],[10.735,57.204286],[10.73,57.21],[10.725,57.205],[10.71975,57.19],[10.725,57.175],[10.73,57.17381],[10.732188,57.19],[10.742857,57.2],[10.75,57.196765],[10.75275,57.2],[10.757632,57.22],[10.755,57.227368]]}},{"type":"Feature","properties":{"depth":20.0,"source":"DDM 2024 coarse contour","resolution":"0.005 degree sampled grid"},"geometry":{"type":"LineString","coordinates":[[8.325,57.185],[8.305,57.17875],[8.32,57.186667],[8.325,57.185]]}},{"type":"Feature","properties":{"depth":20.0,"source":"DDM 2024 coarse contour","resolution":"0.005 degree sampled grid"},"geometry":{"type":"LineString","coordinates":[[10.695,57.2825],[10.683333,57.265],[10.69,57.1775],[10.701829,57.22],[10.7,57.28],[10.695,57.2825]]}},{"type":"Feature","properties":{"depth":20.0,"source":"DDM 2024 coarse contour","resolution":"0.005 degree sampled grid"},"geometry":{"type":"LineString","coordinates":[[8.398182,57.21],[8.399091,57.205],[8.365,57.193125],[8.35,57.193125],[8.335,57.186944],[8.333226,57.19],[8.38,57.208125],[8.398182,57.21]]}},{"type":"Feature","properties":{"depth":20.0,"source":"DDM 2024 coarse contour","resolution":"0.005 degree sampled grid"},"geometry":{"type":"LineString","coordinates":[[8.5625,57.21],[8.555,57.206786],[8.546176,57.21],[8.555,57.214091],[8.5625,57.21]]}},{"type":"Feature","properties":{"depth":20.0,"source":"DDM 2024 coarse contour","resolution":"0.005 degree sampled grid"},"geometry":{"type":"LineString","coordinates":[[9.408582,58.0],[9.36,57.976143],[9.35,57.966072],[9.3,57.940952],[9.265,57.915844],[9.24,57.905794],[9.18,57.865647],[9.095,57.820483],[9.07,57.800476],[9.045,57.790485],[9.035,57.780482],[8.96,57.740458],[8.89,57.695344],[8.855,57.690367],[8.85,57.685382],[8.825,57.685396],[8.82,57.680416],[8.795,57.68042],[8.79,57.675421],[8.77,57.675434],[8.765,57.670441],[8.745,57.670477],[8.74,57.665487],[8.715,57.66554],[8.71,57.660536],[8.69,57.660584],[8.685,57.655566],[8.66,57.655624],[8.655,57.650593],[8.635,57.650633],[8.63,57.645591],[8.605,57.645634],[8.6,57.640581],[8.58,57.640631],[8.575,57.635601],[8.55,57.635641],[8.545,57.630634],[8.5,57.625624],[8.495,57.620611],[8.445,57.615607],[8.44,57.610593],[8.365,57.595599],[8.345,57.585583],[8.325,57.585594],[8.305,57.575574],[8.265,57.570574],[8.245,57.560555],[8.23,57.560565],[8.225,57.555555],[8.21,57.555564],[8.205,57.550558],[8.19,57.550564],[8.185,57.545557],[8.17,57.545565],[8.165,57.540556],[8.15,57.540565],[8.145,57.535555],[8.13,57.535565],[8.125,57.530558],[8.11,57.53057],[8.105,57.525561],[8.09,57.525569],[8.085,57.52056],[8.07,57.520563],[8.065,57.515554],[7.99,57.5005],[7.97,57.490501],[7.955,57.490498],[7.92,57.475492],[7.91,57.47549],[7.905,57.470482],[7.89,57.470486],[7.855,57.455453],[7.84,57.455461],[7.79,57.435374],[7.775,57.435364],[7.725,57.415299],[7.71,57.415296],[7.66,57.395294],[7.645,57.395299],[7.61,57.380325],[7.595,57.380324],[7.545,57.360331],[7.53,57.360339],[7.48,57.340277],[7.465,57.340283],[7.4,57.315197]]}},{"type":"Feature","properties":{"depth":20.0,"source":"DDM 2024 coarse contour","resolution":"0.005 degree sampled grid"},"geometry":{"type":"LineString","coordinates":[[9.325,57.451],[9.29,57.445],[9.2825,57.435],[9.29875,57.38],[9.315,57.366],[9.328333,57.37],[9.333333,57.385],[9.351667,57.41],[9.357,57.43],[9.345,57.44375],[9.325,57.451]]}},{"type":"Feature","properties":{"depth":20.0,"source":"DDM 2024 coarse contour","resolution":"0.005 degree sampled grid"},"geometry":{"type":"LineString","coordinates":[[9.505,57.431],[9.485,57.434444],[9.475,57.43],[9.46,57.4],[9.465,57.395],[9.475,57.395],[9.53125,57.41],[9.505,57.431]]}},{"type":"Feature","properties":{"depth":20.0,"source":"DDM 2024 coarse contour","resolution":"0.005 degree sampled grid"},"geometry":{"type":"LineString","coordinates":[[9.155,57.43625],[9.155,57.423667],[9.165,57.43],[9.155,57.43625]]}},{"type":"Feature","properties":{"depth":20.0,"source":"DDM 2024 coarse contour","resolution":"0.005 degree sampled grid"},"geometry":{"type":"LineString","coordinates":[[9.135,57.44125],[9.130833,57.43],[9.145,57.426964],[9.149048,57.43],[9.135,57.44125]]}},{"type":"Feature","properties":{"depth":20.0,"source":"DDM 2024 coarse contour","resolution":"0.005 degree sampled grid"},"geometry":{"type":"LineString","coordinates":[[9.165,57.441111],[9.165,57.43],[9.178,57.435],[9.165,57.441111]]}},{"type":"Feature","properties":{"depth":20.0,"source":"DDM 2024 coarse contour","resolution":"0.005 degree sampled grid"},"geometry":{"type":"LineString","coordinates":[[9.400333,57.515],[9.380294,57.51],[9.395,57.51734],[9.400333,57.515]]}},{"type":"Feature","properties":{"depth":20.0,"source":"DDM 2024 coarse contour","resolution":"0.005 degree sampled grid"},"geometry":{"type":"LineString","coordinates":[[9.35,57.533333],[9.335833,57.525],[9.35,57.525556],[9.35,57.533333]]}},{"type":"Feature","properties":{"depth":20.0,"source":"DDM 2024 coarse contour","resolution":"0.005 degree sampled grid"},"geometry":{"type":"LineString","coordinates":[[9.4912,57.55],[9.498214,57.545],[9.495,57.543125],[9.4912,57.55]]}},{"type":"Feature","properties":{"depth":20.0,"source":"DDM 2024 coarse contour","resolution":"0.005 degree sampled grid"},"geometry":{"type":"LineString","coordinates":[[9.554545,57.58],[9.55,57.57125],[9.555,57.573889],[9.557917,57.57],[9.541,57.565],[9.5475,57.56],[9.54,57.55225],[9.535,57.5575],[9.51,57.545],[9.502083,57.55],[9.505,57.555357],[9.523,57.555],[9.511429,57.56],[9.53,57.565],[9.518889,57.575],[9.525,57.578889],[9.55,57.584286],[9.554545,57.58]]}},{"type":"Feature","properties":{"depth":20.0,"source":"DDM 2024 coarse contour","resolution":"0.005 degree sampled grid"},"geometry":{"type":"LineString","coordinates":[[9.373333,57.635],[9.380333,57.63],[9.380769,57.62],[9.37,57.607857],[9.35,57.601],[9.335,57.6075],[9.33,57.62],[9.34,57.635],[9.373333,57.635]]}},{"type":"Feature","properties":{"depth":20.0,"source":"DDM 2024 coarse contour","resolution":"0.005 degree sampled grid"},"geometry":{"type":"LineString","coordinates":[[9.906552,57.64],[9.909,57.63],[9.905,57.624286],[9.889643,57.635],[9.889118,57.64],[9.895,57.643654],[9.906552,57.64]]}},{"type":"Feature","properties":{"depth":20.0,"source":"DDM 2024 coarse contour","resolution":"0.005 degree sampled grid"},"geometry":{"type":"LineString","coordinates":[[10.886111,57.64],[10.88875,57.635],[10.885,57.632717],[10.869063,57.635],[10.886111,57.64]]}},{"type":"Feature","properties":{"depth":20.0,"source":"DDM 2024 coarse contour","resolution":"0.005 degree sampled grid"},"geometry":{"type":"LineString","coordinates":[[10.85537,57.65],[10.861667,57.64],[10.842754,57.645],[10.85537,57.65]]}},{"type":"Feature","properties":{"depth":20.0,"source":"DDM 2024 coarse contour","resolution":"0.005 degree sampled grid"},"geometry":{"type":"LineString","coordinates":[[10.070517,57.705],[10.0795,57.7],[10.075,57.696538],[10.070517,57.705]]}},{"type":"Feature","properties":{"depth":30.0,"source":"DDM 2024 coarse contour","resolution":"0.005 degree sampled grid"},"geometry":{"type":"LineString","coordinates":[[16.2,55.42522],[16.165,55.430226],[16.16,55.435225],[16.14,55.435229],[16.115,55.445232],[16.1,55.445236],[16.095,55.450236],[16.075,55.450238],[16.05,55.460239],[16.03,55.460241],[16.025,55.46524],[16.01,55.465243],[15.985,55.475243],[15.965,55.475246],[15.94,55.485246],[15.92,55.48525],[15.895,55.49525],[15.875,55.495254],[15.87,55.500251],[15.835,55.505248],[15.83,55.510241],[15.81,55.510248],[15.805,55.515244],[15.77,55.520234],[15.765,55.525229],[15.745,55.525223],[15.74,55.530219],[15.685,55.540206],[15.68,55.545203],[15.66,55.545202],[15.655,55.5502],[15.64,55.550201],[15.615,55.560197],[15.595,55.5602],[15.57,55.570191],[15.555,55.57019],[15.55,55.575188],[15.53,55.575189],[15.505,55.585186],[15.485,55.585185],[15.48,55.590183],[15.425,55.600185],[15.42,55.605186],[15.4,55.605186],[15.375,55.615187],[15.355,55.615191],[15.35,55.620193],[15.335,55.620191],[15.31,55.630192],[15.29,55.630194],[15.265,55.640192],[15.245,55.640194],[15.24,55.645193],[15.205,55.650188],[15.18,55.660184],[15.16,55.660186],[15.135,55.670176],[15.115,55.670178],[15.11,55.675175],[15.07,55.680159],[15.065,55.685161],[15.04,55.690142],[14.97,55.640192],[14.955,55.635207],[14.915,55.60522],[14.9,55.600221],[14.83,55.550204],[14.815,55.5452],[14.73,55.485175],[14.715,55.480182],[14.585,55.390214],[14.57,55.385186],[14.45,55.30509],[14.355,55.230065],[14.335,55.220065],[14.035,54.995084],[13.99492,54.96],[14.155,54.829996],[14.22,54.8575],[14.275,54.870417],[14.313333,54.9],[14.377727,54.935],[14.505625,55.02],[14.525,55.030429],[14.575,55.045],[14.6058,55.075],[14.64,55.13],[14.66425,55.155],[14.680641,55.205],[14.68,55.25],[14.668125,55.275],[14.670429,55.285],[14.658333,55.295],[14.655,55.317826],[14.675,55.311404],[14.69,55.311415],[14.695,55.315676],[14.69375,55.31],[14.71,55.306944],[14.74,55.318437],[14.766667,55.315],[14.768542,55.305],[14.795,55.296047],[14.865,55.249882],[14.91,55.230909],[14.975,55.228109],[15.055,55.177065],[15.155,55.14085],[15.163729,55.125],[15.16178,55.075],[15.168068,55.065],[15.168704,55.05],[15.18,55.040577],[15.18,55.034595],[15.2025,55.03],[15.200962,55.015],[15.16,55.002179],[15.149041,54.975],[15.13,54.962179],[15.02,54.965789],[14.92,54.955106],[14.89,54.956471],[14.864286,54.95],[14.84,54.935732],[14.82,54.930031],[14.7925,54.9],[14.737292,54.875],[14.705,54.84375],[14.65,54.810034],[14.625,54.789038],[14.605,54.783],[14.585,54.769811],[14.55,54.763514],[14.535,54.766818],[14.51,54.753929],[14.489697,54.725],[14.447222,54.69],[14.4625,54.645],[14.47,54.64],[14.49,54.641538],[14.555,54.603333],[14.66,54.576379],[14.69,54.614931],[14.71,54.614929],[14.715,54.609932],[14.76,54.604931],[14.765,54.599934],[14.785,54.599932],[14.79,54.594935],[14.815,54.594932],[14.82,54.589935],[14.885,54.58493],[14.89,54.579931],[14.93,54.579925],[14.935,54.574928],[14.985,54.574922],[14.99,54.569925],[15.155,54.569913],[15.16,54.574909],[15.225,54.574908],[15.23,54.579907],[15.255,54.5799],[15.26,54.584896],[15.305,54.589891],[15.34,54.604877],[15.355,54.604877],[15.375,54.614868],[15.39,54.614867],[15.425,54.629855],[15.435,54.629854],[15.44,54.634852],[15.46,54.634852],[15.485,54.644847],[15.505,54.644848],[15.53,54.654844],[15.545,54.654844],[15.55,54.659842],[15.57,54.659843],[15.595,54.669838],[15.635,54.674837],[15.655,54.684834],[15.665,54.684835],[15.71,54.719831],[15.76,54.749831],[15.79,54.779823],[15.820178,54.8],[15.870201,54.875],[15.970218,54.99],[15.960199,55.005],[15.960183,55.02],[15.95519,55.025],[15.950227,55.075],[15.945235,55.08],[15.945247,55.1],[15.940255,55.105],[15.940271,55.135],[16.010278,55.225],[16.020279,55.24],[16.020281,55.25],[16.04,55.25973],[16.06,55.259736],[16.065,55.264743],[16.085,55.264744],[16.09,55.269753],[16.13,55.274761],[16.135,55.279771],[16.155,55.279769],[16.16,55.284778],[16.2,55.289784]]}},{"type":"Feature","properties":{"depth":30.0,"source":"DDM 2024 coarse contour","resolution":"0.005 degree sampled grid"},"geometry":{"type":"LineString","coordinates":[[14.42,54.671667],[14.415,54.6725],[14.414994,54.66],[14.426,54.655],[14.425,54.67],[14.42,54.671667]]}},{"type":"Feature","properties":{"depth":30.0,"source":"DDM 2024 coarse contour","resolution":"0.005 degree sampled grid"},"geometry":{"type":"LineString","coordinates":[[10.41,54.690455],[10.39,54.69],[10.413235,54.69],[10.41,54.690455]]}},{"type":"Feature","properties":{"depth":30.0,"source":"DDM 2024 coarse contour","resolution":"0.005 degree sampled grid"},"geometry":{"type":"LineString","coordinates":[[10.77,54.745205],[10.761964,54.72],[10.765,54.713312],[10.771901,54.73],[10.77,54.745205]]}},{"type":"Feature","properties":{"depth":30.0,"source":"DDM 2024 coarse contour","resolution":"0.005 degree sampled grid"},"geometry":{"type":"LineString","coordinates":[[10.295,54.815278],[10.28375,54.815],[10.338333,54.8],[10.337917,54.805],[10.295,54.815278]]}},{"type":"Feature","properties":{"depth":30.0,"source":"DDM 2024 coarse contour","resolution":"0.005 degree sampled grid"},"geometry":{"type":"LineString","coordinates":[[10.835,54.834135],[10.827463,54.82],[10.835,54.801875],[10.838125,54.83],[10.835,54.834135]]}},{"type":"Feature","properties":{"depth":30.0,"source":"DDM 2024 coarse contour","resolution":"0.005 degree sampled grid"},"geometry":{"type":"LineString","coordinates":[[9.87,55.07553],[9.864628,55.075],[9.869269,55.07],[9.864879,55.06],[9.886897,55.045],[9.916379,55.03],[9.955,55.022971],[10.0,55.005417],[10.025,54.987692],[10.039571,54.965],[10.048182,54.96],[10.057576,54.94],[10.087676,54.91],[10.085781,54.895],[10.095,54.877917],[10.12,54.88],[10.148333,54.865],[10.15,54.857368],[10.160556,54.855],[10.16,54.84],[10.17,54.83],[10.155,54.8375],[10.15,54.8375],[10.148909,54.83],[10.16,54.8175],[10.1675,54.82],[10.17,54.83],[10.175,54.8275],[10.19,54.836],[10.22,54.82625],[10.27,54.825],[10.254722,54.835],[10.24,54.837317],[10.2325,54.845],[10.230769,54.855],[10.223571,54.86],[10.214,54.88],[10.231923,54.895],[10.222727,54.91],[10.225,54.915],[10.21,54.924268],[10.197368,54.94],[10.200227,54.95],[10.190204,54.97],[10.16,55.007625],[10.145,55.011655],[10.115,55.03093],[10.08,55.038158],[10.06,55.061538],[10.02,55.07],[9.985,55.066818],[9.95,55.074565],[9.9465,55.07],[9.997426,55.045],[10.002209,55.035],[10.0,55.03025],[9.99,55.028361],[9.96625,55.035],[9.965,55.040093],[9.959804,55.04],[9.9625,55.035],[9.955,55.034667],[9.92,55.041716],[9.893068,55.055],[9.894242,55.065],[9.87,55.07553]]}},{"type":"Feature","properties":{"depth":30.0,"source":"DDM 2024 coarse contour","resolution":"0.005 degree sampled grid"},"geometry":{"type":"LineString","coordinates":[[10.13,54.836607],[10.125,54.834],[10.125,54.82125],[10.133077,54.83],[10.13,54.836607]]}},{"type":"Feature","properties":{"depth":30.0,"source":"DDM 2024 coarse contour","resolution":"0.005 degree sampled grid"},"geometry":{"type":"LineString","coordinates":[[10.85,54.908083],[10.832174,54.87],[10.831261,54.855],[10.84,54.83205],[10.846536,54.835],[10.838876,54.855],[10.84,54.869681],[10.857308,54.895],[10.85,54.908083]]}},{"type":"Feature","properties":{"depth":30.0,"source":"DDM 2024 coarse contour","resolution":"0.005 degree sampled grid"},"geometry":{"type":"LineString","coordinates":[[9.81,54.855313],[9.81,54.845735],[9.81694,54.85],[9.81,54.855313]]}},{"type":"Feature","properties":{"depth":30.0,"source":"DDM 2024 coarse contour","resolution":"0.005 degree sampled grid"},"geometry":{"type":"LineString","coordinates":[[13.11,54.983605],[12.99,54.979833],[12.885,54.966944],[12.805,54.97],[12.765,54.968571],[12.75,54.963571],[12.745,54.967],[12.73,54.954167],[12.725,54.955],[12.724,54.95],[12.759,54.935],[12.74,54.93],[12.74,54.935833],[12.682667,54.935],[12.73,54.933333],[12.965,54.864167],[13.02,54.904944],[13.075,54.954946],[13.105,54.974982],[13.11,54.983605]]}},{"type":"Feature","properties":{"depth":30.0,"source":"DDM 2024 coarse contour","resolution":"0.005 degree sampled grid"},"geometry":{"type":"LineString","coordinates":[[9.86,54.886118],[9.843519,54.885],[9.863519,54.885],[9.86,54.886118]]}},{"type":"Feature","properties":{"depth":30.0,"source":"DDM 2024 coarse contour","resolution":"0.005 degree sampled grid"},"geometry":{"type":"LineString","coordinates":[[12.58,54.919],[12.53,54.896951],[12.504167,54.895],[12.545,54.893929],[12.566892,54.905],[12.580435,54.915],[12.58,54.919]]}},{"type":"Feature","properties":{"depth":30.0,"source":"DDM 2024 coarse contour","resolution":"0.005 degree sampled grid"},"geometry":{"type":"LineString","coordinates":[[10.865,54.926327],[10.851949,54.91],[10.855,54.905443],[10.865556,54.92],[10.865,54.926327]]}},{"type":"Feature","properties":{"depth":30.0,"source":"DDM 2024 coarse contour","resolution":"0.005 degree sampled grid"},"geometry":{"type":"LineString","coordinates":[[10.975,54.978072],[10.905,54.955455],[10.8894,54.945],[10.895,54.940556],[10.905,54.943971],[10.975,54.971357],[10.979722,54.975],[10.975,54.978072]]}},{"type":"Feature","properties":{"depth":30.0,"source":"DDM 2024 coarse contour","resolution":"0.005 degree sampled grid"},"geometry":{"type":"LineString","coordinates":[[10.24,55.0008],[10.22,54.99],[10.21864,54.98],[10.24,54.963571],[10.239,54.98],[10.250818,54.985],[10.24,55.0008]]}},{"type":"Feature","properties":{"depth":30.0,"source":"DDM 2024 coarse contour","resolution":"0.005 degree sampled grid"},"geometry":{"type":"LineString","coordinates":[[10.265,54.980231],[10.255556,54.98],[10.275,54.97123],[10.276756,54.975],[10.265,54.980231]]}},{"type":"Feature","properties":{"depth":30.0,"source":"DDM 2024 coarse contour","resolution":"0.005 degree sampled grid"},"geometry":{"type":"LineString","coordinates":[[11.03,55.063898],[11.025306,55.06],[11.0275,55.03],[11.021413,55.025],[11.019211,55.0],[11.005,54.98197],[10.99125,54.98],[10.995,54.9775],[11.017765,54.985],[11.03,55.003304],[11.036379,55.04],[11.035688,55.055],[11.03,55.063898]]}},{"type":"Feature","properties":{"depth":30.0,"source":"DDM 2024 coarse contour","resolution":"0.005 degree sampled grid"},"geometry":{"type":"LineString","coordinates":[[12.735,55.055],[12.73,55.055],[12.726923,55.04],[12.73625,55.02],[12.731429,55.0],[12.735,54.997727],[12.75125,55.015],[12.7525,55.025],[12.735,55.055]]}},{"type":"Feature","properties":{"depth":30.0,"source":"DDM 2024 coarse contour","resolution":"0.005 degree sampled grid"},"geometry":{"type":"LineString","coordinates":[[9.605,55.085833],[9.595,55.087714],[9.585,55.07616],[9.551667,55.065],[9.515,55.041328],[9.496,55.035],[9.505,55.031176],[9.522,55.035],[9.575,55.054381],[9.615,55.055833],[9.63625,55.07],[9.605,55.085833]]}},{"type":"Feature","properties":{"depth":30.0,"source":"DDM 2024 coarse contour","resolution":"0.005 degree sampled grid"},"geometry":{"type":"LineString","coordinates":[[9.91,55.068235],[9.898571,55.065],[9.91385,55.065],[9.91,55.068235]]}},{"type":"Feature","properties":{"depth":30.0,"source":"DDM 2024 coarse contour","resolution":"0.005 degree sampled grid"},"geometry":{"type":"LineString","coordinates":[[12.74,55.200001],[12.745714,55.18],[12.7425,55.17],[12.725,55.169],[12.71,55.175741],[12.695,55.172778],[12.691875,55.17],[12.695,55.165],[12.709,55.155],[12.745,55.145],[12.815,55.11],[12.775,55.108333],[12.735,55.115],[12.725,55.1],[12.74,55.089167],[12.795,55.071667],[12.85,55.074],[12.95,55.101125],[12.95,55.105015],[12.925,55.110014],[12.91,55.120022],[12.9,55.12002],[12.885,55.130024],[12.85,55.14002],[12.81,55.160013],[12.8,55.160013],[12.74,55.200001]]}},{"type":"Feature","properties":{"depth":30.0,"source":"DDM 2024 coarse contour","resolution":"0.005 degree sampled grid"},"geometry":{"type":"LineString","coordinates":[[11.02,55.405308],[11.009762,55.405],[11.02,55.395],[11.016071,55.385],[11.032007,55.355],[11.022244,55.33],[11.026476,55.315],[11.024519,55.3],[11.035,55.296016],[11.055,55.272746],[11.065443,55.27],[11.094089,55.23],[11.095,55.22],[11.093556,55.21],[11.085,55.203071],[11.02,55.18226],[10.98617,55.155],[10.981,55.135],[10.984439,55.11],[10.99,55.098623],[10.995,55.098687],[11.015,55.080143],[11.019857,55.085],[10.9965,55.11],[10.996048,55.15],[11.03,55.177571],[11.055,55.187835],[11.065,55.18487],[11.1,55.202353],[11.110765,55.225],[11.110031,55.235],[11.093277,55.25],[11.08,55.27402],[11.055,55.299886],[11.059167,55.305],[11.034601,55.325],[11.03615,55.335],[11.045038,55.345],[11.049714,55.37],[11.045,55.383065],[11.02,55.405308]]}},{"type":"Feature","properties":{"depth":30.0,"source":"DDM 2024 coarse contour","resolution":"0.005 degree sampled grid"},"geometry":{"type":"LineString","coordinates":[[12.715,55.095833],[12.7025,55.095],[12.71,55.092143],[12.715,55.095833]]}},{"type":"Feature","properties":{"depth":30.0,"source":"DDM 2024 coarse contour","resolution":"0.005 degree sampled grid"},"geometry":{"type":"LineString","coordinates":[[11.04,55.134848],[11.04,55.109595],[11.043721,55.13],[11.04,55.134848]]}},{"type":"Feature","properties":{"depth":30.0,"source":"DDM 2024 coarse contour","resolution":"0.005 degree sampled grid"},"geometry":{"type":"LineString","coordinates":[[9.92,55.135357],[9.91625,55.13],[9.923333,55.125],[9.924091,55.135],[9.92,55.135357]]}},{"type":"Feature","properties":{"depth":30.0,"source":"DDM 2024 coarse contour","resolution":"0.005 degree sampled grid"},"geometry":{"type":"LineString","coordinates":[[11.055,55.177063],[11.046301,55.16],[11.045,55.135],[11.05543,55.16],[11.055,55.177063]]}},{"type":"Feature","properties":{"depth":30.0,"source":"DDM 2024 coarse contour","resolution":"0.005 degree sampled grid"},"geometry":{"type":"LineString","coordinates":[[11.245,55.200424],[11.24,55.204603],[11.238165,55.2],[11.252424,55.195],[11.245,55.195],[11.245,55.200424]]}},{"type":"Feature","properties":{"depth":30.0,"source":"DDM 2024 coarse contour","resolution":"0.005 degree sampled grid"},"geometry":{"type":"LineString","coordinates":[[11.205,55.249206],[11.20136,55.245],[11.205,55.221359],[11.218103,55.21],[11.23,55.207308],[11.211763,55.225],[11.205,55.249206]]}},{"type":"Feature","properties":{"depth":30.0,"source":"DDM 2024 coarse contour","resolution":"0.005 degree sampled grid"},"geometry":{"type":"LineString","coordinates":[[11.2,55.275446],[11.195,55.278679],[11.192174,55.275],[11.199667,55.27],[11.2,55.246838],[11.203865,55.25],[11.204213,55.265],[11.2,55.275446]]}},{"type":"Feature","properties":{"depth":30.0,"source":"DDM 2024 coarse contour","resolution":"0.005 degree sampled grid"},"geometry":{"type":"LineString","coordinates":[[11.165,55.291255],[11.15141,55.29],[11.169146,55.29],[11.165,55.291255]]}},{"type":"Feature","properties":{"depth":30.0,"source":"DDM 2024 coarse contour","resolution":"0.005 degree sampled grid"},"geometry":{"type":"LineString","coordinates":[[11.14,55.295756],[11.107353,55.295],[11.14,55.292578],[11.14,55.295756]]}},{"type":"Feature","properties":{"depth":30.0,"source":"DDM 2024 coarse contour","resolution":"0.005 degree sampled grid"},"geometry":{"type":"LineString","coordinates":[[15.179295,55.33],[15.201351,55.32],[15.185,55.315177],[15.161588,55.33],[15.17,55.334188],[15.179295,55.33]]}},{"type":"Feature","properties":{"depth":30.0,"source":"DDM 2024 coarse contour","resolution":"0.005 degree sampled grid"},"geometry":{"type":"LineString","coordinates":[[14.685185,55.375],[14.684432,55.355],[14.675,55.353186],[14.67,55.377692],[14.685185,55.375]]}},{"type":"Feature","properties":{"depth":30.0,"source":"DDM 2024 coarse contour","resolution":"0.005 degree sampled grid"},"geometry":{"type":"LineString","coordinates":[[11.02,55.371739],[11.005345,55.37],[11.023077,55.37],[11.02,55.371739]]}},{"type":"Feature","properties":{"depth":30.0,"source":"DDM 2024 coarse contour","resolution":"0.005 degree sampled grid"},"geometry":{"type":"LineString","coordinates":[[11.005,55.376603],[10.990205,55.375],[11.005,55.37037],[11.005,55.376603]]}},{"type":"Feature","properties":{"depth":30.0,"source":"DDM 2024 coarse contour","resolution":"0.005 degree sampled grid"},"geometry":{"type":"LineString","coordinates":[[7.515,55.416],[7.51,55.41],[7.51,55.399231],[7.523333,55.41],[7.515,55.416]]}},{"type":"Feature","properties":{"depth":30.0,"source":"DDM 2024 coarse contour","resolution":"0.005 degree sampled grid"},"geometry":{"type":"LineString","coordinates":[[7.49,55.493],[7.465,55.485],[7.455,55.4755],[7.42,55.478333],[7.41,55.485],[7.405,55.48],[7.41,55.473],[7.4725,55.46],[7.48,55.445],[7.515,55.4475],[7.522143,55.46],[7.52,55.46375],[7.50625,55.46],[7.5,55.465],[7.49,55.493]]}},{"type":"Feature","properties":{"depth":30.0,"source":"DDM 2024 coarse contour","resolution":"0.005 degree sampled grid"},"geometry":{"type":"LineString","coordinates":[[9.705,55.465286],[9.704041,55.46],[9.715,55.44578],[9.7176,55.455],[9.705,55.465286]]}},{"type":"Feature","properties":{"depth":30.0,"source":"DDM 2024 coarse contour","resolution":"0.005 degree sampled grid"},"geometry":{"type":"LineString","coordinates":[[9.7,55.470017],[9.691585,55.47],[9.695,55.46479],[9.7,55.470017]]}},{"type":"Feature","properties":{"depth":30.0,"source":"DDM 2024 coarse contour","resolution":"0.005 degree sampled grid"},"geometry":{"type":"LineString","coordinates":[[9.675,55.482633],[9.666755,55.48],[9.689409,55.47],[9.675,55.482633]]}},{"type":"Feature","properties":{"depth":30.0,"source":"DDM 2024 coarse contour","resolution":"0.005 degree sampled grid"},"geometry":{"type":"LineString","coordinates":[[10.88,55.485833],[10.870714,55.485],[10.89,55.467],[10.895,55.471143],[10.9,55.46625],[10.9,55.4774],[10.89,55.47625],[10.885,55.4825],[10.88,55.48],[10.883333,55.485],[10.88,55.485833]]}},{"type":"Feature","properties":{"depth":30.0,"source":"DDM 2024 coarse contour","resolution":"0.005 degree sampled grid"},"geometry":{"type":"LineString","coordinates":[[7.455,55.496667],[7.4425,55.495],[7.45,55.488333],[7.455,55.496667]]}},{"type":"Feature","properties":{"depth":30.0,"source":"DDM 2024 coarse contour","resolution":"0.005 degree sampled grid"},"geometry":{"type":"LineString","coordinates":[[11.09,56.035769],[11.04,56.012258],[11.009362,55.99],[10.991176,55.95],[10.975,55.932157],[10.945,55.922206],[10.9,55.918388],[10.865,55.901102],[10.82,55.895788],[10.796103,55.88],[10.810315,55.85],[10.810556,55.79],[10.795059,55.745],[10.781622,55.73],[10.77,55.706429],[10.74,55.6861],[10.731923,55.685],[10.745,55.681818],[10.744444,55.675],[10.74,55.669054],[10.724583,55.665],[10.735,55.6575],[10.735536,55.65],[10.766644,55.635],[10.758629,55.63],[10.76,55.625],[10.775,55.630617],[10.801,55.605],[10.831126,55.565],[10.846714,55.53],[10.85875,55.515],[10.861667,55.5],[10.846905,55.51],[10.83194,55.51],[10.86,55.488],[10.87,55.485333],[10.875,55.4972],[10.89,55.49],[10.895345,55.495],[10.876163,55.51],[10.867672,55.53],[10.854925,55.545],[10.851087,55.56],[10.818072,55.6],[10.815476,55.605],[10.8205,55.615],[10.79,55.644667],[10.766522,55.655],[10.759884,55.665],[10.769318,55.68],[10.8,55.708462],[10.816786,55.77],[10.837447,55.8],[10.835917,55.84],[10.82443,55.875],[10.827136,55.885],[10.845,55.891686],[10.88,55.892292],[10.92,55.910517],[10.955,55.908255],[10.975895,55.92],[10.99,55.919844],[11.00736,55.94],[11.015,55.965605],[11.036875,55.99],[11.083099,56.02],[11.092045,56.03],[11.09,56.035769]]}},{"type":"Feature","properties":{"depth":30.0,"source":"DDM 2024 coarse contour","resolution":"0.005 degree sampled grid"},"geometry":{"type":"LineString","coordinates":[[7.4,55.4925],[7.41,55.49],[7.44,55.5],[7.441667,55.51],[7.43,55.511111],[7.415,55.52],[7.4,55.5495]]}},{"type":"Feature","properties":{"depth":30.0,"source":"DDM 2024 coarse contour","resolution":"0.005 degree sampled grid"},"geometry":{"type":"LineString","coordinates":[[9.655,55.511118],[9.647981,55.505],[9.65,55.501875],[9.655991,55.505],[9.655,55.511118]]}},{"type":"Feature","properties":{"depth":30.0,"source":"DDM 2024 coarse contour","resolution":"0.005 degree sampled grid"},"geometry":{"type":"LineString","coordinates":[[9.75,55.521379],[9.745,55.513679],[9.751286,55.515],[9.75,55.521379]]}},{"type":"Feature","properties":{"depth":30.0,"source":"DDM 2024 coarse contour","resolution":"0.005 degree sampled grid"},"geometry":{"type":"LineString","coordinates":[[10.82,55.550071],[10.804429,55.545],[10.828507,55.525],[10.83,55.511733],[10.837075,55.53],[10.826053,55.545],[10.818,55.545],[10.82,55.550071]]}},{"type":"Feature","properties":{"depth":30.0,"source":"DDM 2024 coarse contour","resolution":"0.005 degree sampled grid"},"geometry":{"type":"LineString","coordinates":[[9.74,55.547222],[9.738492,55.535],[9.745,55.525238],[9.746194,55.535],[9.74,55.547222]]}},{"type":"Feature","properties":{"depth":30.0,"source":"DDM 2024 coarse contour","resolution":"0.005 degree sampled grid"},"geometry":{"type":"LineString","coordinates":[[10.92,55.563704],[10.91783,55.555],[10.922375,55.55],[10.942703,55.545],[10.92,55.563704]]}},{"type":"Feature","properties":{"depth":30.0,"source":"DDM 2024 coarse contour","resolution":"0.005 degree sampled grid"},"geometry":{"type":"LineString","coordinates":[[9.765,55.555009],[9.751957,55.555],[9.76,55.551823],[9.765,55.555009]]}},{"type":"Feature","properties":{"depth":30.0,"source":"DDM 2024 coarse contour","resolution":"0.005 degree sampled grid"},"geometry":{"type":"LineString","coordinates":[[10.645,55.688118],[10.637533,55.685],[10.635,55.665794],[10.65,55.658696],[10.665,55.663833],[10.645,55.688118]]}},{"type":"Feature","properties":{"depth":30.0,"source":"DDM 2024 coarse contour","resolution":"0.005 degree sampled grid"},"geometry":{"type":"LineString","coordinates":[[10.465,55.741222],[10.460769,55.74],[10.465,55.727111],[10.465,55.741222]]}},{"type":"Feature","properties":{"depth":30.0,"source":"DDM 2024 coarse contour","resolution":"0.005 degree sampled grid"},"geometry":{"type":"LineString","coordinates":[[10.47,55.869333],[10.465833,55.86],[10.47,55.853421],[10.485,55.845625],[10.49,55.85],[10.48,55.840469],[10.475,55.842632],[10.472461,55.835],[10.48,55.835],[10.478596,55.83],[10.485,55.828611],[10.492126,55.815],[10.469338,55.775],[10.48,55.762973],[10.4885,55.79],[10.508476,55.82],[10.495313,55.845],[10.47,55.869333]]}},{"type":"Feature","properties":{"depth":30.0,"source":"DDM 2024 coarse contour","resolution":"0.005 degree sampled grid"},"geometry":{"type":"LineString","coordinates":[[10.45,55.867551],[10.45,55.858989],[10.46,55.848529],[10.463226,55.85],[10.45,55.867551]]}},{"type":"Feature","properties":{"depth":30.0,"source":"DDM 2024 coarse contour","resolution":"0.005 degree sampled grid"},"geometry":{"type":"LineString","coordinates":[[10.505,55.976111],[10.487339,55.97],[10.495,55.949667],[10.5,55.94697],[10.507867,55.96],[10.505,55.976111]]}},{"type":"Feature","properties":{"depth":30.0,"source":"DDM 2024 coarse contour","resolution":"0.005 degree sampled grid"},"geometry":{"type":"LineString","coordinates":[[7.645,56.0075],[7.635,56.005],[7.635,55.995],[7.645,55.99],[7.66,55.995],[7.655,56.005],[7.645,56.0075]]}},{"type":"Feature","properties":{"depth":30.0,"source":"DDM 2024 coarse contour","resolution":"0.005 degree sampled grid"},"geometry":{"type":"LineString","coordinates":[[7.4,56.011429],[7.53,56.02],[7.55,56.025],[7.56,56.035],[7.465,56.063333],[7.4,56.066667]]}},{"type":"Feature","properties":{"depth":30.0,"source":"DDM 2024 coarse contour","resolution":"0.005 degree sampled grid"},"geometry":{"type":"LineString","coordinates":[[10.55,56.085645],[10.52,56.088182],[10.518901,56.085],[10.539737,56.07],[10.54125,56.065],[10.528538,56.06],[10.530441,56.055],[10.545,56.040498],[10.55,56.043226],[10.555,56.030217],[10.563233,56.035],[10.565701,56.05],[10.555,56.045959],[10.55,56.049714],[10.55,56.062955],[10.58,56.066507],[10.58725,56.075],[10.55,56.079828],[10.55,56.085645]]}},{"type":"Feature","properties":{"depth":30.0,"source":"DDM 2024 coarse contour","resolution":"0.005 degree sampled grid"},"geometry":{"type":"LineString","coordinates":[[12.65,56.045037],[12.646681,56.045],[12.655,56.033438],[12.65,56.045037]]}},{"type":"Feature","properties":{"depth":30.0,"source":"DDM 2024 coarse contour","resolution":"0.005 degree sampled grid"},"geometry":{"type":"LineString","coordinates":[[7.4,56.102143],[7.535,56.11],[7.645,56.10125],[7.665,56.09625],[7.683333,56.085],[7.69,56.07],[7.69,56.05],[7.685,56.045],[7.69,56.04],[7.705,56.04],[7.725,56.05],[7.7825,56.14],[7.821667,56.16],[7.821667,56.165],[7.815,56.1675],[7.78,56.171111],[7.715,56.160294],[7.67,56.166],[7.66,56.185],[7.66,56.205],[7.6475,56.215],[7.645,56.225],[7.651667,56.24],[7.665,56.25],[7.685,56.256],[7.75,56.258333],[7.765,56.27],[7.765,56.275],[7.75,56.28625],[7.705,56.3025],[7.675,56.283333],[7.655,56.27625],[7.605,56.275],[7.5925,56.285],[7.59,56.307632],[7.58,56.313667],[7.565,56.313889],[7.548333,56.325],[7.57,56.339167],[7.6,56.35],[7.61,56.36],[7.59875,56.37],[7.595,56.38],[7.595,56.395],[7.6125,56.42],[7.611667,56.43],[7.597,56.445],[7.598,56.46],[7.615,56.4725],[7.6525,56.48],[7.675,56.515],[7.675,56.53],[7.665,56.55],[7.665,56.565],[7.6575,56.585],[7.663333,56.61],[7.66,56.62],[7.665435,56.63],[7.685,56.641806],[7.71,56.643],[7.719,56.63],[7.706667,56.595],[7.725,56.586667],[7.74,56.586875],[7.77,56.598889],[7.775,56.605],[7.775,56.625],[7.7575,56.66],[7.765,56.675],[7.805,56.675],[7.82125,56.66],[7.835,56.655417],[7.845,56.655],[7.851,56.66],[7.853,56.665],[7.845,56.685],[7.8525,56.7],[7.851667,56.71],[7.815833,56.745],[7.826304,56.76],[7.825,56.765],[7.841923,56.785],[7.835,56.795],[7.825,56.787143],[7.8155,56.795],[7.814444,56.805],[7.83,56.796842],[7.839,56.805],[7.82413,56.815],[7.83375,56.82],[7.796667,56.835],[7.78625,56.85],[7.78,56.87],[7.795,56.89],[7.793333,56.9],[7.8,56.905],[7.875,56.888333],[7.915,56.884524],[7.93625,56.895],[7.938333,56.905],[7.957273,56.915],[7.960833,56.925],[7.990833,56.955],[7.99125,56.965],[7.977,56.975],[7.987917,56.985],[7.980625,56.99],[7.987143,56.995],[8.025,57.002963],[8.03,56.991786],[8.045682,57.0],[8.033333,57.005],[8.034333,57.01],[8.05,57.013421],[8.055,57.022143],[8.06875,57.03],[8.09,57.0325],[8.106667,57.04],[8.095,57.05],[8.095625,57.055],[8.115,57.064],[8.110833,57.07],[8.150714,57.075],[8.135,57.07625],[8.125,57.086042],[8.165,57.08],[8.175,57.073409],[8.18,57.079375],[8.185,57.08],[8.185417,57.075],[8.185,57.08],[8.195,57.085577],[8.205,57.085],[8.206,57.095],[8.19,57.102794],[8.18,57.095],[8.145,57.094286],[8.138846,57.09],[8.150333,57.105],[8.146667,57.11],[8.155,57.125],[8.16,57.122857],[8.169063,57.13],[8.175,57.144],[8.210833,57.155],[8.206,57.16],[8.215,57.17],[8.246786,57.165],[8.239189,57.175],[8.241053,57.185],[8.25,57.186042],[8.255,57.18],[8.267333,57.185],[8.257222,57.195],[8.26,57.201],[8.27,57.2],[8.268667,57.21],[8.28,57.215769],[8.305,57.214706],[8.31,57.210556],[8.322273,57.23],[8.34,57.241538],[8.345,57.243611],[8.347241,57.24],[8.332794,57.23],[8.335,57.225588],[8.4,57.251176],[8.42,57.264091],[8.433333,57.275],[8.425,57.280366],[8.415,57.273077],[8.395,57.27069],[8.39,57.264706],[8.375,57.268947],[8.370909,57.26],[8.374412,57.255],[8.365,57.248333],[8.36,57.258333],[8.347692,57.26],[8.36,57.26037],[8.366111,57.27],[8.385,57.275],[8.384524,57.28],[8.39,57.2825],[8.4,57.282941],[8.41,57.275278],[8.418158,57.295],[8.41,57.3055],[8.415,57.3075],[8.425,57.295],[8.415417,57.29],[8.42,57.282344],[8.43,57.289211],[8.44,57.280556],[8.456667,57.29],[8.455,57.295],[8.465,57.296154],[8.4775,57.305],[8.466875,57.31],[8.465,57.316923],[8.46,57.318],[8.455,57.312],[8.452857,57.315],[8.45875,57.32],[8.455,57.324286],[8.435,57.318889],[8.425,57.324375],[8.41,57.322941],[8.403,57.33],[8.413889,57.335],[8.415,57.34],[8.455,57.338269],[8.5,57.360652],[8.507333,57.355],[8.487609,57.345],[8.485357,57.335],[8.52,57.335],[8.54,57.324091],[8.543333,57.335],[8.528333,57.35],[8.565,57.36875],[8.576667,57.385],[8.59,57.394286],[8.69,57.380714],[8.8,57.415],[8.7975,57.42],[8.79,57.420625],[8.755,57.411111],[8.715,57.415714],[8.69,57.41],[8.671667,57.42],[8.675,57.4302],[8.715,57.43],[8.728077,57.45],[8.745,57.458077],[8.82,57.464286],[8.835,57.45375],[8.85,57.431667],[8.87,57.43625],[8.886667,57.45],[8.8675,57.475],[8.870833,57.48],[8.9075,57.495],[8.919444,57.51],[8.935,57.51925],[9.01375,57.54],[9.065,57.579348],[9.165,57.57],[9.21,57.6055],[9.244167,57.625],[9.285833,57.645],[9.315,57.65325],[9.4,57.651364],[9.425,57.645],[9.48,57.61875],[9.56,57.611667],[9.586429,57.615],[9.63,57.632083],[9.7,57.639348],[9.755,57.655663],[9.78875,57.66],[9.77,57.649107],[9.755,57.649792],[9.751618,57.645],[9.755,57.639545],[9.74,57.645476],[9.695,57.632368],[9.69,57.623727],[9.685,57.623],[9.68,57.630094],[9.66,57.625],[9.66,57.62],[9.629615,57.62],[9.616667,57.61],[9.61375,57.6],[9.635,57.598833],[9.65,57.607],[9.67,57.609286],[9.675,57.604722],[9.684,57.61],[9.685,57.617],[9.7,57.622121],[9.707143,57.62],[9.692,57.61],[9.695,57.608333],[9.725,57.610714],[9.73,57.615],[9.722,57.62],[9.731818,57.625],[9.73,57.63],[9.745,57.625217],[9.813824,57.65],[9.8,57.655938],[9.81,57.65814],[9.815,57.6508],[9.84,57.664583],[9.845556,57.66],[9.835,57.6575],[9.830833,57.645],[9.84,57.638191],[9.87,57.656538],[9.915,57.657955],[9.917812,57.66],[9.91,57.666842],[9.887,57.665],[9.885,57.67],[9.89,57.666875],[9.89,57.671667],[9.865,57.666618],[9.855,57.67125],[9.85,57.666071],[9.845,57.671818],[9.84,57.665385],[9.82,57.665],[9.819583,57.67],[9.935,57.695229],[10.106154,57.72],[10.215,57.726787],[10.3535,57.73],[10.358125,57.725],[10.339211,57.71],[10.36,57.709512],[10.55,57.7573],[10.635,57.767348],[10.715,57.764233],[10.875,57.710625],[10.925,57.685],[10.975,57.615],[10.9775,57.6],[10.97,57.588333],[10.915,57.564],[10.75,57.53],[10.715,57.515],[10.713333,57.5],[10.7425,57.465],[10.7525,57.44],[10.757222,57.335],[10.754286,57.325],[10.737,57.31],[10.735515,57.3],[10.74148,57.28],[10.755,57.267317],[10.758548,57.27],[10.75329,57.29],[10.757305,57.305],[10.815634,57.38],[10.855,57.41325],[10.92,57.441364],[11.04,57.466023],[11.11,57.468611],[11.124545,57.475],[11.123438,57.48],[11.13,57.483226],[11.165,57.489306],[11.195,57.503182],[11.285,57.4995],[11.342179,57.46],[11.344554,57.45],[11.335,57.443333],[11.32,57.450694],[11.3,57.44727],[11.275,57.454667],[11.272667,57.45],[11.295,57.43463],[11.3316,57.425],[11.325,57.416364],[11.31,57.415282],[11.295,57.406429],[11.226351,57.415],[11.245,57.387568],[11.265,57.372073],[11.271571,57.36],[11.265,57.3195],[11.282024,57.285],[11.278592,57.28],[11.29,57.27],[11.296875,57.25],[11.303095,57.245],[11.311667,57.21],[11.322174,57.19],[11.351907,57.18],[11.379706,57.16],[11.42,57.104242],[11.44,57.095676],[11.47,57.092041],[11.494732,57.08],[11.491977,57.075],[11.505,57.062931],[11.516304,57.065],[11.541604,57.05],[11.531465,57.04],[11.533297,57.035],[11.555997,57.02],[11.567881,56.96],[11.58,56.948261],[11.585,56.944758],[11.595,56.95814],[11.625,56.956005],[11.649545,56.945],[11.664483,56.925],[11.68,56.921098],[11.700317,56.905],[11.71,56.88756],[11.724194,56.875],[11.715269,56.845],[11.691316,56.81],[11.691429,56.8],[11.7,56.785882],[11.735,56.767632],[11.74,56.759738],[11.767778,56.76],[11.771111,56.77],[11.77875,56.775],[11.799524,56.77],[11.82213,56.76],[11.834808,56.745],[11.815,56.729146],[11.8,56.725],[11.795,56.728148],[11.77,56.724602],[11.765263,56.735],[11.755,56.734146],[11.731905,56.72],[11.732838,56.71],[11.745,56.702105],[11.740172,56.695],[11.695,56.677857],[11.66,56.646667],[11.63,56.64],[11.621667,56.63],[11.63,56.629],[11.63,56.621667],[11.61,56.6075],[11.565417,56.56],[11.57,56.556333],[11.61,56.581],[11.615,56.576154],[11.63375,56.58],[11.6315,56.575],[11.625,56.56625],[11.618125,56.565],[11.615,56.5525],[11.61,56.566538],[11.602381,56.555],[11.58,56.538571],[11.57,56.54],[11.56,56.52],[11.59,56.51375],[11.625,56.52],[11.63,56.515],[11.675,56.525],[11.65875,56.51],[11.67,56.495],[11.68,56.49],[11.7,56.493571],[11.725,56.49],[11.755,56.507],[11.76,56.498333],[11.765,56.505],[11.78,56.505],[11.795,56.515],[11.795,56.48],[11.8,56.47],[11.815,56.46],[11.816667,56.45],[11.825,56.448333],[11.832143,56.44],[11.838,56.39],[11.865,56.35],[11.905,56.3375],[11.91,56.332],[11.925,56.331667],[11.955,56.313],[11.965,56.31375],[11.97,56.3075],[11.995,56.298333],[12.0,56.285],[12.02,56.28],[12.045,56.283333],[12.06,56.27],[12.075,56.2655],[12.09,56.273846],[12.1,56.26],[12.11,56.25625],[12.115,56.26],[12.12,56.276667],[12.14,56.28],[12.140002,56.285],[12.1,56.295012],[12.08501,56.305],[12.09001,56.335],[12.105009,56.37],[12.11,56.395],[12.1,56.405833],[12.078333,56.415],[12.085,56.4225],[12.1,56.427857],[12.12,56.420714],[12.120007,56.435],[12.130011,56.455],[12.13,56.47125],[12.125,56.48],[12.140003,56.49],[12.140012,56.5],[12.145025,56.505],[12.140024,56.515],[12.127857,56.525],[12.0875,56.5],[12.085,56.49],[12.075,56.4825],[12.04,56.463333],[12.02,56.461],[12.013125,56.47],[12.015,56.495],[12.01,56.505],[11.992,56.52],[11.985909,56.535],[11.978125,56.54],[11.981429,56.57],[11.98,56.573333],[11.975,56.57],[11.9775,56.585],[11.972143,56.6],[11.965,56.6],[11.96,56.605833],[11.95,56.605],[11.93,56.585],[11.93,56.578571],[11.916667,56.59],[11.926667,56.595],[11.924,56.6],[11.929545,56.61],[11.915,56.618333],[11.905,56.615],[11.90625,56.62],[11.918,56.625],[11.92,56.6325],[11.925,56.622],[11.93,56.625],[11.93,56.618333],[11.93,56.625],[11.935,56.622143],[11.94,56.628333],[11.945,56.624375],[11.958333,56.635],[11.959375,56.645],[11.94,56.65],[11.935,56.645],[11.925,56.655],[11.93,56.65],[11.931667,56.66],[11.943333,56.665],[11.98,56.666667],[11.99,56.655],[12.03,56.6525],[12.005017,56.69],[11.965018,56.735],[11.95006,56.76],[11.935,56.775011],[11.918919,56.78],[11.930006,56.785],[11.92,56.793152],[11.89878,56.8],[11.905,56.815],[11.895,56.8275],[11.89,56.82],[11.890001,56.835],[11.855,56.878384],[11.829062,56.88],[11.812619,56.905],[11.819342,56.915],[11.819583,56.925],[11.735068,57.025],[11.735122,57.03],[11.66005,57.12],[11.660034,57.125],[11.635086,57.15],[11.620064,57.175],[11.595,57.185536],[11.591528,57.19],[11.600037,57.2],[11.57515,57.225],[11.575155,57.23],[11.495099,57.325],[11.495141,57.33],[11.470201,57.355],[11.450258,57.385],[11.425125,57.41],[11.405095,57.44],[11.260094,57.59],[11.26009,57.595],[11.150042,57.705],[11.150043,57.71],[11.130045,57.725],[11.130048,57.73],[11.04,57.820085],[11.01,57.835114],[10.97,57.865232],[10.955,57.870281],[10.93,57.890364],[10.915,57.895393],[10.89,57.915493],[10.875,57.920516],[10.85,57.940596],[10.835,57.945619],[10.795,57.975694],[10.750688,58.0]]}},{"type":"Feature","properties":{"depth":30.0,"source":"DDM 2024 coarse contour","resolution":"0.005 degree sampled grid"},"geometry":{"type":"LineString","coordinates":[[10.865,56.051474],[10.847949,56.05],[10.869516,56.05],[10.865,56.051474]]}},{"type":"Feature","properties":{"depth":30.0,"source":"DDM 2024 coarse contour","resolution":"0.005 degree sampled grid"},"geometry":{"type":"LineString","coordinates":[[12.645,56.055035],[12.639031,56.055],[12.645,56.046711],[12.645,56.055035]]}},{"type":"Feature","properties":{"depth":30.0,"source":"DDM 2024 coarse contour","resolution":"0.005 degree sampled grid"},"geometry":{"type":"LineString","coordinates":[[10.595,56.072143],[10.587143,56.065],[10.625,56.05343],[10.655,56.051667],[10.658636,56.055],[10.6,56.067424],[10.595,56.072143]]}},{"type":"Feature","properties":{"depth":30.0,"source":"DDM 2024 coarse contour","resolution":"0.005 degree sampled grid"},"geometry":{"type":"LineString","coordinates":[[10.69,56.062069],[10.672812,56.055],[10.68825,56.055],[10.693333,56.06],[10.69,56.062069]]}},{"type":"Feature","properties":{"depth":30.0,"source":"DDM 2024 coarse contour","resolution":"0.005 degree sampled grid"},"geometry":{"type":"LineString","coordinates":[[10.955,56.077],[10.947727,56.075],[10.947596,56.07],[10.96,56.057697],[10.963646,56.06],[10.955,56.077]]}},{"type":"Feature","properties":{"depth":30.0,"source":"DDM 2024 coarse contour","resolution":"0.005 degree sampled grid"},"geometry":{"type":"LineString","coordinates":[[11.24,56.169032],[11.195,56.151771],[11.18,56.138579],[11.155,56.134032],[11.151269,56.13],[11.156433,56.125],[11.15,56.119],[11.13,56.122008],[11.12,56.118883],[11.1,56.132083],[11.094483,56.125],[11.110385,56.11],[11.118,56.085],[11.135,56.078214],[11.145,56.060968],[11.16,56.055658],[11.164342,56.06],[11.156744,56.075],[11.16,56.089286],[11.18193,56.105],[11.163,56.105],[11.1634,56.11],[11.17,56.110551],[11.175,56.125862],[11.195,56.141132],[11.21,56.143559],[11.22,56.152368],[11.231765,56.155],[11.230926,56.16],[11.24,56.161287],[11.244518,56.165],[11.24,56.169032]]}},{"type":"Feature","properties":{"depth":30.0,"source":"DDM 2024 coarse contour","resolution":"0.005 degree sampled grid"},"geometry":{"type":"LineString","coordinates":[[10.765,56.198113],[10.758207,56.175],[10.763269,56.165],[10.751393,56.155],[10.740769,56.13],[10.745543,56.115],[10.735,56.099167],[10.72,56.094111],[10.7055,56.08],[10.703824,56.07],[10.71,56.062759],[10.73,56.073265],[10.747806,56.095],[10.75,56.106543],[10.757111,56.11],[10.789091,56.155],[10.785,56.158],[10.765,56.144839],[10.763434,56.155],[10.768608,56.16],[10.770407,56.18],[10.769583,56.195],[10.765,56.198113]]}},{"type":"Feature","properties":{"depth":30.0,"source":"DDM 2024 coarse contour","resolution":"0.005 degree sampled grid"},"geometry":{"type":"LineString","coordinates":[[10.475,56.11075],[10.454583,56.11],[10.47,56.096615],[10.505,56.09039],[10.507052,56.095],[10.475,56.11075]]}},{"type":"Feature","properties":{"depth":30.0,"source":"DDM 2024 coarse contour","resolution":"0.005 degree sampled grid"},"geometry":{"type":"LineString","coordinates":[[10.9,56.11538],[10.893294,56.115],[10.905,56.104054],[10.914392,56.105],[10.9,56.11538]]}},{"type":"Feature","properties":{"depth":30.0,"source":"DDM 2024 coarse contour","resolution":"0.005 degree sampled grid"},"geometry":{"type":"LineString","coordinates":[[11.2,56.11625],[11.17628,56.115],[11.185,56.107365],[11.195,56.106538],[11.201429,56.11],[11.2,56.11625]]}},{"type":"Feature","properties":{"depth":30.0,"source":"DDM 2024 coarse contour","resolution":"0.005 degree sampled grid"},"geometry":{"type":"LineString","coordinates":[[11.06,56.155364],[11.056667,56.15],[11.065,56.143889],[11.072941,56.145],[11.06,56.155364]]}},{"type":"Feature","properties":{"depth":30.0,"source":"DDM 2024 coarse contour","resolution":"0.005 degree sampled grid"},"geometry":{"type":"LineString","coordinates":[[11.75,56.150849],[11.726071,56.15],[11.7545,56.15],[11.75,56.150849]]}},{"type":"Feature","properties":{"depth":30.0,"source":"DDM 2024 coarse contour","resolution":"0.005 degree sampled grid"},"geometry":{"type":"LineString","coordinates":[[10.8,56.172586],[10.795,56.174318],[10.795,56.16037],[10.802679,56.17],[10.8,56.172586]]}},{"type":"Feature","properties":{"depth":30.0,"source":"DDM 2024 coarse contour","resolution":"0.005 degree sampled grid"},"geometry":{"type":"LineString","coordinates":[[11.27,56.171319],[11.255649,56.17],[11.265,56.16755],[11.27,56.171319]]}},{"type":"Feature","properties":{"depth":30.0,"source":"DDM 2024 coarse contour","resolution":"0.005 degree sampled grid"},"geometry":{"type":"LineString","coordinates":[[10.81,56.188878],[10.805,56.174643],[10.812021,56.185],[10.81,56.188878]]}},{"type":"Feature","properties":{"depth":30.0,"source":"DDM 2024 coarse contour","resolution":"0.005 degree sampled grid"},"geometry":{"type":"LineString","coordinates":[[10.83,56.235556],[10.778475,56.21],[10.79,56.209245],[10.81,56.217029],[10.815,56.223276],[10.838226,56.23],[10.83,56.235556]]}},{"type":"Feature","properties":{"depth":30.0,"source":"DDM 2024 coarse contour","resolution":"0.005 degree sampled grid"},"geometry":{"type":"LineString","coordinates":[[7.4,56.275],[7.415,56.276875],[7.425,56.272857],[7.442857,56.25],[7.435,56.2395],[7.425,56.237],[7.4,56.250909]]}},{"type":"Feature","properties":{"depth":30.0,"source":"DDM 2024 coarse contour","resolution":"0.005 degree sampled grid"},"geometry":{"type":"LineString","coordinates":[[11.08,56.268222],[11.073169,56.255],[11.075,56.249667],[11.084754,56.265],[11.08,56.268222]]}},{"type":"Feature","properties":{"depth":30.0,"source":"DDM 2024 coarse contour","resolution":"0.005 degree sampled grid"},"geometry":{"type":"LineString","coordinates":[[7.835,56.285833],[7.815,56.286667],[7.813,56.28],[7.825,56.270625],[7.84,56.273333],[7.8475,56.28],[7.835,56.285833]]}},{"type":"Feature","properties":{"depth":30.0,"source":"DDM 2024 coarse contour","resolution":"0.005 degree sampled grid"},"geometry":{"type":"LineString","coordinates":[[11.65,56.3585],[11.643409,56.34],[11.648333,56.325],[11.635,56.3],[11.64,56.2985],[11.650469,56.315],[11.65,56.3585]]}},{"type":"Feature","properties":{"depth":30.0,"source":"DDM 2024 coarse contour","resolution":"0.005 degree sampled grid"},"geometry":{"type":"LineString","coordinates":[[7.665,56.377],[7.645,56.377143],[7.63,56.37],[7.645,56.36],[7.665,56.361667],[7.673333,56.37],[7.665,56.377]]}},{"type":"Feature","properties":{"depth":30.0,"source":"DDM 2024 coarse contour","resolution":"0.005 degree sampled grid"},"geometry":{"type":"LineString","coordinates":[[11.27,56.367267],[11.258393,56.365],[11.26,56.361538],[11.273208,56.365],[11.27,56.367267]]}},{"type":"Feature","properties":{"depth":30.0,"source":"DDM 2024 coarse contour","resolution":"0.005 degree sampled grid"},"geometry":{"type":"LineString","coordinates":[[11.465,56.445702],[11.38,56.420132],[11.366541,56.41],[11.357722,56.385],[11.35,56.379719],[11.27205,56.37],[11.285,56.366435],[11.31,56.373839],[11.355,56.373586],[11.374191,56.39],[11.377277,56.405],[11.39,56.413374],[11.41,56.422303],[11.480667,56.435],[11.465,56.445702]]}},{"type":"Feature","properties":{"depth":30.0,"source":"DDM 2024 coarse contour","resolution":"0.005 degree sampled grid"},"geometry":{"type":"LineString","coordinates":[[7.715,56.4325],[7.705,56.435],[7.695,56.43],[7.71,56.423333],[7.72,56.43],[7.715,56.4325]]}},{"type":"Feature","properties":{"depth":30.0,"source":"DDM 2024 coarse contour","resolution":"0.005 degree sampled grid"},"geometry":{"type":"LineString","coordinates":[[7.78,56.4275],[7.77,56.43],[7.76,56.425],[7.775,56.4225],[7.7825,56.425],[7.78,56.4275]]}},{"type":"Feature","properties":{"depth":30.0,"source":"DDM 2024 coarse contour","resolution":"0.005 degree sampled grid"},"geometry":{"type":"LineString","coordinates":[[7.501731,56.56],[7.488846,56.545],[7.486154,56.535],[7.470625,56.52],[7.473889,56.515],[7.47,56.510625],[7.46,56.504762],[7.45125,56.51],[7.453571,56.515],[7.444412,56.52],[7.456296,56.53],[7.452857,56.535],[7.501731,56.56]]}},{"type":"Feature","properties":{"depth":30.0,"source":"DDM 2024 coarse contour","resolution":"0.005 degree sampled grid"},"geometry":{"type":"LineString","coordinates":[[11.565,56.5595],[11.56,56.543095],[11.567105,56.55],[11.565,56.5595]]}},{"type":"Feature","properties":{"depth":30.0,"source":"DDM 2024 coarse contour","resolution":"0.005 degree sampled grid"},"geometry":{"type":"LineString","coordinates":[[11.85,56.59],[11.857143,56.565],[11.851667,56.555],[11.835,56.551667],[11.828,56.575],[11.835,56.58625],[11.85,56.59]]}},{"type":"Feature","properties":{"depth":30.0,"source":"DDM 2024 coarse contour","resolution":"0.005 degree sampled grid"},"geometry":{"type":"LineString","coordinates":[[7.528333,56.57],[7.52,56.562727],[7.513889,56.565],[7.52,56.572667],[7.528333,56.57]]}},{"type":"Feature","properties":{"depth":30.0,"source":"DDM 2024 coarse contour","resolution":"0.005 degree sampled grid"},"geometry":{"type":"LineString","coordinates":[[7.586481,56.6],[7.56,56.573],[7.547381,56.59],[7.55,56.596],[7.586481,56.6]]}},{"type":"Feature","properties":{"depth":30.0,"source":"DDM 2024 coarse contour","resolution":"0.005 degree sampled grid"},"geometry":{"type":"LineString","coordinates":[[11.901667,56.605],[11.91,56.596667],[11.915,56.6],[11.910714,56.595],[11.914,56.59],[11.905,56.584],[11.895,56.585],[11.9,56.59],[11.89,56.6],[11.89875,56.605],[11.895,56.61],[11.901667,56.605]]}},{"type":"Feature","properties":{"depth":30.0,"source":"DDM 2024 coarse contour","resolution":"0.005 degree sampled grid"},"geometry":{"type":"LineString","coordinates":[[7.4,56.604615],[7.405,56.621429],[7.42,56.625],[7.425,56.606],[7.4,56.59]]}},{"type":"Feature","properties":{"depth":30.0,"source":"DDM 2024 coarse contour","resolution":"0.005 degree sampled grid"},"geometry":{"type":"LineString","coordinates":[[11.99,56.625],[11.98125,56.62],[11.97625,56.61],[11.985,56.598],[11.9925,56.6],[11.995,56.615],[11.99,56.625]]}},{"type":"Feature","properties":{"depth":30.0,"source":"DDM 2024 coarse contour","resolution":"0.005 degree sampled grid"},"geometry":{"type":"LineString","coordinates":[[11.940556,56.64],[11.9475,56.635],[11.935,56.645],[11.940556,56.64]]}},{"type":"Feature","properties":{"depth":30.0,"source":"DDM 2024 coarse contour","resolution":"0.005 degree sampled grid"},"geometry":{"type":"LineString","coordinates":[[7.45625,56.655],[7.459167,56.65],[7.45,56.642143],[7.44,56.64],[7.435833,56.645],[7.445,56.655833],[7.45625,56.655]]}},{"type":"Feature","properties":{"depth":30.0,"source":"DDM 2024 coarse contour","resolution":"0.005 degree sampled grid"},"geometry":{"type":"LineString","coordinates":[[7.4875,56.69],[7.494167,56.685],[7.485,56.677],[7.475,56.674444],[7.4675,56.68],[7.4775,56.69],[7.4875,56.69]]}},{"type":"Feature","properties":{"depth":30.0,"source":"DDM 2024 coarse contour","resolution":"0.005 degree sampled grid"},"geometry":{"type":"LineString","coordinates":[[7.4,56.921667],[7.406471,56.94],[7.443889,56.965],[7.46,56.97],[7.475,56.960476],[7.482368,56.965],[7.480227,56.975],[7.485,56.977561],[7.5125,56.975],[7.535,56.983793],[7.523636,56.995],[7.525882,57.005],[7.56,57.013235],[7.563929,57.02],[7.56,57.025],[7.57,57.031],[7.577778,57.045],[7.535,57.0485],[7.51,57.036538],[7.495,57.04],[7.547,57.065],[7.59,57.077596],[7.63,57.081406],[7.65,57.090976],[7.7,57.094808],[7.705806,57.09],[7.710192,57.065],[7.705,57.054868],[7.715,57.049103],[7.735,57.047281],[7.744375,57.04],[7.731875,57.0],[7.713437,56.98],[7.68,56.963871],[7.662143,56.945],[7.614412,56.915],[7.586944,56.89],[7.575,56.871071],[7.533,56.845],[7.523333,56.835],[7.527812,56.815],[7.5255,56.805],[7.505,56.79],[7.45,56.7325],[7.411667,56.715],[7.408333,56.71],[7.42,56.702708],[7.435,56.68],[7.4,56.676571]]}},{"type":"Feature","properties":{"depth":30.0,"source":"DDM 2024 coarse contour","resolution":"0.005 degree sampled grid"},"geometry":{"type":"LineString","coordinates":[[7.706,56.73],[7.715,56.725],[7.716667,56.715],[7.7274,56.71],[7.725577,56.705],[7.71,56.704667],[7.69,56.694429],[7.693696,56.71],[7.7144,56.72],[7.697903,56.725],[7.706,56.73]]}},{"type":"Feature","properties":{"depth":30.0,"source":"DDM 2024 coarse contour","resolution":"0.005 degree sampled grid"},"geometry":{"type":"LineString","coordinates":[[7.526364,56.72],[7.53,56.71],[7.525,56.705769],[7.505,56.715],[7.526364,56.72]]}},{"type":"Feature","properties":{"depth":30.0,"source":"DDM 2024 coarse contour","resolution":"0.005 degree sampled grid"},"geometry":{"type":"LineString","coordinates":[[11.859167,56.785],[11.869091,56.775],[11.865556,56.765],[11.857308,56.76],[11.8176,56.78],[11.835,56.785444],[11.859167,56.785]]}},{"type":"Feature","properties":{"depth":30.0,"source":"DDM 2024 coarse contour","resolution":"0.005 degree sampled grid"},"geometry":{"type":"LineString","coordinates":[[11.751164,56.775],[11.759167,56.765],[11.75,56.764412],[11.7425,56.77],[11.7445,56.775],[11.751164,56.775]]}},{"type":"Feature","properties":{"depth":30.0,"source":"DDM 2024 coarse contour","resolution":"0.005 degree sampled grid"},"geometry":{"type":"LineString","coordinates":[[7.92,56.776875],[7.907857,56.775],[7.915,56.768793],[7.926,56.77],[7.92,56.776875]]}},{"type":"Feature","properties":{"depth":30.0,"source":"DDM 2024 coarse contour","resolution":"0.005 degree sampled grid"},"geometry":{"type":"LineString","coordinates":[[11.906852,56.78],[11.915714,56.77],[11.905,56.772761],[11.903649,56.78],[11.906852,56.78]]}},{"type":"Feature","properties":{"depth":30.0,"source":"DDM 2024 coarse contour","resolution":"0.005 degree sampled grid"},"geometry":{"type":"LineString","coordinates":[[7.865,56.792727],[7.85875,56.79],[7.858571,56.785],[7.866765,56.79],[7.865,56.792727]]}},{"type":"Feature","properties":{"depth":30.0,"source":"DDM 2024 coarse contour","resolution":"0.005 degree sampled grid"},"geometry":{"type":"LineString","coordinates":[[11.780351,56.825],[11.782714,56.82],[11.775,56.798696],[11.748333,56.79],[11.747391,56.81],[11.755,56.827333],[11.780351,56.825]]}},{"type":"Feature","properties":{"depth":30.0,"source":"DDM 2024 coarse contour","resolution":"0.005 degree sampled grid"},"geometry":{"type":"LineString","coordinates":[[7.672,56.815],[7.678636,56.81],[7.6775,56.805],[7.665,56.79598],[7.65,56.795758],[7.634412,56.805],[7.645,56.817222],[7.672,56.815]]}},{"type":"Feature","properties":{"depth":30.0,"source":"DDM 2024 coarse contour","resolution":"0.005 degree sampled grid"},"geometry":{"type":"LineString","coordinates":[[7.845,56.801111],[7.837222,56.8],[7.835,56.795],[7.84,56.79],[7.8475,56.795],[7.845,56.801111]]}},{"type":"Feature","properties":{"depth":30.0,"source":"DDM 2024 coarse contour","resolution":"0.005 degree sampled grid"},"geometry":{"type":"LineString","coordinates":[[11.837553,56.83],[11.843667,56.815],[11.819593,56.815],[11.82,56.8282],[11.837553,56.83]]}},{"type":"Feature","properties":{"depth":30.0,"source":"DDM 2024 coarse contour","resolution":"0.005 degree sampled grid"},"geometry":{"type":"LineString","coordinates":[[7.4,56.823571],[7.41,56.8225],[7.418846,56.835],[7.415,56.845],[7.4325,56.855],[7.423333,56.86],[7.424615,56.865],[7.455,56.868462],[7.455,56.880625],[7.475,56.899375],[7.5,56.912],[7.536875,56.95],[7.537222,56.955],[7.532,56.96],[7.52125,56.96],[7.515,56.949091],[7.485,56.933929],[7.461364,56.915],[7.458571,56.905],[7.44,56.892143],[7.4,56.878947]]}},{"type":"Feature","properties":{"depth":30.0,"source":"DDM 2024 coarse contour","resolution":"0.005 degree sampled grid"},"geometry":{"type":"LineString","coordinates":[[7.74,56.86],[7.735,56.848333],[7.72125,56.845],[7.72125,56.855],[7.74,56.86]]}},{"type":"Feature","properties":{"depth":30.0,"source":"DDM 2024 coarse contour","resolution":"0.005 degree sampled grid"},"geometry":{"type":"LineString","coordinates":[[11.848226,56.86],[11.855,56.855],[11.845,56.847319],[11.827981,56.85],[11.824805,56.855],[11.825625,56.86],[11.835,56.86449],[11.848226,56.86]]}},{"type":"Feature","properties":{"depth":30.0,"source":"DDM 2024 coarse contour","resolution":"0.005 degree sampled grid"},"geometry":{"type":"LineString","coordinates":[[11.726792,56.94],[11.73,56.932787],[11.743302,56.93],[11.745,56.92],[11.74,56.9075],[11.735,56.905806],[11.725,56.916136],[11.71,56.919049],[11.701111,56.935],[11.702059,56.94],[11.71,56.941949],[11.726792,56.94]]}},{"type":"Feature","properties":{"depth":30.0,"source":"DDM 2024 coarse contour","resolution":"0.005 degree sampled grid"},"geometry":{"type":"LineString","coordinates":[[7.866833,56.965],[7.855,56.940556],[7.84,56.939091],[7.823182,56.93],[7.841875,56.96],[7.855,56.9675],[7.866833,56.965]]}},{"type":"Feature","properties":{"depth":30.0,"source":"DDM 2024 coarse contour","resolution":"0.005 degree sampled grid"},"geometry":{"type":"LineString","coordinates":[[11.682273,56.98],[11.712783,56.97],[11.714919,56.96],[11.68,56.953349],[11.654114,56.965],[11.655,56.975],[11.675,56.983125],[11.682273,56.98]]}},{"type":"Feature","properties":{"depth":30.0,"source":"DDM 2024 coarse contour","resolution":"0.005 degree sampled grid"},"geometry":{"type":"LineString","coordinates":[[7.955,57.02],[7.955,57.005294],[7.945,57.002632],[7.94,57.008333],[7.934286,57.0],[7.925,56.997333],[7.9075,56.97],[7.89,56.966415],[7.884167,56.97],[7.887308,56.98],[7.923065,57.01],[7.935,57.010385],[7.94,57.016724],[7.955,57.02]]}},{"type":"Feature","properties":{"depth":30.0,"source":"DDM 2024 coarse contour","resolution":"0.005 degree sampled grid"},"geometry":{"type":"LineString","coordinates":[[11.605896,57.03],[11.602619,57.02],[11.616226,57.025],[11.648068,57.01],[11.647904,57.005],[11.623182,56.98],[11.6,56.974907],[11.58,56.985625],[11.577915,57.015],[11.568208,57.03],[11.57,57.033701],[11.575,57.027788],[11.605896,57.03]]}},{"type":"Feature","properties":{"depth":30.0,"source":"DDM 2024 coarse contour","resolution":"0.005 degree sampled grid"},"geometry":{"type":"LineString","coordinates":[[11.729545,56.99],[11.728362,56.985],[11.71899,56.985],[11.72,56.99125],[11.729545,56.99]]}},{"type":"Feature","properties":{"depth":30.0,"source":"DDM 2024 coarse contour","resolution":"0.005 degree sampled grid"},"geometry":{"type":"LineString","coordinates":[[11.585,57.025806],[11.578372,57.025],[11.585,57.01931],[11.585,57.025806]]}},{"type":"Feature","properties":{"depth":30.0,"source":"DDM 2024 coarse contour","resolution":"0.005 degree sampled grid"},"geometry":{"type":"LineString","coordinates":[[7.47,57.03],[7.465,57.024211],[7.455556,57.025],[7.47,57.03]]}},{"type":"Feature","properties":{"depth":30.0,"source":"DDM 2024 coarse contour","resolution":"0.005 degree sampled grid"},"geometry":{"type":"LineString","coordinates":[[8.27,57.040714],[8.2525,57.035],[8.244286,57.025],[8.265,57.026071],[8.270833,57.03],[8.27,57.040714]]}},{"type":"Feature","properties":{"depth":30.0,"source":"DDM 2024 coarse contour","resolution":"0.005 degree sampled grid"},"geometry":{"type":"LineString","coordinates":[[7.48119,57.035],[7.47,57.03],[7.48,57.04],[7.48119,57.035]]}},{"type":"Feature","properties":{"depth":30.0,"source":"DDM 2024 coarse contour","resolution":"0.005 degree sampled grid"},"geometry":{"type":"LineString","coordinates":[[8.135,57.11],[8.13,57.095333],[8.115,57.092241],[8.112083,57.085],[8.095217,57.08],[8.1,57.074286],[8.08,57.059167],[8.065,57.059265],[8.060857,57.055],[8.07,57.05],[8.0675,57.045],[8.04,57.052656],[8.03625,57.055],[8.048214,57.06],[8.035,57.062119],[8.01,57.045833],[7.992308,57.05],[8.035,57.0706],[8.042727,57.08],[8.07,57.088889],[8.08,57.086979],[8.09,57.096],[8.11,57.094848],[8.110625,57.1],[8.122308,57.105],[8.120625,57.11],[8.135,57.11]]}},{"type":"Feature","properties":{"depth":30.0,"source":"DDM 2024 coarse contour","resolution":"0.005 degree sampled grid"},"geometry":{"type":"LineString","coordinates":[[7.6,57.062222],[7.591667,57.06],[7.595,57.055],[7.6025,57.055],[7.605,57.06],[7.6,57.062222]]}},{"type":"Feature","properties":{"depth":30.0,"source":"DDM 2024 coarse contour","resolution":"0.005 degree sampled grid"},"geometry":{"type":"LineString","coordinates":[[8.155,57.066111],[8.150526,57.06],[8.162286,57.06],[8.155,57.066111]]}},{"type":"Feature","properties":{"depth":30.0,"source":"DDM 2024 coarse contour","resolution":"0.005 degree sampled grid"},"geometry":{"type":"LineString","coordinates":[[11.568667,57.125],[11.575,57.117059],[11.6,57.118021],[11.615,57.1136],[11.63,57.117381],[11.64,57.112917],[11.64625,57.09],[11.629322,57.085],[11.645,57.073889],[11.64759,57.065],[11.565,57.059828],[11.545,57.07184],[11.54,57.082317],[11.52,57.09268],[11.505,57.094767],[11.504375,57.11],[11.490763,57.115],[11.494286,57.12],[11.51,57.122794],[11.515,57.129643],[11.54,57.13],[11.545,57.122143],[11.568667,57.125]]}},{"type":"Feature","properties":{"depth":30.0,"source":"DDM 2024 coarse contour","resolution":"0.005 degree sampled grid"},"geometry":{"type":"LineString","coordinates":[[7.4,57.101744],[7.43,57.103289],[7.46,57.096591],[7.466,57.09],[7.445,57.082727],[7.425,57.083],[7.4,57.061042]]}},{"type":"Feature","properties":{"depth":30.0,"source":"DDM 2024 coarse contour","resolution":"0.005 degree sampled grid"},"geometry":{"type":"LineString","coordinates":[[8.275,57.1406],[8.265,57.143462],[8.245,57.1355],[8.225,57.123125],[8.218333,57.11],[8.238,57.115],[8.24,57.12275],[8.265,57.128333],[8.275,57.125909],[8.28,57.13],[8.271667,57.135],[8.275,57.1406]]}},{"type":"Feature","properties":{"depth":30.0,"source":"DDM 2024 coarse contour","resolution":"0.005 degree sampled grid"},"geometry":{"type":"LineString","coordinates":[[8.495,57.142059],[8.443462,57.125],[8.425,57.1125],[8.492,57.13],[8.4985,57.14],[8.495,57.142059]]}},{"type":"Feature","properties":{"depth":30.0,"source":"DDM 2024 coarse contour","resolution":"0.005 degree sampled grid"},"geometry":{"type":"LineString","coordinates":[[8.285,57.137188],[8.275833,57.135],[8.28,57.13],[8.29,57.135],[8.285769,57.13],[8.29,57.127105],[8.2925,57.13],[8.285,57.137188]]}},{"type":"Feature","properties":{"depth":30.0,"source":"DDM 2024 coarse contour","resolution":"0.005 degree sampled grid"},"geometry":{"type":"LineString","coordinates":[[8.345,57.167857],[8.335,57.1685],[8.335,57.16],[8.32,57.163125],[8.316429,57.16],[8.32,57.156667],[8.335,57.16],[8.32,57.145],[8.31,57.148333],[8.308,57.14],[8.349211,57.155],[8.345,57.167857]]}},{"type":"Feature","properties":{"depth":30.0,"source":"DDM 2024 coarse contour","resolution":"0.005 degree sampled grid"},"geometry":{"type":"LineString","coordinates":[[11.536579,57.165],[11.542708,57.15],[11.53,57.1365],[11.515,57.141212],[11.501406,57.155],[11.53,57.169184],[11.536579,57.165]]}},{"type":"Feature","properties":{"depth":30.0,"source":"DDM 2024 coarse contour","resolution":"0.005 degree sampled grid"},"geometry":{"type":"LineString","coordinates":[[11.582586,57.155],[11.586848,57.15],[11.585,57.142885],[11.575,57.151034],[11.568611,57.145],[11.57125,57.14],[11.558409,57.14],[11.558542,57.15],[11.565,57.155962],[11.575,57.158594],[11.582586,57.155]]}},{"type":"Feature","properties":{"depth":30.0,"source":"DDM 2024 coarse contour","resolution":"0.005 degree sampled grid"},"geometry":{"type":"LineString","coordinates":[[8.62,57.182241],[8.555,57.172917],[8.535,57.154853],[8.498704,57.145],[8.535,57.144808],[8.565,57.162963],[8.615,57.17371],[8.623611,57.18],[8.62,57.182241]]}},{"type":"Feature","properties":{"depth":30.0,"source":"DDM 2024 coarse contour","resolution":"0.005 degree sampled grid"},"geometry":{"type":"LineString","coordinates":[[8.29,57.160139],[8.26125,57.15],[8.28,57.148125],[8.29,57.155],[8.29,57.160139]]}},{"type":"Feature","properties":{"depth":30.0,"source":"DDM 2024 coarse contour","resolution":"0.005 degree sampled grid"},"geometry":{"type":"LineString","coordinates":[[8.405,57.191429],[8.39,57.192647],[8.36,57.178261],[8.349,57.18],[8.36,57.17],[8.385,57.168077],[8.39,57.176],[8.395,57.171667],[8.406176,57.175],[8.410833,57.185],[8.405,57.191429]]}},{"type":"Feature","properties":{"depth":30.0,"source":"DDM 2024 coarse contour","resolution":"0.005 degree sampled grid"},"geometry":{"type":"LineString","coordinates":[[8.230303,57.175],[8.215,57.17],[8.214167,57.175],[8.225,57.178],[8.230303,57.175]]}},{"type":"Feature","properties":{"depth":30.0,"source":"DDM 2024 coarse contour","resolution":"0.005 degree sampled grid"},"geometry":{"type":"LineString","coordinates":[[8.345,57.176923],[8.331667,57.175],[8.335,57.171667],[8.349167,57.175],[8.345,57.176923]]}},{"type":"Feature","properties":{"depth":30.0,"source":"DDM 2024 coarse contour","resolution":"0.005 degree sampled grid"},"geometry":{"type":"LineString","coordinates":[[11.493846,57.19],[11.515,57.182742],[11.495,57.174259],[11.474113,57.185],[11.475,57.190479],[11.493846,57.19]]}},{"type":"Feature","properties":{"depth":30.0,"source":"DDM 2024 coarse contour","resolution":"0.005 degree sampled grid"},"geometry":{"type":"LineString","coordinates":[[8.57,57.193906],[8.545,57.19125],[8.53325,57.185],[8.56,57.183824],[8.575,57.19],[8.57,57.193906]]}},{"type":"Feature","properties":{"depth":30.0,"source":"DDM 2024 coarse contour","resolution":"0.005 degree sampled grid"},"geometry":{"type":"LineString","coordinates":[[8.28,57.205556],[8.266607,57.19],[8.27,57.186481],[8.284706,57.19],[8.28,57.205556]]}},{"type":"Feature","properties":{"depth":30.0,"source":"DDM 2024 coarse contour","resolution":"0.005 degree sampled grid"},"geometry":{"type":"LineString","coordinates":[[8.645,57.20629],[8.575,57.195],[8.585,57.190806],[8.645,57.198421],[8.64875,57.2],[8.645,57.20629]]}},{"type":"Feature","properties":{"depth":30.0,"source":"DDM 2024 coarse contour","resolution":"0.005 degree sampled grid"},"geometry":{"type":"LineString","coordinates":[[8.33,57.227286],[8.321087,57.225],[8.325,57.213056],[8.334831,57.22],[8.33,57.227286]]}},{"type":"Feature","properties":{"depth":30.0,"source":"DDM 2024 coarse contour","resolution":"0.005 degree sampled grid"},"geometry":{"type":"LineString","coordinates":[[11.4125,57.23],[11.405,57.217453],[11.396984,57.22],[11.4125,57.23]]}},{"type":"Feature","properties":{"depth":30.0,"source":"DDM 2024 coarse contour","resolution":"0.005 degree sampled grid"},"geometry":{"type":"LineString","coordinates":[[8.316667,57.245],[8.31,57.24],[8.30375,57.245],[8.316667,57.245]]}},{"type":"Feature","properties":{"depth":30.0,"source":"DDM 2024 coarse contour","resolution":"0.005 degree sampled grid"},"geometry":{"type":"LineString","coordinates":[[8.445,57.265714],[8.432857,57.265],[8.431,57.26],[8.44,57.258704],[8.445,57.265714]]}},{"type":"Feature","properties":{"depth":30.0,"source":"DDM 2024 coarse contour","resolution":"0.005 degree sampled grid"},"geometry":{"type":"LineString","coordinates":[[8.447857,57.295],[8.445,57.286667],[8.44,57.2875],[8.44,57.295484],[8.447857,57.295]]}},{"type":"Feature","properties":{"depth":30.0,"source":"DDM 2024 coarse contour","resolution":"0.005 degree sampled grid"},"geometry":{"type":"LineString","coordinates":[[11.387407,57.315],[11.390538,57.305],[11.385,57.302719],[11.37437,57.315],[11.387407,57.315]]}},{"type":"Feature","properties":{"depth":30.0,"source":"DDM 2024 coarse contour","resolution":"0.005 degree sampled grid"},"geometry":{"type":"LineString","coordinates":[[8.397105,57.325],[8.395,57.317],[8.367857,57.315],[8.38,57.326],[8.397105,57.325]]}},{"type":"Feature","properties":{"depth":30.0,"source":"DDM 2024 coarse contour","resolution":"0.005 degree sampled grid"},"geometry":{"type":"LineString","coordinates":[[9.408618,58.0],[9.36,57.976105],[9.35,57.966034],[9.3,57.940912],[9.265,57.915803],[9.24,57.905753],[9.18,57.865604],[9.095,57.820438],[9.07,57.800432],[9.045,57.79044],[9.035,57.780438],[8.96,57.740414],[8.89,57.695298],[8.855,57.690321],[8.85,57.685337],[8.825,57.685351],[8.82,57.680371],[8.795,57.680375],[8.79,57.675376],[8.77,57.675389],[8.765,57.670396],[8.745,57.670432],[8.74,57.665442],[8.715,57.665496],[8.71,57.660492],[8.69,57.660541],[8.685,57.655523],[8.66,57.655581],[8.655,57.65055],[8.635,57.65059],[8.63,57.645548],[8.605,57.645591],[8.6,57.640538],[8.58,57.640588],[8.575,57.635557],[8.55,57.635598],[8.545,57.630592],[8.5,57.625581],[8.495,57.620568],[8.445,57.615564],[8.44,57.61055],[8.365,57.595556],[8.345,57.585539],[8.325,57.585551],[8.305,57.57553],[8.265,57.57053],[8.245,57.560511],[8.23,57.560521],[8.225,57.555512],[8.21,57.555521],[8.205,57.550514],[8.19,57.550521],[8.185,57.545513],[8.17,57.545521],[8.165,57.540512],[8.15,57.540521],[8.145,57.535511],[8.13,57.535521],[8.125,57.530514],[8.11,57.530526],[8.105,57.525517],[8.09,57.525525],[8.085,57.520517],[8.07,57.520519],[8.065,57.51551],[7.99,57.500455],[7.97,57.490457],[7.955,57.490454],[7.92,57.475448],[7.91,57.475446],[7.905,57.470438],[7.89,57.470441],[7.855,57.455409],[7.84,57.455416],[7.79,57.435328],[7.775,57.435318],[7.725,57.415253],[7.71,57.41525],[7.66,57.395248],[7.645,57.395252],[7.61,57.380279],[7.595,57.380278],[7.545,57.360285],[7.53,57.360293],[7.48,57.34023],[7.465,57.340237],[7.4,57.315149]]}},{"type":"Feature","properties":{"depth":30.0,"source":"DDM 2024 coarse contour","resolution":"0.005 degree sampled grid"},"geometry":{"type":"LineString","coordinates":[[8.47,57.33625],[8.465,57.3375],[8.457917,57.33],[8.47,57.319615],[8.476538,57.325],[8.47,57.33625]]}},{"type":"Feature","properties":{"depth":30.0,"source":"DDM 2024 coarse contour","resolution":"0.005 degree sampled grid"},"geometry":{"type":"LineString","coordinates":[[11.416831,57.385],[11.425949,57.38],[11.426034,57.375],[11.41,57.36525],[11.394417,57.365],[11.390923,57.37],[11.395,57.377703],[11.41,57.386311],[11.416831,57.385]]}},{"type":"Feature","properties":{"depth":30.0,"source":"DDM 2024 coarse contour","resolution":"0.005 degree sampled grid"},"geometry":{"type":"LineString","coordinates":[[9.62,57.59175],[9.613333,57.585],[9.626071,57.585],[9.62,57.59175]]}},{"type":"Feature","properties":{"depth":30.0,"source":"DDM 2024 coarse contour","resolution":"0.005 degree sampled grid"},"geometry":{"type":"LineString","coordinates":[[9.64875,57.78],[9.6625,57.735],[9.65875,57.725],[9.64625,57.715],[9.625,57.705455],[9.605,57.703214],[9.565,57.711364],[9.548,57.72],[9.545,57.74],[9.555,57.75],[9.627,57.78],[9.64875,57.78]]}},{"type":"Feature","properties":{"depth":50.0,"source":"DDM 2024 coarse contour","resolution":"0.005 degree sampled grid"},"geometry":{"type":"LineString","coordinates":[[16.2,55.425127],[16.165,55.430133],[16.16,55.435132],[16.14,55.435136],[16.115,55.445139],[16.1,55.445143],[16.095,55.450144],[16.075,55.450146],[16.05,55.460147],[16.03,55.460148],[16.025,55.465147],[16.01,55.465151],[15.985,55.47515],[15.965,55.475154],[15.94,55.485153],[15.92,55.485157],[15.895,55.495158],[15.875,55.495161],[15.87,55.500159],[15.835,55.505156],[15.83,55.510149],[15.81,55.510156],[15.805,55.515151],[15.77,55.520141],[15.765,55.525136],[15.745,55.52513],[15.74,55.530126],[15.685,55.540113],[15.68,55.54511],[15.66,55.545109],[15.655,55.550106],[15.64,55.550108],[15.615,55.560103],[15.595,55.560107],[15.57,55.570098],[15.555,55.570097],[15.55,55.575095],[15.53,55.575095],[15.505,55.585093],[15.485,55.585092],[15.48,55.590089],[15.425,55.600092],[15.42,55.605093],[15.4,55.605092],[15.375,55.615093],[15.355,55.615098],[15.35,55.6201],[15.335,55.620097],[15.31,55.630098],[15.29,55.630101],[15.265,55.640099],[15.245,55.640101],[15.24,55.6451],[15.205,55.650095],[15.18,55.66009],[15.16,55.660092],[15.135,55.670082],[15.115,55.670084],[15.11,55.675081],[15.07,55.680065],[15.065,55.685067],[15.04,55.690048],[14.97,55.640098],[14.955,55.635114],[14.915,55.605127],[14.9,55.600128],[14.83,55.55011],[14.815,55.545107],[14.73,55.485082],[14.715,55.480088],[14.489992,55.33],[14.49,55.326],[14.51,55.326667],[14.545,55.344295],[14.555,55.343211],[14.565,55.351],[14.575,55.348621],[14.583276,55.355],[14.592091,55.355],[14.584535,55.34],[14.59,55.329432],[14.585,55.332826],[14.58,55.32601],[14.575,55.333235],[14.565,55.312],[14.545,55.303333],[14.533,55.29],[14.5265,55.27],[14.545,55.261667],[14.55,55.265],[14.555,55.26],[14.565,55.269375],[14.575,55.269333],[14.595,55.28],[14.63,55.334655],[14.64,55.341667],[14.659167,55.345],[14.659481,55.385],[14.665,55.390552],[14.68,55.39],[14.705,55.375921],[14.719118,55.375],[14.735645,55.36],[14.736944,55.355],[14.73,55.351977],[14.698125,55.355],[14.710455,55.34],[14.705,55.339231],[14.706136,55.33],[14.72,55.325048],[14.75,55.330777],[14.78,55.327589],[14.85,55.305408],[14.86,55.295833],[14.87,55.297917],[14.87,55.293433],[14.842955,55.29],[14.865,55.27625],[14.876944,55.275],[14.870588,55.27],[14.89,55.256667],[14.925,55.253409],[14.975937,55.24],[15.16,55.160606],[15.185,55.137667],[15.19,55.141875],[15.181346,55.12],[15.184222,55.07],[15.2,55.053571],[15.23,55.037411],[15.26,54.997143],[15.27,54.991875],[15.28,54.992917],[15.29,54.980625],[15.310625,54.985],[15.3,54.975],[15.301071,54.96],[15.295,54.94881],[15.265,54.938295],[15.24,54.934565],[15.2,54.936875],[15.175,54.93],[15.2,54.91375],[15.201875,54.91],[15.195,54.907787],[15.155,54.913333],[15.07,54.913437],[14.985,54.898333],[14.93,54.8785],[14.926111,54.875],[14.9458,54.865],[14.9932,54.85],[15.003437,54.83],[14.998636,54.82],[14.98,54.811786],[14.955,54.809545],[14.905,54.825],[14.88,54.82625],[14.843333,54.82],[14.8325,54.81],[14.8,54.804286],[14.74375,54.775],[14.735,54.76],[14.6875,54.72],[14.67,54.69],[14.705,54.67],[14.785,54.65625],[14.85,54.639],[14.92,54.63],[15.02,54.628219],[15.055,54.621324],[15.0595,54.62],[15.04,54.61],[15.045,54.6],[15.065,54.59],[15.22,54.578462],[15.285,54.58499],[15.29,54.589986],[15.305,54.589986],[15.34,54.604972],[15.37,54.609967],[15.375,54.614962],[15.39,54.614962],[15.44,54.634946],[15.46,54.634946],[15.485,54.644942],[15.505,54.644943],[15.53,54.654938],[15.545,54.654938],[15.55,54.659936],[15.57,54.659937],[15.595,54.669932],[15.635,54.674931],[15.655,54.684928],[15.665,54.684929],[15.71,54.719925],[15.76,54.749925],[15.79,54.779917],[15.820084,54.8],[15.870108,54.875],[15.970125,54.99],[15.960105,55.005],[15.960089,55.02],[15.955096,55.025],[15.950135,55.075],[15.945143,55.08],[15.945155,55.1],[15.940162,55.105],[15.940179,55.135],[16.010186,55.225],[16.020187,55.24],[16.020189,55.25],[16.04,55.259822],[16.06,55.259828],[16.065,55.264835],[16.085,55.264836],[16.09,55.269845],[16.13,55.274853],[16.135,55.279863],[16.155,55.279862],[16.16,55.28487],[16.2,55.289877]]}},{"type":"Feature","properties":{"depth":50.0,"source":"DDM 2024 coarse contour","resolution":"0.005 degree sampled grid"},"geometry":{"type":"LineString","coordinates":[[14.96,54.845567],[14.925,54.841667],[14.918,54.835],[14.96,54.838889],[14.963437,54.845],[14.96,54.845567]]}},{"type":"Feature","properties":{"depth":50.0,"source":"DDM 2024 coarse contour","resolution":"0.005 degree sampled grid"},"geometry":{"type":"LineString","coordinates":[[15.21875,55.26],[15.249,55.25],[15.255,55.23],[15.275,55.216765],[15.295,55.213333],[15.32,55.220476],[15.345,55.213333],[15.368214,55.195],[15.36875,55.185],[15.35,55.173333],[15.315,55.169063],[15.28,55.175278],[15.245,55.195263],[15.215968,55.2],[15.197826,55.23],[15.19825,55.245],[15.206176,55.26],[15.21875,55.26]]}},{"type":"Feature","properties":{"depth":50.0,"source":"DDM 2024 coarse contour","resolution":"0.005 degree sampled grid"},"geometry":{"type":"LineString","coordinates":[[14.54,55.26],[14.533571,55.255],[14.532222,55.245],[14.540312,55.25],[14.54,55.26]]}},{"type":"Feature","properties":{"depth":50.0,"source":"DDM 2024 coarse contour","resolution":"0.005 degree sampled grid"},"geometry":{"type":"LineString","coordinates":[[15.154167,55.35],[15.187684,55.33],[15.205,55.325895],[15.204354,55.32],[15.185,55.315083],[15.15,55.324909],[15.157568,55.335],[15.140081,55.345],[15.154167,55.35]]}},{"type":"Feature","properties":{"depth":50.0,"source":"DDM 2024 coarse contour","resolution":"0.005 degree sampled grid"},"geometry":{"type":"LineString","coordinates":[[14.627059,55.355],[14.625,55.338333],[14.613438,55.35],[14.627059,55.355]]}},{"type":"Feature","properties":{"depth":50.0,"source":"DDM 2024 coarse contour","resolution":"0.005 degree sampled grid"},"geometry":{"type":"LineString","coordinates":[[14.970556,55.41],[14.98759,55.405],[14.986667,55.4],[14.96,55.396631],[14.955964,55.4],[14.970556,55.41]]}},{"type":"Feature","properties":{"depth":50.0,"source":"DDM 2024 coarse contour","resolution":"0.005 degree sampled grid"},"geometry":{"type":"LineString","coordinates":[[14.880455,55.445],[14.9,55.441758],[14.921458,55.43],[14.915,55.424273],[14.895,55.421585],[14.880455,55.445]]}},{"type":"Feature","properties":{"depth":50.0,"source":"DDM 2024 coarse contour","resolution":"0.005 degree sampled grid"},"geometry":{"type":"LineString","coordinates":[[10.8,55.747345],[10.8,55.734947],[10.803786,55.745],[10.8,55.747345]]}},{"type":"Feature","properties":{"depth":50.0,"source":"DDM 2024 coarse contour","resolution":"0.005 degree sampled grid"},"geometry":{"type":"LineString","coordinates":[[10.81,55.777705],[10.803023,55.76],[10.805,55.746635],[10.813015,55.775],[10.81,55.777705]]}},{"type":"Feature","properties":{"depth":50.0,"source":"DDM 2024 coarse contour","resolution":"0.005 degree sampled grid"},"geometry":{"type":"LineString","coordinates":[[10.855,55.895243],[10.829318,55.895],[10.859583,55.895],[10.855,55.895243]]}},{"type":"Feature","properties":{"depth":50.0,"source":"DDM 2024 coarse contour","resolution":"0.005 degree sampled grid"},"geometry":{"type":"LineString","coordinates":[[10.97,55.922208],[10.959375,55.92],[10.97,55.918824],[10.97,55.922208]]}},{"type":"Feature","properties":{"depth":50.0,"source":"DDM 2024 coarse contour","resolution":"0.005 degree sampled grid"},"geometry":{"type":"LineString","coordinates":[[11.005,55.952561],[10.99991,55.95],[11.0,55.939412],[11.005,55.952561]]}},{"type":"Feature","properties":{"depth":50.0,"source":"DDM 2024 coarse contour","resolution":"0.005 degree sampled grid"},"geometry":{"type":"LineString","coordinates":[[11.845,56.760442],[11.835,56.763941],[11.830864,56.76],[11.85,56.731905],[11.859444,56.745],[11.845,56.760442]]}},{"type":"Feature","properties":{"depth":50.0,"source":"DDM 2024 coarse contour","resolution":"0.005 degree sampled grid"},"geometry":{"type":"LineString","coordinates":[[11.79,56.785732],[11.783833,56.78],[11.82,56.763265],[11.83,56.760538],[11.834328,56.765],[11.82,56.775022],[11.79,56.785732]]}},{"type":"Feature","properties":{"depth":50.0,"source":"DDM 2024 coarse contour","resolution":"0.005 degree sampled grid"},"geometry":{"type":"LineString","coordinates":[[11.79,56.831007],[11.78,56.833937],[11.778067,56.83],[11.795,56.814352],[11.805,56.811],[11.809255,56.815],[11.8,56.826695],[11.79,56.831007]]}},{"type":"Feature","properties":{"depth":50.0,"source":"DDM 2024 coarse contour","resolution":"0.005 degree sampled grid"},"geometry":{"type":"LineString","coordinates":[[11.79,56.851808],[11.78,56.85459],[11.776159,56.85],[11.79,56.842431],[11.798273,56.845],[11.79,56.851808]]}},{"type":"Feature","properties":{"depth":50.0,"source":"DDM 2024 coarse contour","resolution":"0.005 degree sampled grid"},"geometry":{"type":"LineString","coordinates":[[11.355,57.470409],[11.349828,57.47],[11.349182,57.465],[11.358535,57.45],[11.360179,57.43],[11.3718,57.41],[11.442105,57.38],[11.43175,57.37],[11.436333,57.365],[11.4345,57.36],[11.415,57.353444],[11.355,57.365921],[11.349853,57.36],[11.377843,57.34],[11.368929,57.325],[11.402946,57.315],[11.410088,57.29],[11.405,57.279894],[11.388182,57.285],[11.385,57.291277],[11.38,57.284545],[11.37,57.282455],[11.345,57.287868],[11.3,57.318362],[11.28,57.319909],[11.28,57.311932],[11.340877,57.245],[11.344273,57.19],[11.39375,57.16],[11.43,57.125254],[11.476432,57.095],[11.48,57.087932],[11.545,57.05142],[11.543834,57.045],[11.563182,57.015],[11.57,56.978482],[11.575119,56.98],[11.562363,57.035],[11.57,57.039265],[11.595,57.039589],[11.645,57.0175],[11.665,56.99125],[11.695,56.981542],[11.725571,56.965],[11.726919,56.96],[11.712672,56.955],[11.715,56.951351],[11.74,56.952804],[11.754194,56.945],[11.742289,56.94],[11.745,56.937186],[11.755,56.937414],[11.775,56.927688],[11.775,56.914778],[11.763391,56.895],[11.767727,56.885],[11.765,56.877727],[11.730948,56.895],[11.7,56.926043],[11.676667,56.94],[11.675,56.949],[11.635,56.966229],[11.600238,56.965],[11.625,56.963511],[11.67,56.937333],[11.67,56.929192],[11.704286,56.905],[11.715,56.889153],[11.733269,56.88],[11.755,56.84625],[11.765,56.85378],[11.777333,56.855],[11.767925,56.865],[11.767381,56.87],[11.775,56.874167],[11.8,56.871148],[11.81,56.86528],[11.86,56.869414],[11.805,56.878158],[11.8,56.883077],[11.795,56.879139],[11.78234,56.88],[11.781444,56.885],[11.798099,56.89],[11.794088,56.9],[11.798125,56.93],[11.792683,56.945],[11.796935,56.95],[11.785,56.952553],[11.765,56.968966],[11.755,56.968721],[11.760385,56.985],[11.75,57.010013],[11.745172,57.01],[11.738,57.0],[11.746129,56.98],[11.74,56.972193],[11.68,57.003346],[11.673712,57.015],[11.67925,57.02],[11.675893,57.025],[11.637877,57.035],[11.636022,57.04],[11.64,57.040637],[11.69,57.03875],[11.705,57.036773],[11.71,57.030079],[11.735,57.027543],[11.705,57.063585],[11.67,57.058183],[11.645,57.060909],[11.63,57.054231],[11.6,57.052917],[11.565,57.058016],[11.505,57.090891],[11.49,57.105605],[11.484023,57.12],[11.491923,57.125],[11.481108,57.13],[11.482241,57.14],[11.473257,57.155],[11.476197,57.165],[11.455,57.196667],[11.495,57.196174],[11.525,57.181879],[11.56,57.181045],[11.59,57.166961],[11.62,57.160128],[11.63,57.151702],[11.635,57.151319],[11.635025,57.155],[11.62,57.174],[11.595,57.178228],[11.572679,57.19],[11.575,57.196475],[11.59125,57.205],[11.575061,57.23],[11.515101,57.3],[11.515094,57.305],[11.505,57.31503],[11.4935,57.315],[11.489663,57.325],[11.495,57.324048],[11.495046,57.33],[11.42503,57.41],[11.405,57.44],[11.37,57.467872],[11.355,57.470409]]}},{"type":"Feature","properties":{"depth":50.0,"source":"DDM 2024 coarse contour","resolution":"0.005 degree sampled grid"},"geometry":{"type":"LineString","coordinates":[[11.705,56.950728],[11.690179,56.95],[11.695,56.946143],[11.709583,56.95],[11.705,56.950728]]}},{"type":"Feature","properties":{"depth":50.0,"source":"DDM 2024 coarse contour","resolution":"0.005 degree sampled grid"},"geometry":{"type":"LineString","coordinates":[[11.58,56.975233],[11.58,56.96943],[11.595543,56.97],[11.58,56.975233]]}},{"type":"Feature","properties":{"depth":50.0,"source":"DDM 2024 coarse contour","resolution":"0.005 degree sampled grid"},"geometry":{"type":"LineString","coordinates":[[11.715,57.001244],[11.701795,57.0],[11.719179,57.0],[11.715,57.001244]]}},{"type":"Feature","properties":{"depth":50.0,"source":"DDM 2024 coarse contour","resolution":"0.005 degree sampled grid"},"geometry":{"type":"LineString","coordinates":[[7.4,57.155],[7.455,57.16],[7.51,57.157857],[7.52,57.143889],[7.535,57.138421],[7.55,57.151154],[7.58,57.149583],[7.605,57.15425],[7.66,57.1745],[7.72,57.18],[7.74,57.169722],[7.733889,57.19],[7.723636,57.2],[7.73,57.204091],[7.735,57.198462],[7.74125,57.2],[7.745,57.207813],[7.76,57.207581],[7.773571,57.2],[7.76,57.186667],[7.749167,57.185],[7.755,57.179231],[7.775,57.182273],[7.81,57.170952],[7.821667,57.18],[7.812857,57.195],[7.833437,57.185],[7.831667,57.18],[7.841818,57.17],[7.822,57.16],[7.817692,57.145],[7.803125,57.135],[7.806667,57.13],[7.801667,57.12],[7.812143,57.12],[7.82,57.135357],[7.849375,57.14],[7.86,57.152083],[7.9,57.17],[7.85,57.194286],[7.851667,57.21],[7.837727,57.215],[7.83875,57.22],[7.855,57.231364],[7.863256,57.22],[7.857273,57.215],[7.858333,57.21],[7.875,57.205],[7.885,57.191087],[7.895,57.193636],[7.903437,57.2],[7.899545,57.205],[7.902778,57.215],[7.929833,57.225],[7.92,57.246724],[7.91,57.24371],[7.895435,57.25],[7.9085,57.27],[7.907105,57.275],[7.92,57.281765],[7.935,57.280909],[7.94,57.275],[7.938421,57.265],[7.945,57.261447],[7.960312,57.275],[7.960625,57.29],[7.995,57.303846],[8.01,57.320417],[8.03,57.329643],[8.065,57.336765],[8.081667,57.33],[8.107778,57.34],[8.11,57.345625],[8.125,57.341406],[8.145,57.351667],[8.17,57.35],[8.19875,57.36],[8.196053,57.365],[8.204167,57.375],[8.315,57.393333],[8.321111,57.395],[8.320714,57.4],[8.345,57.4078],[8.375,57.41],[8.3875,57.405],[8.364286,57.395],[8.361538,57.39],[8.365,57.387],[8.385,57.393659],[8.39,57.390333],[8.405,57.392813],[8.405,57.404],[8.415,57.402576],[8.435,57.4117],[8.45,57.405882],[8.62,57.467727],[8.665,57.48],[8.668636,57.485],[8.715833,57.5],[8.73,57.51],[8.728333,57.505],[8.735,57.505],[8.73,57.51],[8.847857,57.555],[9.04,57.618636],[9.315,57.752258],[9.43,57.788475],[9.578889,57.82],[9.655,57.830417],[9.795,57.840385],[9.885,57.82625],[9.922,57.815],[9.9475,57.8],[9.925,57.789286],[9.865,57.744194],[9.825,57.736724],[9.77,57.712381],[9.756563,57.7],[9.735,57.664407],[9.94,57.701887],[10.095,57.723139],[10.375,57.740709],[10.415,57.732778],[10.62,57.774106],[10.875,57.78525],[10.945,57.7975],[11.025,57.8265],[10.97,57.865139],[10.955,57.870189],[10.93,57.890274],[10.915,57.895304],[10.89,57.915405],[10.875,57.920428],[10.85,57.94051],[10.835,57.945534],[10.795,57.975611],[10.750604,58.0]]}},{"type":"Feature","properties":{"depth":50.0,"source":"DDM 2024 coarse contour","resolution":"0.005 degree sampled grid"},"geometry":{"type":"LineString","coordinates":[[11.441412,57.15],[11.45,57.144692],[11.45,57.135692],[11.439243,57.14],[11.436385,57.145],[11.44,57.154444],[11.441412,57.15]]}},{"type":"Feature","properties":{"depth":50.0,"source":"DDM 2024 coarse contour","resolution":"0.005 degree sampled grid"},"geometry":{"type":"LineString","coordinates":[[11.419966,57.17],[11.43,57.157568],[11.415,57.160236],[11.402752,57.17],[11.405,57.174694],[11.419966,57.17]]}},{"type":"Feature","properties":{"depth":50.0,"source":"DDM 2024 coarse contour","resolution":"0.005 degree sampled grid"},"geometry":{"type":"LineString","coordinates":[[7.9,57.186111],[7.889545,57.185],[7.895,57.178158],[7.9075,57.18],[7.9,57.186111]]}},{"type":"Feature","properties":{"depth":50.0,"source":"DDM 2024 coarse contour","resolution":"0.005 degree sampled grid"},"geometry":{"type":"LineString","coordinates":[[7.6205,57.2],[7.623571,57.195],[7.62,57.190833],[7.61,57.189412],[7.60125,57.195],[7.605,57.200385],[7.6205,57.2]]}},{"type":"Feature","properties":{"depth":50.0,"source":"DDM 2024 coarse contour","resolution":"0.005 degree sampled grid"},"geometry":{"type":"LineString","coordinates":[[11.406322,57.195],[11.412415,57.19],[11.41,57.187782],[11.4,57.189301],[11.396125,57.195],[11.406322,57.195]]}},{"type":"Feature","properties":{"depth":50.0,"source":"DDM 2024 coarse contour","resolution":"0.005 degree sampled grid"},"geometry":{"type":"LineString","coordinates":[[7.945,57.2225],[7.94,57.22],[7.943824,57.215],[7.94,57.21175],[7.925,57.217632],[7.920833,57.215],[7.928182,57.21],[7.921667,57.205],[7.945,57.198409],[7.951786,57.21],[7.945,57.2225]]}},{"type":"Feature","properties":{"depth":50.0,"source":"DDM 2024 coarse contour","resolution":"0.005 degree sampled grid"},"geometry":{"type":"LineString","coordinates":[[7.879048,57.22],[7.87,57.211],[7.865714,57.215],[7.87,57.221486],[7.879048,57.22]]}},{"type":"Feature","properties":{"depth":50.0,"source":"DDM 2024 coarse contour","resolution":"0.005 degree sampled grid"},"geometry":{"type":"LineString","coordinates":[[11.414694,57.235],[11.42,57.23338],[11.422269,57.225],[11.41338,57.215],[11.395,57.214325],[11.38922,57.22],[11.4,57.23227],[11.414694,57.235]]}},{"type":"Feature","properties":{"depth":50.0,"source":"DDM 2024 coarse contour","resolution":"0.005 degree sampled grid"},"geometry":{"type":"LineString","coordinates":[[7.671,57.225],[7.65,57.218163],[7.6275,57.225],[7.671,57.225]]}},{"type":"Feature","properties":{"depth":50.0,"source":"DDM 2024 coarse contour","resolution":"0.005 degree sampled grid"},"geometry":{"type":"LineString","coordinates":[[7.965,57.246635],[7.96075,57.245],[7.96375,57.24],[7.957222,57.23],[7.963333,57.225],[7.960588,57.22],[7.975,57.218462],[7.967187,57.23],[7.970595,57.235],[7.965,57.246635]]}},{"type":"Feature","properties":{"depth":50.0,"source":"DDM 2024 coarse contour","resolution":"0.005 degree sampled grid"},"geometry":{"type":"LineString","coordinates":[[11.525556,57.24],[11.54,57.236917],[11.541358,57.23],[11.55,57.223676],[11.555,57.22613],[11.555,57.222708],[11.54,57.217029],[11.53,57.221279],[11.525,57.217059],[11.51,57.217091],[11.499184,57.23],[11.516167,57.24],[11.525556,57.24]]}},{"type":"Feature","properties":{"depth":50.0,"source":"DDM 2024 coarse contour","resolution":"0.005 degree sampled grid"},"geometry":{"type":"LineString","coordinates":[[7.79381,57.24],[7.795,57.234722],[7.778125,57.24],[7.79381,57.24]]}},{"type":"Feature","properties":{"depth":50.0,"source":"DDM 2024 coarse contour","resolution":"0.005 degree sampled grid"},"geometry":{"type":"LineString","coordinates":[[7.945,57.256765],[7.938824,57.245],[7.94,57.23375],[7.947143,57.235],[7.941667,57.24],[7.951429,57.25],[7.945,57.256765]]}},{"type":"Feature","properties":{"depth":50.0,"source":"DDM 2024 coarse contour","resolution":"0.005 degree sampled grid"},"geometry":{"type":"LineString","coordinates":[[7.733182,57.245],[7.742143,57.24],[7.735,57.236944],[7.725,57.24],[7.726111,57.245],[7.733182,57.245]]}},{"type":"Feature","properties":{"depth":50.0,"source":"DDM 2024 coarse contour","resolution":"0.005 degree sampled grid"},"geometry":{"type":"LineString","coordinates":[[7.827,57.25],[7.842273,57.245],[7.818529,57.245],[7.82,57.251111],[7.827,57.25]]}},{"type":"Feature","properties":{"depth":50.0,"source":"DDM 2024 coarse contour","resolution":"0.005 degree sampled grid"},"geometry":{"type":"LineString","coordinates":[[11.477738,57.265],[11.455,57.250625],[11.445263,57.255],[11.455,57.265202],[11.47,57.26886],[11.477738,57.265]]}},{"type":"Feature","properties":{"depth":50.0,"source":"DDM 2024 coarse contour","resolution":"0.005 degree sampled grid"},"geometry":{"type":"LineString","coordinates":[[7.786923,57.265],[7.790405,57.26],[7.785,57.255769],[7.782381,57.26],[7.786923,57.265]]}},{"type":"Feature","properties":{"depth":50.0,"source":"DDM 2024 coarse contour","resolution":"0.005 degree sampled grid"},"geometry":{"type":"LineString","coordinates":[[7.851364,57.285],[7.86,57.2732],[7.88,57.279444],[7.892593,57.275],[7.882917,57.27],[7.886765,57.265],[7.87,57.258163],[7.865,57.263718],[7.845,57.261364],[7.841,57.265],[7.848125,57.275],[7.842353,57.28],[7.851364,57.285]]}},{"type":"Feature","properties":{"depth":50.0,"source":"DDM 2024 coarse contour","resolution":"0.005 degree sampled grid"},"geometry":{"type":"LineString","coordinates":[[9.408688,58.0],[9.36,57.97603],[9.35,57.965957],[9.3,57.940833],[9.265,57.915721],[9.24,57.905671],[9.18,57.865519],[9.095,57.82035],[9.07,57.800343],[9.045,57.790352],[9.035,57.780349],[8.96,57.740324],[8.89,57.695207],[8.855,57.690231],[8.85,57.685246],[8.825,57.685261],[8.82,57.680281],[8.795,57.680285],[8.79,57.675286],[8.77,57.6753],[8.765,57.670306],[8.745,57.670344],[8.74,57.665354],[8.715,57.665409],[8.71,57.660405],[8.69,57.660454],[8.685,57.655436],[8.66,57.655495],[8.655,57.650463],[8.635,57.650504],[8.63,57.645461],[8.605,57.645505],[8.6,57.640451],[8.58,57.640502],[8.575,57.635471],[8.55,57.635513],[8.545,57.630506],[8.5,57.625496],[8.495,57.620482],[8.445,57.615478],[8.44,57.610463],[8.365,57.59547],[8.345,57.585453],[8.325,57.585465],[8.305,57.575443],[8.265,57.570443],[8.245,57.560424],[8.23,57.560434],[8.225,57.555424],[8.21,57.555434],[8.205,57.550427],[8.19,57.550434],[8.185,57.545426],[8.17,57.545434],[8.165,57.540425],[8.15,57.540434],[8.145,57.535424],[8.13,57.535434],[8.125,57.530427],[8.11,57.530439],[8.105,57.52543],[8.09,57.525438],[8.085,57.52043],[8.07,57.520432],[8.065,57.515423],[7.99,57.500367],[7.97,57.490368],[7.955,57.490366],[7.92,57.475359],[7.91,57.475358],[7.905,57.470349],[7.89,57.470353],[7.855,57.455319],[7.84,57.455327],[7.79,57.435237],[7.775,57.435227],[7.725,57.415161],[7.71,57.415157],[7.66,57.395156],[7.645,57.39516],[7.61,57.380188],[7.595,57.380186],[7.545,57.360194],[7.53,57.360202],[7.48,57.340138],[7.465,57.340144],[7.4,57.315055]]}},{"type":"Feature","properties":{"depth":50.0,"source":"DDM 2024 coarse contour","resolution":"0.005 degree sampled grid"},"geometry":{"type":"LineString","coordinates":[[11.265,57.585002],[11.26,57.5875],[11.243333,57.58],[11.24125,57.57],[11.255,57.561429],[11.28,57.558182],[11.285024,57.565],[11.265,57.585002]]}},{"type":"Feature","properties":{"depth":100.0,"source":"DDM 2024 coarse contour","resolution":"0.005 degree sampled grid"},"geometry":{"type":"LineString","coordinates":[[15.24,55.316176],[15.22,55.31822],[15.194872,55.31],[15.215,55.306803],[15.22,55.312361],[15.225,55.30431],[15.24,55.316176]]}},{"type":"Feature","properties":{"depth":100.0,"source":"DDM 2024 coarse contour","resolution":"0.005 degree sampled grid"},"geometry":{"type":"LineString","coordinates":[[11.65,57.045989],[11.626598,57.045],[11.654345,57.045],[11.65,57.045989]]}},{"type":"Feature","properties":{"depth":100.0,"source":"DDM 2024 coarse contour","resolution":"0.005 degree sampled grid"},"geometry":{"type":"LineString","coordinates":[[11.36,57.233333],[11.36,57.218767],[11.364058,57.22],[11.36,57.233333]]}},{"type":"Feature","properties":{"depth":100.0,"source":"DDM 2024 coarse contour","resolution":"0.005 degree sampled grid"},"geometry":{"type":"LineString","coordinates":[[11.43,57.291622],[11.416055,57.28],[11.42,57.27142],[11.428845,57.28],[11.43,57.291622]]}},{"type":"Feature","properties":{"depth":100.0,"source":"DDM 2024 coarse contour","resolution":"0.005 degree sampled grid"},"geometry":{"type":"LineString","coordinates":[[11.44,57.326282],[11.436983,57.315],[11.44,57.310302],[11.443359,57.32],[11.44,57.326282]]}},{"type":"Feature","properties":{"depth":100.0,"source":"DDM 2024 coarse contour","resolution":"0.005 degree sampled grid"},"geometry":{"type":"LineString","coordinates":[[8.855,57.690003],[8.85,57.685019],[8.825,57.685035],[8.82,57.680056],[8.795,57.68006],[8.79,57.675062],[8.77,57.675076],[8.765,57.670083],[8.745,57.670122],[8.74,57.665132],[8.69,57.660237],[8.685,57.655218],[8.66,57.65528],[8.655,57.650247],[8.635,57.65029],[8.63,57.645245],[8.605,57.645291],[8.6,57.640235],[8.58,57.640288],[8.575,57.635255],[8.55,57.635299],[8.545,57.630292],[8.5,57.625281],[8.495,57.620266],[8.445,57.615262],[8.44,57.610247],[8.365,57.595254],[8.345,57.585236],[8.325,57.585249],[8.305,57.575226],[8.265,57.570226],[8.245,57.560206],[8.23,57.560216],[8.225,57.555206],[8.21,57.555216],[8.205,57.550209],[8.19,57.550216],[8.185,57.545208],[8.17,57.545217],[8.165,57.540207],[8.15,57.540217],[8.145,57.535206],[8.13,57.535217],[8.125,57.530209],[8.11,57.530222],[8.105,57.525212],[8.09,57.525221],[8.085,57.520212],[8.07,57.520215],[8.065,57.515205],[7.99,57.500146],[7.97,57.490147],[7.955,57.490145],[7.905,57.470128],[7.89,57.470131],[7.885,57.465117],[7.86,57.460116],[7.855,57.455096],[7.84,57.455105],[7.786167,57.435],[7.83,57.426343],[7.865,57.433534],[7.915,57.426923],[7.97,57.436284],[8.035,57.430816],[8.105,57.43631],[8.1985,57.465],[8.28,57.497407],[8.39,57.513551],[8.42,57.531364],[8.475,57.535556],[8.515,57.5506],[8.54,57.57],[8.605,57.574216],[8.7,57.614138],[8.789231,57.63],[8.869167,57.665],[8.874444,57.675],[8.872,57.68],[8.855,57.690003]]}},{"type":"Feature","properties":{"depth":100.0,"source":"DDM 2024 coarse contour","resolution":"0.005 degree sampled grid"},"geometry":{"type":"LineString","coordinates":[[9.408864,58.0],[9.36,57.97584],[9.325,57.950695],[9.3,57.940634],[9.265,57.915517],[9.24,57.905464],[9.23,57.89542],[9.155,57.855201],[9.12,57.830143],[9.095,57.820128],[9.07,57.800121],[9.045,57.79013],[8.985,57.750147],[8.96,57.740102],[8.925,57.715044],[8.91,57.71001],[8.91,57.7058],[8.935,57.701512],[8.975,57.718661],[9.035,57.717353],[9.115,57.726042],[9.19,57.752558],[9.295,57.803889],[9.34,57.799615],[9.375,57.819107],[9.43,57.838152],[9.555,57.864375],[9.676667,57.905],[9.72,57.921892],[9.73,57.938295],[9.765,57.943846],[9.790714,57.955],[9.93,57.982745],[9.980294,58.0]]}},{"type":"Feature","properties":{"depth":100.0,"source":"DDM 2024 coarse contour","resolution":"0.005 degree sampled grid"},"geometry":{"type":"LineString","coordinates":[[10.354,58.0],[10.419444,57.98],[10.458333,57.95],[10.425,57.925],[10.3965,57.895],[10.369286,57.885],[10.366667,57.88],[10.37,57.876667],[10.38,57.869286],[10.42,57.867],[10.453,57.85],[10.505,57.84431],[10.536667,57.835],[10.538889,57.83],[10.535,57.8265],[10.453,57.795],[10.45,57.785],[10.505,57.786667],[10.895,57.875132],[10.942222,57.88],[10.750395,58.0]]}}]}