{"type":"FeatureCollection","name":"DDM contour tile r03_c08","bbox":[11.24,55.79,11.715,56.265],"metadata":{"schema":"waternav-ddm-contour-tile-v1","version":"v45.8","tileId":"r03_c08","source":"Danmarks Dybdemodel 2024 ddm_50m.dybde.tiff via bundled DDM contour GeoJSON files"},"features":[{"type":"Feature","properties":{"depth":0.5,"source":"Danmarks Dybdemodel 2024 ddm_50m.dybde","crs_source":"EPSG:3034","grid_m":50,"scope":"local","tileSource":"contours-local.geojson"},"geometry":{"type":"LineString","coordinates":[[11.591283,55.961887],[11.590338,55.962041],[11.58895,55.961915]]}},{"type":"Feature","properties":{"depth":0.5,"source":"Danmarks Dybdemodel 2024 ddm_50m.dybde","crs_source":"EPSG:3034","grid_m":50,"scope":"local","tileSource":"contours-local.geojson"},"geometry":{"type":"LineString","coordinates":[[11.599564,55.953448],[11.599273,55.953915],[11.598318,55.954807]]}},{"type":"Feature","properties":{"depth":0.5,"source":"Danmarks Dybdemodel 2024 ddm_50m.dybde","crs_source":"EPSG:3034","grid_m":50,"scope":"local","tileSource":"contours-local.geojson"},"geometry":{"type":"LineString","coordinates":[[11.715001,55.95316],[11.713844,55.953006],[11.713554,55.952478]]}},{"type":"Feature","properties":{"depth":0.5,"source":"Danmarks Dybdemodel 2024 ddm_50m.dybde","crs_source":"EPSG:3034","grid_m":50,"scope":"local","tileSource":"contours-local.geojson"},"geometry":{"type":"LineString","coordinates":[[11.603069,55.950626],[11.604022,55.951078],[11.600721,55.952971],[11.599908,55.953221]]}},{"type":"Feature","properties":{"depth":0.5,"source":"Danmarks Dybdemodel 2024 ddm_50m.dybde","crs_source":"EPSG:3034","grid_m":50,"scope":"local","tileSource":"contours-local.geojson"},"geometry":{"type":"LineString","coordinates":[[11.602012,55.951102],[11.602327,55.951714],[11.602592,55.951559],[11.602926,55.951091],[11.602295,55.950908]]}},{"type":"Feature","properties":{"depth":0.5,"source":"Danmarks Dybdemodel 2024 ddm_50m.dybde","crs_source":"EPSG:3034","grid_m":50,"scope":"local","tileSource":"contours-local.geojson"},"geometry":{"type":"LineString","coordinates":[[11.704419,55.949817],[11.702984,55.949936],[11.702694,55.949376]]}},{"type":"Feature","properties":{"depth":0.5,"source":"Danmarks Dybdemodel 2024 ddm_50m.dybde","crs_source":"EPSG:3034","grid_m":50,"scope":"local","tileSource":"contours-local.geojson"},"geometry":{"type":"LineString","coordinates":[[11.606419,55.949196],[11.606416,55.949659],[11.606185,55.949662],[11.606006,55.949201],[11.606352,55.949053],[11.606419,55.949196]]}},{"type":"Feature","properties":{"depth":0.5,"source":"Danmarks Dybdemodel 2024 ddm_50m.dybde","crs_source":"EPSG:3034","grid_m":50,"scope":"local","tileSource":"contours-local.geojson"},"geometry":{"type":"LineString","coordinates":[[11.690484,55.947121],[11.689654,55.94701],[11.688845,55.947406],[11.6878,55.947251],[11.688834,55.947148],[11.689507,55.946766]]}},{"type":"Feature","properties":{"depth":0.5,"source":"Danmarks Dybdemodel 2024 ddm_50m.dybde","crs_source":"EPSG:3034","grid_m":50,"scope":"local","tileSource":"contours-local.geojson"},"geometry":{"type":"LineString","coordinates":[[11.693793,55.947269],[11.692148,55.947413],[11.691257,55.947207]]}},{"type":"Feature","properties":{"depth":0.5,"source":"Danmarks Dybdemodel 2024 ddm_50m.dybde","crs_source":"EPSG:3034","grid_m":50,"scope":"local","tileSource":"contours-local.geojson"},"geometry":{"type":"LineString","coordinates":[[11.678947,55.945974],[11.678069,55.946325],[11.677267,55.946924],[11.676436,55.946785],[11.674796,55.947046],[11.673722,55.946968],[11.673451,55.946508],[11.67477,55.946409],[11.67558,55.946021],[11.67527,55.945558]]}},{"type":"Feature","properties":{"depth":0.5,"source":"Danmarks Dybdemodel 2024 ddm_50m.dybde","crs_source":"EPSG:3034","grid_m":50,"scope":"local","tileSource":"contours-local.geojson"},"geometry":{"type":"LineString","coordinates":[[11.671968,55.946063],[11.67207,55.946525],[11.670587,55.946544],[11.670625,55.945975],[11.671447,55.945911],[11.671968,55.946063]]}},{"type":"Feature","properties":{"depth":0.5,"source":"Danmarks Dybdemodel 2024 ddm_50m.dybde","crs_source":"EPSG:3034","grid_m":50,"scope":"local","tileSource":"contours-local.geojson"},"geometry":{"type":"LineString","coordinates":[[11.687983,55.946509],[11.687165,55.946688],[11.683857,55.946553],[11.681325,55.945944]]}},{"type":"Feature","properties":{"depth":0.5,"source":"Danmarks Dybdemodel 2024 ddm_50m.dybde","crs_source":"EPSG:3034","grid_m":50,"scope":"local","tileSource":"contours-local.geojson"},"geometry":{"type":"LineString","coordinates":[[11.672235,55.944959],[11.670576,55.944771],[11.669739,55.944492],[11.668911,55.944417],[11.668094,55.944639],[11.667477,55.945194],[11.666396,55.945207],[11.666269,55.944746],[11.66653,55.944279],[11.665556,55.943828],[11.664754,55.943694],[11.664209,55.943382],[11.663826,55.942924],[11.663141,55.942469]]}},{"type":"Feature","properties":{"depth":0.5,"source":"Danmarks Dybdemodel 2024 ddm_50m.dybde","crs_source":"EPSG:3034","grid_m":50,"scope":"local","tileSource":"contours-local.geojson"},"geometry":{"type":"LineString","coordinates":[[11.674726,55.945321],[11.673902,55.945363],[11.672868,55.945125]]}},{"type":"Feature","properties":{"depth":0.5,"source":"Danmarks Dybdemodel 2024 ddm_50m.dybde","crs_source":"EPSG:3034","grid_m":50,"scope":"local","tileSource":"contours-local.geojson"},"geometry":{"type":"LineString","coordinates":[[11.615325,55.945381],[11.614394,55.945392],[11.615282,55.945162],[11.615325,55.945381]]}},{"type":"Feature","properties":{"depth":0.5,"source":"Danmarks Dybdemodel 2024 ddm_50m.dybde","crs_source":"EPSG:3034","grid_m":50,"scope":"local","tileSource":"contours-local.geojson"},"geometry":{"type":"LineString","coordinates":[[11.617364,55.943503],[11.616609,55.943975],[11.616892,55.944116],[11.616986,55.944434],[11.616906,55.944481],[11.615257,55.944523],[11.614419,55.944211]]}},{"type":"Feature","properties":{"depth":0.5,"source":"Danmarks Dybdemodel 2024 ddm_50m.dybde","crs_source":"EPSG:3034","grid_m":50,"scope":"local","tileSource":"contours-local.geojson"},"geometry":{"type":"LineString","coordinates":[[11.62243,55.942977],[11.621808,55.943169],[11.620985,55.943234],[11.619332,55.94319]]}},{"type":"Feature","properties":{"depth":0.5,"source":"Danmarks Dybdemodel 2024 ddm_50m.dybde","crs_source":"EPSG:3034","grid_m":50,"scope":"local","tileSource":"contours-local.geojson"},"geometry":{"type":"LineString","coordinates":[[11.628045,55.940591],[11.62756,55.941061],[11.627587,55.941987],[11.626733,55.942463],[11.625917,55.942692],[11.623442,55.942745]]}},{"type":"Feature","properties":{"depth":0.5,"source":"Danmarks Dybdemodel 2024 ddm_50m.dybde","crs_source":"EPSG:3034","grid_m":50,"scope":"local","tileSource":"contours-local.geojson"},"geometry":{"type":"LineString","coordinates":[[11.658884,55.941409],[11.656403,55.941282],[11.65565,55.94071]]}},{"type":"Feature","properties":{"depth":0.5,"source":"Danmarks Dybdemodel 2024 ddm_50m.dybde","crs_source":"EPSG:3034","grid_m":50,"scope":"local","tileSource":"contours-local.geojson"},"geometry":{"type":"LineString","coordinates":[[11.639209,55.939063],[11.637351,55.939603],[11.636518,55.939412],[11.634864,55.939338],[11.631576,55.939669],[11.629944,55.940143],[11.62912,55.940194],[11.628306,55.940489]]}},{"type":"Feature","properties":{"depth":0.5,"source":"Danmarks Dybdemodel 2024 ddm_50m.dybde","crs_source":"EPSG:3034","grid_m":50,"scope":"local","tileSource":"contours-local.geojson"},"geometry":{"type":"LineString","coordinates":[[11.649741,55.939817],[11.647256,55.939593],[11.645605,55.939603],[11.643941,55.939271],[11.641726,55.939032]]}},{"type":"Feature","properties":{"depth":0.5,"source":"Danmarks Dybdemodel 2024 ddm_50m.dybde","crs_source":"EPSG:3034","grid_m":50,"scope":"local","tileSource":"contours-local.geojson"},"geometry":{"type":"LineString","coordinates":[[11.678435,55.914602],[11.679345,55.914467],[11.68006,55.913977],[11.682532,55.913907],[11.683798,55.91302],[11.684107,55.912552],[11.684058,55.91209],[11.684911,55.911559],[11.686543,55.911113],[11.687367,55.911084],[11.688203,55.911359],[11.688676,55.911104],[11.69034,55.910619],[11.690493,55.910154],[11.690627,55.910121],[11.691678,55.910139],[11.692292,55.910491],[11.69559,55.910464],[11.697442,55.911455],[11.698945,55.911815],[11.700593,55.911772],[11.701292,55.911405],[11.702554,55.911388],[11.703057,55.911513],[11.705518,55.911182],[11.706283,55.910877],[11.706994,55.910404],[11.707429,55.909935],[11.707665,55.909469],[11.707674,55.908542],[11.706682,55.906702],[11.707087,55.906233],[11.707778,55.905985],[11.708582,55.90547],[11.709084,55.904818],[11.709086,55.904354],[11.708504,55.903898],[11.71016,55.903737]]}},{"type":"Feature","properties":{"depth":0.5,"source":"Danmarks Dybdemodel 2024 ddm_50m.dybde","crs_source":"EPSG:3034","grid_m":50,"scope":"local","tileSource":"contours-local.geojson"},"geometry":{"type":"LineString","coordinates":[[11.671659,55.910203],[11.671772,55.910393],[11.672509,55.910826],[11.673341,55.911008],[11.674166,55.911008],[11.67498,55.910738],[11.675094,55.911278],[11.67501,55.911492],[11.674623,55.911747],[11.674696,55.912209]]}},{"type":"Feature","properties":{"depth":0.5,"source":"Danmarks Dybdemodel 2024 ddm_50m.dybde","crs_source":"EPSG:3034","grid_m":50,"scope":"local","tileSource":"contours-local.geojson"},"geometry":{"type":"LineString","coordinates":[[11.671408,55.906228],[11.672066,55.907147],[11.672846,55.9076],[11.672714,55.908065],[11.671764,55.909004],[11.671515,55.90947],[11.671511,55.909933]]}},{"type":"Feature","properties":{"depth":0.5,"source":"Danmarks Dybdemodel 2024 ddm_50m.dybde","crs_source":"EPSG:3034","grid_m":50,"scope":"local","tileSource":"contours-local.geojson"},"geometry":{"type":"LineString","coordinates":[[11.670479,55.901385],[11.67064,55.902068],[11.670582,55.902532],[11.671359,55.902986],[11.671383,55.903449],[11.670589,55.904128]]}},{"type":"Feature","properties":{"depth":0.5,"source":"Danmarks Dybdemodel 2024 ddm_50m.dybde","crs_source":"EPSG:3034","grid_m":50,"scope":"local","tileSource":"contours-local.geojson"},"geometry":{"type":"LineString","coordinates":[[11.667835,55.897148],[11.668581,55.897925],[11.668685,55.898387]]}},{"type":"Feature","properties":{"depth":0.5,"source":"Danmarks Dybdemodel 2024 ddm_50m.dybde","crs_source":"EPSG:3034","grid_m":50,"scope":"local","tileSource":"contours-local.geojson"},"geometry":{"type":"LineString","coordinates":[[11.668425,55.890977],[11.668441,55.891702],[11.667823,55.892375],[11.667685,55.893418],[11.667098,55.893774],[11.666914,55.89424],[11.666975,55.894702],[11.666147,55.895176],[11.666468,55.895635]]}},{"type":"Feature","properties":{"depth":0.5,"source":"Danmarks Dybdemodel 2024 ddm_50m.dybde","crs_source":"EPSG:3034","grid_m":50,"scope":"local","tileSource":"contours-local.geojson"},"geometry":{"type":"LineString","coordinates":[[11.687034,55.875914],[11.686784,55.876462],[11.685163,55.877122],[11.68352,55.877258],[11.682705,55.877493],[11.681892,55.877767],[11.681403,55.878302],[11.681094,55.87841],[11.67943,55.878328],[11.677833,55.879298],[11.676669,55.879753],[11.676447,55.880219],[11.676227,55.880361],[11.675405,55.880418],[11.674591,55.880653],[11.673402,55.881184],[11.673062,55.881652],[11.672178,55.882144],[11.671353,55.882136],[11.670551,55.882611],[11.67034,55.883077],[11.671347,55.884454],[11.671019,55.884921],[11.669855,55.885863],[11.669517,55.88633],[11.669901,55.887023],[11.67034,55.887246],[11.670403,55.887709],[11.669859,55.888179],[11.668991,55.888654],[11.66975,55.889107],[11.669537,55.890037],[11.669203,55.890162]]}},{"type":"Feature","properties":{"depth":0.5,"source":"Danmarks Dybdemodel 2024 ddm_50m.dybde","crs_source":"EPSG:3034","grid_m":50,"scope":"local","tileSource":"contours-local.geojson"},"geometry":{"type":"LineString","coordinates":[[11.699924,55.867871],[11.700376,55.868328],[11.699648,55.868575]]}},{"type":"Feature","properties":{"depth":0.5,"source":"Danmarks Dybdemodel 2024 ddm_50m.dybde","crs_source":"EPSG:3034","grid_m":50,"scope":"local","tileSource":"contours-local.geojson"},"geometry":{"type":"LineString","coordinates":[[11.707131,55.862681],[11.706915,55.863147],[11.706035,55.863586]]}},{"type":"Feature","properties":{"depth":0.5,"source":"Danmarks Dybdemodel 2024 ddm_50m.dybde","crs_source":"EPSG:3034","grid_m":50,"scope":"local","tileSource":"contours-local.geojson"},"geometry":{"type":"LineString","coordinates":[[11.70914,55.858946],[11.709249,55.85941],[11.709973,55.859864],[11.709988,55.860327],[11.709218,55.860828]]}},{"type":"Feature","properties":{"depth":0.5,"source":"Danmarks Dybdemodel 2024 ddm_50m.dybde","crs_source":"EPSG:3034","grid_m":50,"scope":"local","tileSource":"contours-local.geojson"},"geometry":{"type":"LineString","coordinates":[[11.715001,55.851256],[11.714678,55.851462],[11.714265,55.851931],[11.714263,55.852394],[11.714658,55.852853],[11.713833,55.852881]]}},{"type":"Feature","properties":{"depth":1,"source":"Danmarks Dybdemodel 2024 ddm_50m.dybde","crs_source":"EPSG:3034","grid_m":50,"scope":"local","tileSource":"contours-local.geojson"},"geometry":{"type":"LineString","coordinates":[[11.591477,55.961885],[11.591166,55.962099],[11.590346,55.962239],[11.58952,55.962244],[11.588612,55.961919]]}},{"type":"Feature","properties":{"depth":1,"source":"Danmarks Dybdemodel 2024 ddm_50m.dybde","crs_source":"EPSG:3034","grid_m":50,"scope":"local","tileSource":"contours-local.geojson"},"geometry":{"type":"LineString","coordinates":[[11.666079,55.955866],[11.666099,55.956329],[11.665256,55.95634],[11.665243,55.955872],[11.666079,55.955866]]}},{"type":"Feature","properties":{"depth":1,"source":"Danmarks Dybdemodel 2024 ddm_50m.dybde","crs_source":"EPSG:3034","grid_m":50,"scope":"local","tileSource":"contours-local.geojson"},"geometry":{"type":"LineString","coordinates":[[11.603888,55.950153],[11.604369,55.95061],[11.604486,55.951072],[11.603787,55.951544],[11.601781,55.952495],[11.600748,55.953596],[11.599569,55.954375],[11.599374,55.95484],[11.598502,55.955314],[11.597932,55.955784],[11.596754,55.957088]]}},{"type":"Feature","properties":{"depth":1,"source":"Danmarks Dybdemodel 2024 ddm_50m.dybde","crs_source":"EPSG:3034","grid_m":50,"scope":"local","tileSource":"contours-local.geojson"},"geometry":{"type":"LineString","coordinates":[[11.715001,55.953738],[11.714689,55.953468],[11.713859,55.953381],[11.713293,55.952944],[11.713045,55.952484]]}},{"type":"Feature","properties":{"depth":1,"source":"Danmarks Dybdemodel 2024 ddm_50m.dybde","crs_source":"EPSG:3034","grid_m":50,"scope":"local","tileSource":"contours-local.geojson"},"geometry":{"type":"LineString","coordinates":[[11.564544,55.956926],[11.563722,55.957023],[11.563323,55.956663]]}},{"type":"Feature","properties":{"depth":1,"source":"Danmarks Dybdemodel 2024 ddm_50m.dybde","crs_source":"EPSG:3034","grid_m":50,"scope":"local","tileSource":"contours-local.geojson"},"geometry":{"type":"LineString","coordinates":[[11.711319,55.951844],[11.710497,55.951938],[11.708833,55.951636],[11.707898,55.951625],[11.707825,55.951162],[11.707414,55.950704]]}},{"type":"Feature","properties":{"depth":1,"source":"Danmarks Dybdemodel 2024 ddm_50m.dybde","crs_source":"EPSG:3034","grid_m":50,"scope":"local","tileSource":"contours-local.geojson"},"geometry":{"type":"LineString","coordinates":[[11.705473,55.950229],[11.702999,55.950307],[11.702386,55.949843],[11.702085,55.949383],[11.701296,55.949047],[11.700627,55.948939]]}},{"type":"Feature","properties":{"depth":1,"source":"Danmarks Dybdemodel 2024 ddm_50m.dybde","crs_source":"EPSG:3034","grid_m":50,"scope":"local","tileSource":"contours-local.geojson"},"geometry":{"type":"LineString","coordinates":[[11.700464,55.948902],[11.697968,55.948421],[11.697376,55.948518],[11.697372,55.948981],[11.696343,55.949068],[11.696122,55.948997],[11.695943,55.948536],[11.696175,55.94807],[11.695474,55.947991],[11.694619,55.947627]]}},{"type":"Feature","properties":{"depth":1,"source":"Danmarks Dybdemodel 2024 ddm_50m.dybde","crs_source":"EPSG:3034","grid_m":50,"scope":"local","tileSource":"contours-local.geojson"},"geometry":{"type":"LineString","coordinates":[[11.618722,55.943486],[11.617703,55.943746],[11.617352,55.943966],[11.617189,55.944431],[11.615822,55.944911],[11.615581,55.945378],[11.615294,55.945475],[11.614471,55.945556],[11.613869,55.945398],[11.615031,55.944921],[11.614431,55.944519],[11.61117,55.945565],[11.607479,55.947793],[11.606863,55.948727],[11.606699,55.949655],[11.606385,55.9499],[11.60556,55.949918],[11.604724,55.949657]]}},{"type":"Feature","properties":{"depth":1,"source":"Danmarks Dybdemodel 2024 ddm_50m.dybde","crs_source":"EPSG:3034","grid_m":50,"scope":"local","tileSource":"contours-local.geojson"},"geometry":{"type":"LineString","coordinates":[[11.693797,55.947375],[11.692978,55.94753],[11.692166,55.947874],[11.691737,55.948127],[11.691573,55.948592],[11.690547,55.948659],[11.689705,55.948247],[11.688039,55.948175],[11.687995,55.947712],[11.687194,55.947406],[11.685535,55.947218],[11.684716,55.947382],[11.68389,55.947375],[11.683621,55.947305],[11.683191,55.946847],[11.6822,55.946401],[11.68054,55.946182],[11.679724,55.946435],[11.678899,55.946445],[11.67832,55.946909],[11.679241,55.94736],[11.679208,55.947824],[11.678959,55.947929],[11.678119,55.94758],[11.677291,55.947497],[11.673989,55.947528],[11.672315,55.946958],[11.670298,55.946548],[11.670131,55.946087],[11.670382,55.94562],[11.669774,55.945364],[11.668119,55.945249],[11.667297,55.945354],[11.666044,55.945212],[11.665353,55.944757],[11.665266,55.944295],[11.663932,55.943782],[11.663085,55.942933],[11.662247,55.94248]]}},{"type":"Feature","properties":{"depth":1,"source":"Danmarks Dybdemodel 2024 ddm_50m.dybde","crs_source":"EPSG:3034","grid_m":50,"scope":"local","tileSource":"contours-local.geojson"},"geometry":{"type":"LineString","coordinates":[[11.662229,55.942474],[11.661407,55.942572],[11.659753,55.942481],[11.659546,55.942051],[11.658898,55.941757],[11.656409,55.941435],[11.655565,55.940981],[11.654735,55.940856],[11.652254,55.94073],[11.651417,55.94045],[11.648097,55.939998],[11.644857,55.939919],[11.642294,55.939361],[11.639809,55.939136],[11.638675,55.939533],[11.638191,55.939962],[11.637366,55.939989],[11.635707,55.939775],[11.634896,55.940136],[11.634057,55.9398],[11.63323,55.93976],[11.632408,55.93983],[11.62934,55.940575],[11.6285,55.941049],[11.627557,55.942424],[11.62675,55.942898],[11.6251,55.942934],[11.624284,55.943171],[11.623457,55.943119],[11.621821,55.943513],[11.619342,55.943444]]}},{"type":"Feature","properties":{"depth":1,"source":"Danmarks Dybdemodel 2024 ddm_50m.dybde","crs_source":"EPSG:3034","grid_m":50,"scope":"local","tileSource":"contours-local.geojson"},"geometry":{"type":"LineString","coordinates":[[11.677584,55.913952],[11.678421,55.914249],[11.680048,55.913671],[11.68186,55.913508],[11.682113,55.913041],[11.683117,55.912102],[11.684058,55.91085],[11.686479,55.909548],[11.687304,55.909542],[11.688136,55.909727],[11.688956,55.909596],[11.689782,55.909634],[11.692238,55.909179],[11.693067,55.909283],[11.694908,55.909171],[11.6972,55.909503],[11.698023,55.909453],[11.698216,55.909591],[11.698193,55.910055],[11.698389,55.910516],[11.699361,55.910966],[11.70057,55.911232],[11.701399,55.911324],[11.703046,55.911245],[11.704512,55.9109],[11.705412,55.910425],[11.70593,55.909955],[11.706187,55.909488],[11.706246,55.908561],[11.705825,55.90764],[11.704981,55.906724],[11.704399,55.906268],[11.703483,55.905817],[11.703643,55.905703],[11.706113,55.905613],[11.706929,55.905391],[11.707948,55.904832],[11.708319,55.904364],[11.708145,55.903903],[11.70851,55.903729],[11.710148,55.903448]]}},{"type":"Feature","properties":{"depth":1,"source":"Danmarks Dybdemodel 2024 ddm_50m.dybde","crs_source":"EPSG:3034","grid_m":50,"scope":"local","tileSource":"contours-local.geojson"},"geometry":{"type":"LineString","coordinates":[[11.67147,55.905524],[11.672547,55.906677],[11.673773,55.907588],[11.673864,55.90805],[11.673728,55.908515],[11.672762,55.908991],[11.672389,55.909459],[11.672372,55.909922],[11.672737,55.910381],[11.673325,55.910614],[11.674154,55.910711],[11.674975,55.910615],[11.675144,55.910814],[11.67524,55.911276],[11.675066,55.911741],[11.675077,55.912204]]}},{"type":"Feature","properties":{"depth":1,"source":"Danmarks Dybdemodel 2024 ddm_50m.dybde","crs_source":"EPSG:3034","grid_m":50,"scope":"local","tileSource":"contours-local.geojson"},"geometry":{"type":"LineString","coordinates":[[11.669618,55.900484],[11.670875,55.901139],[11.671189,55.901598],[11.671218,55.902524],[11.671654,55.902982],[11.67175,55.903444],[11.671135,55.904379],[11.671023,55.904843],[11.671262,55.905304]]}},{"type":"Feature","properties":{"depth":1,"source":"Danmarks Dybdemodel 2024 ddm_50m.dybde","crs_source":"EPSG:3034","grid_m":50,"scope":"local","tileSource":"contours-local.geojson"},"geometry":{"type":"LineString","coordinates":[[11.710231,55.903413],[11.711771,55.902794],[11.715001,55.90179]]}},{"type":"Feature","properties":{"depth":1,"source":"Danmarks Dybdemodel 2024 ddm_50m.dybde","crs_source":"EPSG:3034","grid_m":50,"scope":"local","tileSource":"contours-local.geojson"},"geometry":{"type":"LineString","coordinates":[[11.668687,55.890974],[11.668711,55.891437],[11.668549,55.891902],[11.667903,55.892837],[11.667935,55.8933],[11.667388,55.894697],[11.666572,55.895171],[11.667195,55.895626],[11.668019,55.896542],[11.669245,55.897453],[11.669554,55.897913],[11.669631,55.898375],[11.668918,55.89931],[11.668905,55.899774],[11.66932,55.900232]]}},{"type":"Feature","properties":{"depth":1,"source":"Danmarks Dybdemodel 2024 ddm_50m.dybde","crs_source":"EPSG:3034","grid_m":50,"scope":"local","tileSource":"contours-local.geojson"},"geometry":{"type":"LineString","coordinates":[[11.688658,55.875429],[11.687777,55.875904],[11.687688,55.876369],[11.688443,55.876716],[11.688534,55.876821],[11.688451,55.876908],[11.687629,55.876977],[11.686006,55.877593],[11.685621,55.877785],[11.685211,55.878316],[11.68355,55.877996],[11.682727,55.878036],[11.681102,55.878605],[11.680276,55.878563],[11.678643,55.878954],[11.677228,55.879746],[11.676877,55.880213],[11.676238,55.880626],[11.674603,55.880963],[11.673669,55.881644],[11.671873,55.882594],[11.671536,55.883061],[11.671509,55.883525],[11.671702,55.883986],[11.6724,55.88444],[11.672466,55.884903],[11.672303,55.885256],[11.671223,55.886309],[11.671543,55.886839],[11.671803,55.887691],[11.670684,55.888169],[11.670357,55.888636],[11.670507,55.889098],[11.670824,55.889458],[11.671124,55.889553],[11.670409,55.890025],[11.669212,55.890388]]}},{"type":"Feature","properties":{"depth":1,"source":"Danmarks Dybdemodel 2024 ddm_50m.dybde","crs_source":"EPSG:3034","grid_m":50,"scope":"local","tileSource":"contours-local.geojson"},"geometry":{"type":"LineString","coordinates":[[11.67569,55.886252],[11.675661,55.886745],[11.674734,55.886727],[11.674664,55.886265],[11.674813,55.88617],[11.67569,55.886252]]}},{"type":"Feature","properties":{"depth":1,"source":"Danmarks Dybdemodel 2024 ddm_50m.dybde","crs_source":"EPSG:3034","grid_m":50,"scope":"local","tileSource":"contours-local.geojson"},"geometry":{"type":"LineString","coordinates":[[11.690802,55.874939],[11.69002,55.874959],[11.689208,55.875253]]}},{"type":"Feature","properties":{"depth":1,"source":"Danmarks Dybdemodel 2024 ddm_50m.dybde","crs_source":"EPSG:3034","grid_m":50,"scope":"local","tileSource":"contours-local.geojson"},"geometry":{"type":"LineString","coordinates":[[11.697855,55.869751],[11.69789,55.870214],[11.697251,55.870415]]}},{"type":"Feature","properties":{"depth":1,"source":"Danmarks Dybdemodel 2024 ddm_50m.dybde","crs_source":"EPSG:3034","grid_m":50,"scope":"local","tileSource":"contours-local.geojson"},"geometry":{"type":"LineString","coordinates":[[11.700348,55.867865],[11.701464,55.868314],[11.701483,55.868777],[11.698846,55.869104]]}},{"type":"Feature","properties":{"depth":1,"source":"Danmarks Dybdemodel 2024 ddm_50m.dybde","crs_source":"EPSG:3034","grid_m":50,"scope":"local","tileSource":"contours-local.geojson"},"geometry":{"type":"LineString","coordinates":[[11.704817,55.864564],[11.704269,55.865498],[11.703699,55.865969],[11.70203,55.866374]]}},{"type":"Feature","properties":{"depth":1,"source":"Danmarks Dybdemodel 2024 ddm_50m.dybde","crs_source":"EPSG:3034","grid_m":50,"scope":"local","tileSource":"contours-local.geojson"},"geometry":{"type":"LineString","coordinates":[[11.707562,55.862675],[11.707878,55.863134],[11.708498,55.863369],[11.709682,55.863574],[11.709626,55.864038],[11.709356,55.864202],[11.708532,55.864196],[11.707693,55.863818],[11.706864,55.863706],[11.706047,55.863861],[11.705237,55.864208]]}},{"type":"Feature","properties":{"depth":1,"source":"Danmarks Dybdemodel 2024 ddm_50m.dybde","crs_source":"EPSG:3034","grid_m":50,"scope":"local","tileSource":"contours-local.geojson"},"geometry":{"type":"LineString","coordinates":[[11.709276,55.858483],[11.709643,55.859405],[11.710218,55.859861],[11.710183,55.860324],[11.710029,55.860518],[11.709226,55.861029]]}},{"type":"Feature","properties":{"depth":1,"source":"Danmarks Dybdemodel 2024 ddm_50m.dybde","crs_source":"EPSG:3034","grid_m":50,"scope":"local","tileSource":"contours-local.geojson"},"geometry":{"type":"LineString","coordinates":[[11.712881,55.854266],[11.712437,55.854735],[11.712311,55.8552],[11.711615,55.855672],[11.711635,55.856135],[11.711503,55.856306],[11.710707,55.856979]]}},{"type":"Feature","properties":{"depth":1,"source":"Danmarks Dybdemodel 2024 ddm_50m.dybde","crs_source":"EPSG:3034","grid_m":50,"scope":"local","tileSource":"contours-local.geojson"},"geometry":{"type":"LineString","coordinates":[[11.715001,55.851885],[11.714952,55.851922],[11.71477,55.852851],[11.713845,55.853163]]}},{"type":"Feature","properties":{"depth":1.5,"source":"Danmarks Dybdemodel 2024 ddm_50m.dybde","crs_source":"EPSG:3034","grid_m":50,"scope":"local","tileSource":"contours-local.geojson"},"geometry":{"type":"LineString","coordinates":[[11.715001,55.954367],[11.71482,55.954314],[11.714703,55.953814],[11.714295,55.953858],[11.713889,55.954098],[11.713826,55.953864],[11.713184,55.953409],[11.712812,55.95295],[11.712503,55.952028]]}},{"type":"Feature","properties":{"depth":1.5,"source":"Danmarks Dybdemodel 2024 ddm_50m.dybde","crs_source":"EPSG:3034","grid_m":50,"scope":"local","tileSource":"contours-local.geojson"},"geometry":{"type":"LineString","coordinates":[[11.59167,55.961882],[11.591171,55.962227],[11.590582,55.962359],[11.59037,55.96288],[11.588512,55.96192]]}},{"type":"Feature","properties":{"depth":1.5,"source":"Danmarks Dybdemodel 2024 ddm_50m.dybde","crs_source":"EPSG:3034","grid_m":50,"scope":"local","tileSource":"contours-local.geojson"},"geometry":{"type":"LineString","coordinates":[[11.595542,55.959983],[11.595234,55.960449],[11.594467,55.960922],[11.594485,55.961385],[11.593616,55.96137]]}},{"type":"Feature","properties":{"depth":1.5,"source":"Danmarks Dybdemodel 2024 ddm_50m.dybde","crs_source":"EPSG:3034","grid_m":50,"scope":"local","tileSource":"contours-local.geojson"},"geometry":{"type":"LineString","coordinates":[[11.576218,55.959931],[11.575094,55.959765],[11.57406,55.959315]]}},{"type":"Feature","properties":{"depth":1.5,"source":"Danmarks Dybdemodel 2024 ddm_50m.dybde","crs_source":"EPSG:3034","grid_m":50,"scope":"local","tileSource":"contours-local.geojson"},"geometry":{"type":"LineString","coordinates":[[11.573713,55.959187],[11.572885,55.959127],[11.572176,55.958874]]}},{"type":"Feature","properties":{"depth":1.5,"source":"Danmarks Dybdemodel 2024 ddm_50m.dybde","crs_source":"EPSG:3034","grid_m":50,"scope":"local","tileSource":"contours-local.geojson"},"geometry":{"type":"LineString","coordinates":[[11.570374,55.958259],[11.569546,55.958193],[11.568857,55.957987]]}},{"type":"Feature","properties":{"depth":1.5,"source":"Danmarks Dybdemodel 2024 ddm_50m.dybde","crs_source":"EPSG:3034","grid_m":50,"scope":"local","tileSource":"contours-local.geojson"},"geometry":{"type":"LineString","coordinates":[[11.693802,55.947481],[11.693182,55.947645],[11.692298,55.94812],[11.691889,55.948588],[11.691378,55.948785],[11.690551,55.948741],[11.689714,55.948481],[11.687713,55.948179],[11.68721,55.947796],[11.686376,55.947604],[11.683896,55.947526],[11.683073,55.947312],[11.682337,55.946858],[11.681378,55.946501],[11.680552,55.946483],[11.67974,55.946821],[11.678826,55.946903],[11.679743,55.947354],[11.679615,55.947819],[11.678966,55.948092],[11.675643,55.947577],[11.674822,55.947701],[11.674009,55.948016],[11.673184,55.948028],[11.67297,55.947904],[11.672703,55.947444],[11.671604,55.946994],[11.670008,55.946551],[11.669636,55.946093],[11.669646,55.945629],[11.668953,55.94546],[11.667303,55.945485],[11.665692,55.945216],[11.663759,55.944314],[11.662902,55.943399],[11.662257,55.943171],[11.65978,55.943169],[11.659505,55.942978],[11.65945,55.942516],[11.658953,55.942059],[11.656415,55.941589],[11.655576,55.94124],[11.653103,55.941335],[11.65226,55.940897],[11.649775,55.940681],[11.648106,55.940213],[11.647277,55.940126],[11.6448,55.94011],[11.643988,55.940441],[11.643162,55.940447],[11.642765,55.939945],[11.641528,55.939497],[11.640642,55.939323],[11.639816,55.939322],[11.639296,55.939525],[11.638755,55.939995],[11.638478,55.940462],[11.638216,55.940597],[11.636546,55.940126],[11.635719,55.940082],[11.634903,55.94031],[11.63324,55.94],[11.632415,55.940023],[11.631608,55.940474],[11.629967,55.940727],[11.629274,55.941039],[11.628869,55.941508],[11.62836,55.941847],[11.628203,55.942442],[11.625949,55.943521],[11.625108,55.943114],[11.624297,55.943505],[11.623468,55.943406],[11.621006,55.943776],[11.618527,55.943718],[11.617715,55.944045],[11.617392,55.944429],[11.61631,55.944905],[11.615836,55.945374],[11.615297,55.945558],[11.614477,55.945701],[11.612818,55.945493],[11.611995,55.945564],[11.611307,55.945893],[11.608152,55.947785],[11.607716,55.948253],[11.606982,55.949652],[11.606393,55.95011],[11.605574,55.950293],[11.605047,55.950602],[11.604994,55.951066],[11.604361,55.951537],[11.603402,55.952012],[11.602349,55.952287],[11.601998,55.952492],[11.601789,55.952958],[11.599787,55.954835],[11.598528,55.955777],[11.598484,55.956241],[11.597562,55.956615],[11.597,55.957185],[11.596874,55.95765],[11.596261,55.958121]]}},{"type":"Feature","properties":{"depth":1.5,"source":"Danmarks Dybdemodel 2024 ddm_50m.dybde","crs_source":"EPSG:3034","grid_m":50,"scope":"local","tileSource":"contours-local.geojson"},"geometry":{"type":"LineString","coordinates":[[11.568711,55.957952],[11.567872,55.957593],[11.566216,55.957466],[11.565741,55.957097]]}},{"type":"Feature","properties":{"depth":1.5,"source":"Danmarks Dybdemodel 2024 ddm_50m.dybde","crs_source":"EPSG:3034","grid_m":50,"scope":"local","tileSource":"contours-local.geojson"},"geometry":{"type":"LineString","coordinates":[[11.666324,55.955863],[11.666386,55.956326],[11.666092,55.956449],[11.665121,55.956342],[11.665057,55.955879],[11.665239,55.955757],[11.666324,55.955863]]}},{"type":"Feature","properties":{"depth":1.5,"source":"Danmarks Dybdemodel 2024 ddm_50m.dybde","crs_source":"EPSG:3034","grid_m":50,"scope":"local","tileSource":"contours-local.geojson"},"geometry":{"type":"LineString","coordinates":[[11.564559,55.957112],[11.563728,55.957202],[11.563434,55.957125],[11.562883,55.956674],[11.561222,55.956419],[11.560869,55.956229]]}},{"type":"Feature","properties":{"depth":1.5,"source":"Danmarks Dybdemodel 2024 ddm_50m.dybde","crs_source":"EPSG:3034","grid_m":50,"scope":"local","tileSource":"contours-local.geojson"},"geometry":{"type":"LineString","coordinates":[[11.711346,55.952043],[11.709699,55.952613],[11.709205,55.952071],[11.70636,55.951718],[11.704567,55.950741],[11.702565,55.950304],[11.701866,55.94985],[11.701687,55.949389],[11.701303,55.949225],[11.700475,55.949159],[11.698807,55.948743],[11.69798,55.948714],[11.697689,55.948977],[11.697173,55.949178],[11.696348,55.949181],[11.695787,55.949001],[11.69429,55.947631]]}},{"type":"Feature","properties":{"depth":1.5,"source":"Danmarks Dybdemodel 2024 ddm_50m.dybde","crs_source":"EPSG:3034","grid_m":50,"scope":"local","tileSource":"contours-local.geojson"},"geometry":{"type":"LineString","coordinates":[[11.614439,55.944719],[11.613942,55.944934],[11.614453,55.945081],[11.614746,55.944924],[11.614439,55.944719]]}},{"type":"Feature","properties":{"depth":1.5,"source":"Danmarks Dybdemodel 2024 ddm_50m.dybde","crs_source":"EPSG:3034","grid_m":50,"scope":"local","tileSource":"contours-local.geojson"},"geometry":{"type":"LineString","coordinates":[[11.67758,55.913839],[11.67841,55.91397],[11.679224,55.91371],[11.681053,55.912592],[11.681568,55.912122],[11.681505,55.911659],[11.682434,55.91148],[11.682788,55.911179],[11.683053,55.910713],[11.6831,55.909786],[11.683188,55.909744],[11.684838,55.909744],[11.685653,55.90951],[11.686459,55.909039],[11.687283,55.909037],[11.688122,55.909381],[11.689405,55.909241],[11.690593,55.908763],[11.691158,55.908292],[11.691156,55.907829],[11.691348,55.907586],[11.692728,55.907809],[11.693044,55.908268],[11.693861,55.908514],[11.694677,55.908314],[11.695486,55.907923],[11.696309,55.907874],[11.696532,55.908223],[11.696598,55.908686],[11.69801,55.909142],[11.698629,55.909586],[11.69851,55.910051],[11.698884,55.91034],[11.701396,55.911249],[11.703039,55.911092],[11.703645,55.910911],[11.704311,55.910439],[11.70475,55.90997],[11.705084,55.909039],[11.705045,55.908576],[11.704643,55.907655],[11.703112,55.905822],[11.703633,55.905451],[11.704986,55.905334],[11.706689,55.904849],[11.707515,55.904375],[11.707786,55.903908],[11.708503,55.903565],[11.710139,55.903221],[11.715001,55.901387]]}},{"type":"Feature","properties":{"depth":1.5,"source":"Danmarks Dybdemodel 2024 ddm_50m.dybde","crs_source":"EPSG:3034","grid_m":50,"scope":"local","tileSource":"contours-local.geojson"},"geometry":{"type":"LineString","coordinates":[[11.669608,55.900243],[11.670815,55.900676],[11.67233,55.902047],[11.671737,55.902518],[11.672115,55.90344],[11.67214,55.903903],[11.671608,55.904836],[11.671744,55.905297],[11.673145,55.906143],[11.673967,55.906087],[11.674209,55.906193],[11.675192,55.90757],[11.675317,55.908032],[11.675151,55.908497],[11.674897,55.908698],[11.673692,55.908979],[11.67314,55.909449],[11.673143,55.909913],[11.673672,55.910369],[11.67497,55.910493],[11.675242,55.910813],[11.675385,55.911274],[11.675193,55.912203]]}},{"type":"Feature","properties":{"depth":1.5,"source":"Danmarks Dybdemodel 2024 ddm_50m.dybde","crs_source":"EPSG:3034","grid_m":50,"scope":"local","tileSource":"contours-local.geojson"},"geometry":{"type":"LineString","coordinates":[[11.698623,55.90588],[11.699182,55.906336],[11.698736,55.906718],[11.69792,55.906928],[11.697093,55.906363],[11.697224,55.905898],[11.697868,55.905664],[11.698623,55.90588]]}},{"type":"Feature","properties":{"depth":1.5,"source":"Danmarks Dybdemodel 2024 ddm_50m.dybde","crs_source":"EPSG:3034","grid_m":50,"scope":"local","tileSource":"contours-local.geojson"},"geometry":{"type":"LineString","coordinates":[[11.668949,55.890971],[11.668919,55.891434],[11.66847,55.892367],[11.668073,55.892835],[11.668132,55.893298],[11.667809,55.894692],[11.667929,55.895617],[11.668311,55.896075],[11.668841,55.896532],[11.670364,55.897439],[11.670453,55.898364],[11.670368,55.89862],[11.670175,55.898831],[11.66956,55.899028],[11.669272,55.899306],[11.66907,55.899772],[11.669592,55.900229]]}},{"type":"Feature","properties":{"depth":1.5,"source":"Danmarks Dybdemodel 2024 ddm_50m.dybde","crs_source":"EPSG:3034","grid_m":50,"scope":"local","tileSource":"contours-local.geojson"},"geometry":{"type":"LineString","coordinates":[[11.689172,55.875423],[11.688344,55.875897],[11.68835,55.87636],[11.688794,55.876818],[11.688461,55.877165],[11.686025,55.878055],[11.685219,55.878506],[11.682747,55.878533],[11.68111,55.878804],[11.679464,55.878866],[11.678648,55.879084],[11.677578,55.879741],[11.677057,55.880489],[11.676781,55.880678],[11.676251,55.88095],[11.674618,55.881341],[11.67435,55.881636],[11.673145,55.882114],[11.672441,55.882587],[11.672,55.883519],[11.672253,55.883979],[11.672796,55.884435],[11.673004,55.884896],[11.673086,55.885358],[11.672984,55.885823],[11.672291,55.886758],[11.672046,55.887688],[11.671114,55.888163],[11.670775,55.888631],[11.670989,55.889091],[11.671956,55.889542],[11.671991,55.890005],[11.67003,55.890227],[11.669223,55.890647]]}},{"type":"Feature","properties":{"depth":1.5,"source":"Danmarks Dybdemodel 2024 ddm_50m.dybde","crs_source":"EPSG:3034","grid_m":50,"scope":"local","tileSource":"contours-local.geojson"},"geometry":{"type":"LineString","coordinates":[[11.675837,55.88625],[11.675856,55.886713],[11.675664,55.886834],[11.674841,55.886866],[11.674431,55.886731],[11.674207,55.886271],[11.674802,55.885892],[11.675632,55.88604],[11.675837,55.88625]]}},{"type":"Feature","properties":{"depth":1.5,"source":"Danmarks Dybdemodel 2024 ddm_50m.dybde","crs_source":"EPSG:3034","grid_m":50,"scope":"local","tileSource":"contours-local.geojson"},"geometry":{"type":"LineString","coordinates":[[11.691106,55.874935],[11.690024,55.875073],[11.689214,55.875409]]}},{"type":"Feature","properties":{"depth":1.5,"source":"Danmarks Dybdemodel 2024 ddm_50m.dybde","crs_source":"EPSG:3034","grid_m":50,"scope":"local","tileSource":"contours-local.geojson"},"geometry":{"type":"LineString","coordinates":[[11.694432,55.872575],[11.694067,55.873152],[11.692458,55.874115]]}},{"type":"Feature","properties":{"depth":1.5,"source":"Danmarks Dybdemodel 2024 ddm_50m.dybde","crs_source":"EPSG:3034","grid_m":50,"scope":"local","tileSource":"contours-local.geojson"},"geometry":{"type":"LineString","coordinates":[[11.705115,55.86456],[11.704697,55.865029],[11.704672,55.865493],[11.704933,55.865953],[11.704501,55.866355],[11.703112,55.866903],[11.702976,55.867368],[11.702855,55.86737],[11.70262,55.866909],[11.702047,55.866793],[11.701235,55.86709],[11.700807,55.867396],[11.70061,55.867862],[11.701651,55.868312],[11.70167,55.868775],[11.701312,55.86896],[11.698855,55.869329],[11.698222,55.869746],[11.69826,55.870209],[11.69726,55.870624]]}},{"type":"Feature","properties":{"depth":1.5,"source":"Danmarks Dybdemodel 2024 ddm_50m.dybde","crs_source":"EPSG:3034","grid_m":50,"scope":"local","tileSource":"contours-local.geojson"},"geometry":{"type":"LineString","coordinates":[[11.707858,55.862208],[11.707854,55.862671],[11.708451,55.863127],[11.710044,55.86357],[11.709911,55.864035],[11.709363,55.864368],[11.708538,55.864343],[11.706875,55.863962],[11.706057,55.864104],[11.705247,55.864448]]}},{"type":"Feature","properties":{"depth":1.5,"source":"Danmarks Dybdemodel 2024 ddm_50m.dybde","crs_source":"EPSG:3034","grid_m":50,"scope":"local","tileSource":"contours-local.geojson"},"geometry":{"type":"LineString","coordinates":[[11.710584,55.857539],[11.710504,55.858004],[11.709926,55.858938],[11.710019,55.8594],[11.710437,55.859858],[11.710347,55.860322],[11.710037,55.860714],[11.709234,55.86123]]}},{"type":"Feature","properties":{"depth":1.5,"source":"Danmarks Dybdemodel 2024 ddm_50m.dybde","crs_source":"EPSG:3034","grid_m":50,"scope":"local","tileSource":"contours-local.geojson"},"geometry":{"type":"LineString","coordinates":[[11.715001,55.852758],[11.714664,55.853064],[11.713974,55.853325],[11.713228,55.854261],[11.712617,55.854733],[11.712422,55.855198],[11.711781,55.85567],[11.7119,55.856132],[11.710722,55.857344]]}},{"type":"Feature","properties":{"depth":2,"source":"Danmarks Dybdemodel 2024 ddm_50m.dybde","crs_source":"EPSG:3034","grid_m":50,"scope":"local","tileSource":"contours-local.geojson"},"geometry":{"type":"LineString","coordinates":[[11.715001,55.954585],[11.71473,55.95447],[11.7137,55.954329],[11.713345,55.95387],[11.712581,55.953417],[11.712305,55.952957],[11.712272,55.952031]]}},{"type":"Feature","properties":{"depth":2,"source":"Danmarks Dybdemodel 2024 ddm_50m.dybde","crs_source":"EPSG:3034","grid_m":50,"scope":"local","tileSource":"contours-local.geojson"},"geometry":{"type":"LineString","coordinates":[[11.591864,55.96188],[11.590376,55.963027],[11.589538,55.962714],[11.588413,55.961922]]}},{"type":"Feature","properties":{"depth":2,"source":"Danmarks Dybdemodel 2024 ddm_50m.dybde","crs_source":"EPSG:3034","grid_m":50,"scope":"local","tileSource":"contours-local.geojson"},"geometry":{"type":"LineString","coordinates":[[11.586522,55.962408],[11.586231,55.962612],[11.585405,55.962624],[11.58374,55.962277],[11.582065,55.961655],[11.581323,55.961544]]}},{"type":"Feature","properties":{"depth":2,"source":"Danmarks Dybdemodel 2024 ddm_50m.dybde","crs_source":"EPSG:3034","grid_m":50,"scope":"local","tileSource":"contours-local.geojson"},"geometry":{"type":"LineString","coordinates":[[11.59566,55.959981],[11.595449,55.960447],[11.594709,55.960919],[11.594728,55.961382],[11.594448,55.96154],[11.593623,55.961551],[11.593137,55.961401]]}},{"type":"Feature","properties":{"depth":2,"source":"Danmarks Dybdemodel 2024 ddm_50m.dybde","crs_source":"EPSG:3034","grid_m":50,"scope":"local","tileSource":"contours-local.geojson"},"geometry":{"type":"LineString","coordinates":[[11.581234,55.96152],[11.580403,55.961381],[11.579563,55.961014],[11.578735,55.96095],[11.576232,55.960276],[11.575393,55.959933],[11.572849,55.959792],[11.572648,55.959331],[11.572061,55.95918],[11.571582,55.958881],[11.571272,55.958421]]}},{"type":"Feature","properties":{"depth":2,"source":"Danmarks Dybdemodel 2024 ddm_50m.dybde","crs_source":"EPSG:3034","grid_m":50,"scope":"local","tileSource":"contours-local.geojson"},"geometry":{"type":"LineString","coordinates":[[11.57038,55.9584],[11.569554,55.958403],[11.568721,55.958217],[11.567878,55.957747],[11.567056,55.957844],[11.566227,55.95776],[11.565725,55.957561],[11.565445,55.957101]]}},{"type":"Feature","properties":{"depth":2,"source":"Danmarks Dybdemodel 2024 ddm_50m.dybde","crs_source":"EPSG:3034","grid_m":50,"scope":"local","tileSource":"contours-local.geojson"},"geometry":{"type":"LineString","coordinates":[[11.693806,55.947588],[11.69275,55.948114],[11.692196,55.948591],[11.691383,55.948901],[11.688058,55.948363],[11.686388,55.947888],[11.684728,55.947671],[11.683075,55.947633],[11.682242,55.947444],[11.682023,55.947325],[11.681726,55.946866],[11.681387,55.946735],[11.680562,55.946735],[11.680227,55.946885],[11.680386,55.947346],[11.680199,55.947812],[11.678972,55.948255],[11.677314,55.948069],[11.675647,55.947682],[11.674021,55.948316],[11.673196,55.948334],[11.671225,55.946999],[11.669474,55.946558],[11.668984,55.946233],[11.668153,55.946113],[11.668132,55.945649],[11.665648,55.945401],[11.66326,55.944321],[11.662276,55.943406],[11.659788,55.943368],[11.659232,55.942982],[11.659138,55.942519],[11.658397,55.942066],[11.656423,55.941787],[11.655583,55.941418],[11.653938,55.941565],[11.653108,55.94147],[11.652266,55.941047],[11.649786,55.940948],[11.647284,55.940307],[11.644808,55.940308],[11.643993,55.940577],[11.643167,55.940573],[11.642691,55.940409],[11.642324,55.94012],[11.641491,55.939928],[11.640649,55.939498],[11.639794,55.939519],[11.639551,55.939985],[11.639024,55.940162],[11.638761,55.940458],[11.638221,55.940736],[11.637393,55.940675],[11.635726,55.940265],[11.63491,55.940483],[11.633247,55.940195],[11.632443,55.940736],[11.629936,55.941031],[11.629835,55.941496],[11.629519,55.941963],[11.629495,55.942426],[11.62839,55.942621],[11.625954,55.943654],[11.625114,55.94329],[11.624306,55.943731],[11.622653,55.943673],[11.620195,55.944139],[11.619361,55.943926],[11.618536,55.943937],[11.617723,55.944273],[11.616091,55.945371],[11.6153,55.945641],[11.613662,55.945969],[11.611965,55.945885],[11.611451,55.946355],[11.608781,55.947823],[11.608225,55.948247],[11.608067,55.948712],[11.60772,55.94918],[11.606671,55.950119],[11.60641,55.950562],[11.605559,55.950596],[11.605575,55.951059],[11.605027,55.951529],[11.603991,55.952056],[11.602216,55.95249],[11.602144,55.952954],[11.601121,55.953893],[11.600781,55.95444],[11.599507,55.955302],[11.599009,55.955771],[11.598791,55.956237],[11.597724,55.956713],[11.597313,55.957182],[11.597216,55.957646],[11.596563,55.958117]]}},{"type":"Feature","properties":{"depth":2,"source":"Danmarks Dybdemodel 2024 ddm_50m.dybde","crs_source":"EPSG:3034","grid_m":50,"scope":"local","tileSource":"contours-local.geojson"},"geometry":{"type":"LineString","coordinates":[[11.66657,55.95586],[11.666672,55.956322],[11.666097,55.956563],[11.665269,55.956524],[11.664986,55.956343],[11.664878,55.955882],[11.665234,55.955641],[11.66606,55.955655],[11.66657,55.95586]]}},{"type":"Feature","properties":{"depth":2,"source":"Danmarks Dybdemodel 2024 ddm_50m.dybde","crs_source":"EPSG:3034","grid_m":50,"scope":"local","tileSource":"contours-local.geojson"},"geometry":{"type":"LineString","coordinates":[[11.565223,55.957104],[11.564559,55.957321],[11.563732,55.957308],[11.56206,55.956755],[11.561232,55.956679],[11.560405,55.956234]]}},{"type":"Feature","properties":{"depth":2,"source":"Danmarks Dybdemodel 2024 ddm_50m.dybde","crs_source":"EPSG:3034","grid_m":50,"scope":"local","tileSource":"contours-local.geojson"},"geometry":{"type":"LineString","coordinates":[[11.560389,55.95623],[11.559562,55.956193],[11.558455,55.955794]]}},{"type":"Feature","properties":{"depth":2,"source":"Danmarks Dybdemodel 2024 ddm_50m.dybde","crs_source":"EPSG:3034","grid_m":50,"scope":"local","tileSource":"contours-local.geojson"},"geometry":{"type":"LineString","coordinates":[[11.711877,55.952036],[11.71134,55.952352],[11.709707,55.952791],[11.708858,55.952244],[11.706366,55.951875],[11.705699,55.951653],[11.703855,55.95075],[11.702154,55.950309],[11.700486,55.949424],[11.699654,55.949274],[11.698802,55.949426],[11.697991,55.94899],[11.697178,55.949296],[11.696352,55.949295],[11.695517,55.949044],[11.694178,55.948096],[11.693961,55.947635]]}},{"type":"Feature","properties":{"depth":2,"source":"Danmarks Dybdemodel 2024 ddm_50m.dybde","crs_source":"EPSG:3034","grid_m":50,"scope":"local","tileSource":"contours-local.geojson"},"geometry":{"type":"LineString","coordinates":[[11.677575,55.913727],[11.678403,55.913792],[11.67901,55.913544],[11.68026,55.912602],[11.680813,55.912131],[11.681056,55.911665],[11.681942,55.91119],[11.682404,55.910746],[11.682725,55.90979],[11.683181,55.909573],[11.684008,55.909623],[11.685279,55.909294],[11.68584,55.908824],[11.685262,55.907905],[11.685582,55.907774],[11.687226,55.907617],[11.687715,55.907873],[11.688123,55.908331],[11.688914,55.908573],[11.68974,55.908598],[11.690301,55.908303],[11.690321,55.90784],[11.688911,55.906931],[11.689664,55.906733],[11.693801,55.907051],[11.695432,55.906594],[11.697036,55.905488],[11.697856,55.905382],[11.698685,55.905483],[11.699525,55.905854],[11.699798,55.906328],[11.699477,55.906795],[11.698766,55.907449],[11.697926,55.907742],[11.697368,55.908212],[11.697475,55.908674],[11.69877,55.909121],[11.699125,55.90958],[11.698874,55.910083],[11.6997,55.910108],[11.700013,55.910495],[11.700777,55.910948],[11.701393,55.911174],[11.702217,55.911164],[11.703105,55.910918],[11.703852,55.909982],[11.704066,55.909052],[11.703772,55.90813],[11.703071,55.907212],[11.7027,55.90629],[11.702739,55.905826],[11.703131,55.905358],[11.703619,55.90513],[11.704445,55.905156],[11.706073,55.904632],[11.708496,55.903392],[11.710272,55.902949],[11.714621,55.901039],[11.715001,55.900827]]}},{"type":"Feature","properties":{"depth":2,"source":"Danmarks Dybdemodel 2024 ddm_50m.dybde","crs_source":"EPSG:3034","grid_m":50,"scope":"local","tileSource":"contours-local.geojson"},"geometry":{"type":"LineString","coordinates":[[11.66921,55.890967],[11.669126,55.891432],[11.668244,55.892833],[11.668392,55.893758],[11.66828,55.894686],[11.668607,55.895608],[11.669049,55.896066],[11.6703,55.89693],[11.670626,55.897436],[11.670659,55.897898],[11.67087,55.898359],[11.671397,55.898816],[11.671215,55.899175],[11.67039,55.899168],[11.669572,55.899334],[11.669235,55.89977],[11.669602,55.900087],[11.67127,55.90054],[11.672128,55.901364],[11.672551,55.902044],[11.672201,55.902512],[11.672233,55.902975],[11.672657,55.903896],[11.672159,55.904829],[11.672198,55.905292],[11.673947,55.905572],[11.675631,55.906175],[11.676465,55.906654],[11.676691,55.907088],[11.676686,55.907551],[11.676512,55.907841],[11.6757,55.908157],[11.674907,55.908938],[11.673787,55.909441],[11.673746,55.909905],[11.674132,55.910172],[11.674965,55.910371],[11.67534,55.910811],[11.67553,55.911272],[11.67531,55.912202]]}},{"type":"Feature","properties":{"depth":2,"source":"Danmarks Dybdemodel 2024 ddm_50m.dybde","crs_source":"EPSG:3034","grid_m":50,"scope":"local","tileSource":"contours-local.geojson"},"geometry":{"type":"LineString","coordinates":[[11.69137,55.874931],[11.690851,55.875134],[11.690029,55.875187],[11.688699,55.875892],[11.688765,55.876355],[11.689053,55.876814],[11.688478,55.877571],[11.685226,55.878695],[11.683588,55.878936],[11.682778,55.879289],[11.681954,55.879296],[11.681118,55.879017],[11.679467,55.87894],[11.678654,55.879215],[11.677897,55.879737],[11.677397,55.88067],[11.676527,55.881145],[11.67627,55.881429],[11.675458,55.881733],[11.67382,55.881981],[11.672806,55.882582],[11.672375,55.883514],[11.672655,55.883974],[11.673954,55.885302],[11.675626,55.885881],[11.675984,55.886248],[11.676003,55.886711],[11.675668,55.886922],[11.674845,55.88697],[11.674128,55.886735],[11.674004,55.886543],[11.673182,55.886614],[11.672542,55.887218],[11.672289,55.887685],[11.671502,55.888158],[11.671103,55.888627],[11.671379,55.889086],[11.672368,55.889537],[11.672426,55.89],[11.671679,55.890231],[11.670037,55.890386],[11.669234,55.890939]]}},{"type":"Feature","properties":{"depth":2,"source":"Danmarks Dybdemodel 2024 ddm_50m.dybde","crs_source":"EPSG:3034","grid_m":50,"scope":"local","tileSource":"contours-local.geojson"},"geometry":{"type":"LineString","coordinates":[[11.694676,55.872572],[11.694206,55.873505],[11.693271,55.873844],[11.692466,55.874306]]}},{"type":"Feature","properties":{"depth":2,"source":"Danmarks Dybdemodel 2024 ddm_50m.dybde","crs_source":"EPSG:3034","grid_m":50,"scope":"local","tileSource":"contours-local.geojson"},"geometry":{"type":"LineString","coordinates":[[11.707998,55.862206],[11.708112,55.862668],[11.708481,55.86294],[11.710146,55.863359],[11.710527,55.863563],[11.710214,55.864031],[11.709371,55.864544],[11.706883,55.864164],[11.706065,55.864297],[11.705493,55.864555],[11.704934,55.865026],[11.704972,55.865489],[11.706375,55.866397],[11.706157,55.866539],[11.705336,55.866612],[11.704522,55.866869],[11.702906,55.867632],[11.702057,55.867028],[11.701246,55.867344],[11.700826,55.867859],[11.701838,55.868309],[11.701857,55.868773],[11.701316,55.869053],[11.699683,55.86943],[11.698862,55.869496],[11.698487,55.869743],[11.698517,55.870206],[11.698081,55.870541],[11.697268,55.87083],[11.696464,55.871324]]}},{"type":"Feature","properties":{"depth":2,"source":"Danmarks Dybdemodel 2024 ddm_50m.dybde","crs_source":"EPSG:3034","grid_m":50,"scope":"local","tileSource":"contours-local.geojson"},"geometry":{"type":"LineString","coordinates":[[11.715001,55.852886],[11.714669,55.853169],[11.714266,55.853321],[11.71469,55.853681],[11.715001,55.85374]]}},{"type":"Feature","properties":{"depth":2,"source":"Danmarks Dybdemodel 2024 ddm_50m.dybde","crs_source":"EPSG:3034","grid_m":50,"scope":"local","tileSource":"contours-local.geojson"},"geometry":{"type":"LineString","coordinates":[[11.715001,55.854299],[11.714832,55.85424],[11.714702,55.853976],[11.713872,55.853813],[11.712796,55.85473],[11.712533,55.855197],[11.711946,55.855668],[11.712166,55.856129],[11.712032,55.856594],[11.711331,55.857066],[11.711044,55.857533],[11.71099,55.857997],[11.710393,55.858932],[11.71028,55.859396],[11.710657,55.859855],[11.710512,55.86032],[11.710232,55.860787],[11.709238,55.861317]]}},{"type":"Feature","properties":{"depth":2.5,"source":"Danmarks Dybdemodel 2024 ddm_50m.dybde","crs_source":"EPSG:3034","grid_m":50,"scope":"local","tileSource":"contours-local.geojson"},"geometry":{"type":"LineString","coordinates":[[11.715001,55.954754],[11.714737,55.954643],[11.713907,55.954524],[11.713058,55.953957],[11.711938,55.953425],[11.711762,55.952964],[11.711354,55.952692],[11.710539,55.952946],[11.709714,55.952969],[11.708869,55.952506],[11.706373,55.952031],[11.705175,55.95166],[11.703853,55.951002],[11.701649,55.950316],[11.7005,55.949771],[11.699665,55.949533],[11.698839,55.949542],[11.698005,55.949329],[11.696357,55.949408],[11.695525,55.949246],[11.694902,55.949013],[11.693835,55.948295],[11.693007,55.948248],[11.692205,55.948813],[11.691387,55.949017],[11.689731,55.948879],[11.687229,55.948279],[11.684738,55.947915],[11.682262,55.947949],[11.681452,55.948321],[11.680608,55.947868],[11.678173,55.948898],[11.677347,55.948897],[11.676988,55.948779],[11.677149,55.948314],[11.675651,55.947787],[11.675343,55.947873],[11.674851,55.948428],[11.674037,55.948699],[11.673213,55.94875],[11.671521,55.947728],[11.670913,55.947003],[11.669839,55.946971],[11.668174,55.946628],[11.66704,55.945663],[11.66648,55.945554],[11.665657,55.945616],[11.664821,55.945347],[11.663138,55.944576],[11.662258,55.94387],[11.661447,55.943569],[11.660626,55.94368],[11.659798,55.943618],[11.658959,55.942985],[11.658843,55.942523],[11.658088,55.942131],[11.656431,55.941999],[11.65559,55.941596],[11.65478,55.941985],[11.653114,55.941605],[11.652272,55.941198],[11.649795,55.941166],[11.647291,55.940477],[11.644814,55.940458],[11.643998,55.940714],[11.643172,55.940698],[11.641502,55.940202],[11.63985,55.940186],[11.638227,55.940876],[11.637403,55.940922],[11.636574,55.940815],[11.635734,55.940448],[11.634921,55.940776],[11.634092,55.940691],[11.633254,55.940373],[11.632477,55.941],[11.631636,55.941198],[11.630319,55.941953],[11.629882,55.942422],[11.626769,55.94339],[11.625959,55.943786],[11.625143,55.944016],[11.621836,55.943879],[11.621029,55.944362],[11.62021,55.944523],[11.619401,55.944953],[11.616929,55.945071],[11.616624,55.945365],[11.614806,55.94585],[11.614494,55.946123],[11.612745,55.946339],[11.61123,55.94711],[11.610408,55.947215],[11.610037,55.947762],[11.609614,55.94801],[11.60868,55.948242],[11.608662,55.948705],[11.608282,55.949173],[11.606967,55.950115],[11.606956,55.951042],[11.606495,55.951511],[11.604811,55.951918],[11.603688,55.952935],[11.60321,55.953215],[11.601582,55.95381],[11.601458,55.954352],[11.600806,55.955094],[11.599986,55.955234],[11.599646,55.955764],[11.599098,55.956233],[11.597944,55.956711],[11.597559,55.957642],[11.597002,55.958112],[11.597065,55.958574],[11.596817,55.95873]]}},{"type":"Feature","properties":{"depth":2.5,"source":"Danmarks Dybdemodel 2024 ddm_50m.dybde","crs_source":"EPSG:3034","grid_m":50,"scope":"local","tileSource":"contours-local.geojson"},"geometry":{"type":"LineString","coordinates":[[11.586939,55.962403],[11.586242,55.962905],[11.585414,55.962861],[11.582911,55.962191],[11.582068,55.961746],[11.579585,55.96158],[11.578742,55.96113],[11.576237,55.96043],[11.575397,55.960057],[11.572507,55.959796],[11.57039,55.958656],[11.569567,55.958741],[11.568536,55.958454],[11.567884,55.957901],[11.567068,55.958177],[11.565844,55.958023],[11.564803,55.957572],[11.561245,55.957033],[11.558737,55.956207],[11.558113,55.955798]]}},{"type":"Feature","properties":{"depth":2.5,"source":"Danmarks Dybdemodel 2024 ddm_50m.dybde","crs_source":"EPSG:3034","grid_m":50,"scope":"local","tileSource":"contours-local.geojson"},"geometry":{"type":"LineString","coordinates":[[11.595777,55.95998],[11.595665,55.960444],[11.594951,55.960916],[11.594971,55.961379],[11.594453,55.961672],[11.591991,55.962066],[11.590382,55.963173],[11.589547,55.962956],[11.588313,55.961923]]}},{"type":"Feature","properties":{"depth":2.5,"source":"Danmarks Dybdemodel 2024 ddm_50m.dybde","crs_source":"EPSG:3034","grid_m":50,"scope":"local","tileSource":"contours-local.geojson"},"geometry":{"type":"LineString","coordinates":[[11.666815,55.955857],[11.666978,55.956318],[11.666101,55.956677],[11.665273,55.956614],[11.664851,55.956345],[11.664699,55.955884],[11.665229,55.955525],[11.666056,55.955551],[11.666815,55.955857]]}},{"type":"Feature","properties":{"depth":2.5,"source":"Danmarks Dybdemodel 2024 ddm_50m.dybde","crs_source":"EPSG:3034","grid_m":50,"scope":"local","tileSource":"contours-local.geojson"},"geometry":{"type":"LineString","coordinates":[[11.677571,55.913614],[11.678552,55.91355],[11.678745,55.913084],[11.680186,55.912139],[11.68078,55.911394],[11.681988,55.910726],[11.682054,55.910262],[11.682365,55.909782],[11.683174,55.909402],[11.684003,55.909501],[11.684647,55.909303],[11.685054,55.908834],[11.684734,55.907912],[11.686108,55.907431],[11.68638,55.907113],[11.68801,55.906634],[11.689651,55.906402],[11.690482,55.906568],[11.692116,55.906195],[11.692938,55.906109],[11.693766,55.906199],[11.695396,55.90573],[11.696197,55.905135],[11.697016,55.904995],[11.697841,55.904994],[11.699501,55.905253],[11.700395,55.905857],[11.701206,55.906603],[11.701578,55.906305],[11.702014,55.906205],[11.702361,55.905831],[11.702418,55.905367],[11.702784,55.904881],[11.703606,55.904793],[11.704433,55.904869],[11.705623,55.904399],[11.70605,55.904058],[11.706871,55.903972],[11.708488,55.90318],[11.71012,55.902762],[11.714421,55.900578],[11.714877,55.900109],[11.715001,55.89982]]}},{"type":"Feature","properties":{"depth":2.5,"source":"Danmarks Dybdemodel 2024 ddm_50m.dybde","crs_source":"EPSG:3034","grid_m":50,"scope":"local","tileSource":"contours-local.geojson"},"geometry":{"type":"LineString","coordinates":[[11.691635,55.874928],[11.690855,55.875232],[11.690034,55.875301],[11.689027,55.875888],[11.689324,55.876811],[11.689307,55.877703],[11.688498,55.87808],[11.682784,55.879437],[11.68196,55.879436],[11.67947,55.879013],[11.678787,55.879262],[11.67811,55.879734],[11.677961,55.8802],[11.677956,55.881126],[11.677079,55.882064],[11.676308,55.882355],[11.675478,55.882208],[11.673827,55.882161],[11.673133,55.882578],[11.67277,55.883046],[11.672645,55.883511],[11.673927,55.884645],[11.675615,55.885607],[11.676131,55.886246],[11.67615,55.886709],[11.675671,55.887011],[11.67485,55.887075],[11.674017,55.886867],[11.673199,55.887027],[11.671427,55.888623],[11.671776,55.889081],[11.672983,55.889529],[11.673028,55.889992],[11.671684,55.890358],[11.670043,55.890537],[11.669419,55.890965],[11.669311,55.891429],[11.668414,55.892831],[11.668755,55.893753],[11.668831,55.894679],[11.669173,55.895601],[11.670276,55.896344],[11.670709,55.896971],[11.670932,55.897895],[11.671764,55.898811],[11.67185,55.899737],[11.672169,55.900196],[11.671995,55.900661],[11.672663,55.901579],[11.672772,55.902041],[11.672456,55.902509],[11.672552,55.902971],[11.673048,55.903729],[11.674017,55.903879],[11.674084,55.904341],[11.673918,55.904851],[11.674758,55.905236],[11.676837,55.905696],[11.677089,55.906156],[11.676985,55.907547],[11.6766,55.908479],[11.676608,55.908942],[11.674919,55.909232],[11.67446,55.909433],[11.674231,55.909899],[11.675198,55.91035],[11.675438,55.91081],[11.675676,55.91127],[11.675426,55.9122]]}},{"type":"Feature","properties":{"depth":2.5,"source":"Danmarks Dybdemodel 2024 ddm_50m.dybde","crs_source":"EPSG:3034","grid_m":50,"scope":"local","tileSource":"contours-local.geojson"},"geometry":{"type":"LineString","coordinates":[[11.701238,55.907396],[11.700414,55.907414],[11.699611,55.907953],[11.699145,55.908653],[11.699933,55.910032],[11.700971,55.910946],[11.70139,55.9111],[11.702214,55.911089],[11.702794,55.910922],[11.703131,55.909991],[11.703117,55.909065],[11.702868,55.908605],[11.702394,55.908147],[11.701238,55.907396]]}},{"type":"Feature","properties":{"depth":2.5,"source":"Danmarks Dybdemodel 2024 ddm_50m.dybde","crs_source":"EPSG:3034","grid_m":50,"scope":"local","tileSource":"contours-local.geojson"},"geometry":{"type":"LineString","coordinates":[[11.693765,55.904552],[11.692871,55.905027],[11.692858,55.904564],[11.693765,55.904552]]}},{"type":"Feature","properties":{"depth":2.5,"source":"Danmarks Dybdemodel 2024 ddm_50m.dybde","crs_source":"EPSG:3034","grid_m":50,"scope":"local","tileSource":"contours-local.geojson"},"geometry":{"type":"LineString","coordinates":[[11.670409,55.899632],[11.66958,55.899534],[11.6694,55.899768],[11.669596,55.899938],[11.670719,55.899751],[11.670409,55.899632]]}},{"type":"Feature","properties":{"depth":2.5,"source":"Danmarks Dybdemodel 2024 ddm_50m.dybde","crs_source":"EPSG:3034","grid_m":50,"scope":"local","tileSource":"contours-local.geojson"},"geometry":{"type":"LineString","coordinates":[[11.695665,55.872096],[11.694913,55.872569],[11.69459,55.873036],[11.694906,55.873523],[11.693279,55.874039],[11.691666,55.874912]]}},{"type":"Feature","properties":{"depth":2.5,"source":"Danmarks Dybdemodel 2024 ddm_50m.dybde","crs_source":"EPSG:3034","grid_m":50,"scope":"local","tileSource":"contours-local.geojson"},"geometry":{"type":"LineString","coordinates":[[11.708139,55.862204],[11.708472,55.862741],[11.709307,55.862997],[11.710365,55.863102],[11.711079,55.863556],[11.710715,55.864024],[11.70938,55.864776],[11.70689,55.864324],[11.705939,55.86455],[11.705172,55.865023],[11.705272,55.865485],[11.706775,55.866392],[11.706167,55.866786],[11.703724,55.867503],[11.702918,55.867927],[11.702064,55.8672],[11.70161,55.867386],[11.701041,55.867856],[11.702026,55.868307],[11.702044,55.86877],[11.70132,55.869146],[11.699692,55.869635],[11.698869,55.869663],[11.698752,55.869739],[11.698774,55.870202],[11.698187,55.870673],[11.697277,55.871035],[11.696473,55.871544]]}},{"type":"Feature","properties":{"depth":2.5,"source":"Danmarks Dybdemodel 2024 ddm_50m.dybde","crs_source":"EPSG:3034","grid_m":50,"scope":"local","tileSource":"contours-local.geojson"},"geometry":{"type":"LineString","coordinates":[[11.715001,55.852965],[11.714558,55.853317],[11.715001,55.853507]]}},{"type":"Feature","properties":{"depth":2.5,"source":"Danmarks Dybdemodel 2024 ddm_50m.dybde","crs_source":"EPSG:3034","grid_m":50,"scope":"local","tileSource":"contours-local.geojson"},"geometry":{"type":"LineString","coordinates":[[11.715001,55.854391],[11.71388,55.854012],[11.712975,55.854728],[11.712112,55.855666],[11.712314,55.856002],[11.712544,55.856124],[11.712564,55.856587],[11.71202,55.857057],[11.711025,55.858923],[11.71079,55.858992],[11.710541,55.859393],[11.710979,55.859851],[11.710829,55.859939],[11.710545,55.860783],[11.70924,55.861382]]}},{"type":"Feature","properties":{"depth":3,"source":"Danmarks Dybdemodel 2024 ddm_50m.dybde","crs_source":"EPSG:3034","grid_m":50,"scope":"local","tileSource":"contours-local.geojson"},"geometry":{"type":"LineString","coordinates":[[11.715001,55.954954],[11.71464,55.95478],[11.713911,55.954628],[11.712225,55.953798],[11.711388,55.953507],[11.710562,55.9535],[11.709726,55.953266],[11.708898,55.953203],[11.708051,55.95269],[11.704708,55.95171],[11.703023,55.950887],[11.701014,55.950324],[11.699674,55.949756],[11.698014,55.949548],[11.695533,55.949448],[11.694345,55.94902],[11.693852,55.948713],[11.69302,55.94856],[11.692214,55.949035],[11.691396,55.949218],[11.690561,55.948989],[11.689738,55.949065],[11.688908,55.948962],[11.688066,55.948548],[11.683924,55.948206],[11.683097,55.948184],[11.681458,55.948466],[11.680614,55.948013],[11.680004,55.948277],[11.679809,55.948517],[11.679002,55.948998],[11.678186,55.949213],[11.676528,55.949053],[11.675689,55.948721],[11.674056,55.949178],[11.672403,55.94913],[11.671696,55.948846],[11.670691,55.947634],[11.669958,55.947479],[11.668209,55.947482],[11.667391,55.947673],[11.664717,55.947545],[11.664665,55.947082],[11.664883,55.946892],[11.666527,55.946736],[11.666787,55.946129],[11.666643,55.945668],[11.666185,55.945673],[11.665671,55.945975],[11.664833,55.945651],[11.663983,55.945056],[11.662848,55.944789],[11.662155,55.944334],[11.661862,55.943875],[11.661453,55.943723],[11.660637,55.943953],[11.659809,55.943895],[11.658927,55.943449],[11.658663,55.942989],[11.658581,55.942526],[11.658093,55.942273],[11.654791,55.942273],[11.653121,55.941779],[11.652277,55.94132],[11.649803,55.94139],[11.648974,55.941283],[11.647297,55.940642],[11.644819,55.940577],[11.644004,55.94085],[11.643177,55.940823],[11.642341,55.940554],[11.640685,55.940414],[11.639042,55.94062],[11.638235,55.941081],[11.637414,55.941187],[11.633281,55.941044],[11.63192,55.94147],[11.631807,55.941935],[11.631668,55.941999],[11.630844,55.942039],[11.630462,55.942414],[11.63004,55.942589],[11.626774,55.943503],[11.625162,55.944501],[11.623503,55.944295],[11.621041,55.944675],[11.618592,55.945373],[11.61515,55.945846],[11.614842,55.946313],[11.614509,55.946509],[11.613181,55.946797],[11.61288,55.947087],[11.611261,55.947912],[11.610468,55.948765],[11.608476,55.949634],[11.608237,55.950563],[11.608362,55.951025],[11.60867,55.951484],[11.60945,55.951938],[11.609161,55.952405],[11.608138,55.952547],[11.607024,55.952894],[11.606523,55.953473],[11.605699,55.953517],[11.60489,55.953953],[11.604066,55.953988],[11.603252,55.954294],[11.600833,55.955786],[11.599822,55.956225],[11.598163,55.956708],[11.5987,55.957165],[11.59866,55.957628],[11.597771,55.958103],[11.597347,55.958571],[11.596824,55.9589]]}},{"type":"Feature","properties":{"depth":3,"source":"Danmarks Dybdemodel 2024 ddm_50m.dybde","crs_source":"EPSG:3034","grid_m":50,"scope":"local","tileSource":"contours-local.geojson"},"geometry":{"type":"LineString","coordinates":[[11.587421,55.961934],[11.58736,55.962398],[11.587083,55.962864],[11.586263,55.963448],[11.58543,55.963272],[11.585027,55.962889],[11.584584,55.962734],[11.582918,55.962369],[11.582072,55.961837],[11.579588,55.961668],[11.578745,55.961231],[11.576243,55.960583],[11.575402,55.960181],[11.572918,55.960006],[11.571246,55.959476],[11.569592,55.959391],[11.569074,55.958911],[11.567908,55.958532],[11.567081,55.958517],[11.566246,55.958271],[11.56413,55.958043],[11.564114,55.95758],[11.560431,55.957348],[11.559594,55.957036],[11.557904,55.956026],[11.555425,55.955974]]}},{"type":"Feature","properties":{"depth":3,"source":"Danmarks Dybdemodel 2024 ddm_50m.dybde","crs_source":"EPSG:3034","grid_m":50,"scope":"local","tileSource":"contours-local.geojson"},"geometry":{"type":"LineString","coordinates":[[11.595895,55.959978],[11.59588,55.960442],[11.595193,55.960913],[11.595214,55.961376],[11.594458,55.961803],[11.593636,55.961899],[11.592307,55.962338],[11.592009,55.96255],[11.591191,55.962735],[11.590672,55.963284],[11.590388,55.963343],[11.589556,55.963193],[11.588213,55.961924]]}},{"type":"Feature","properties":{"depth":3,"source":"Danmarks Dybdemodel 2024 ddm_50m.dybde","crs_source":"EPSG:3034","grid_m":50,"scope":"local","tileSource":"contours-local.geojson"},"geometry":{"type":"LineString","coordinates":[[11.676727,55.9599],[11.676609,55.960365],[11.676166,55.960513],[11.675339,55.960505],[11.675191,55.960383],[11.675066,55.959922],[11.675306,55.959686],[11.676126,55.959545],[11.676727,55.9599]]}},{"type":"Feature","properties":{"depth":3,"source":"Danmarks Dybdemodel 2024 ddm_50m.dybde","crs_source":"EPSG:3034","grid_m":50,"scope":"local","tileSource":"contours-local.geojson"},"geometry":{"type":"LineString","coordinates":[[11.665289,55.955413],[11.666052,55.955447],[11.666889,55.955718],[11.667143,55.955853],[11.667382,55.956313],[11.666925,55.956633],[11.666106,55.956791],[11.665277,55.956705],[11.664715,55.956347],[11.66452,55.955886],[11.665289,55.955413]]}},{"type":"Feature","properties":{"depth":3,"source":"Danmarks Dybdemodel 2024 ddm_50m.dybde","crs_source":"EPSG:3034","grid_m":50,"scope":"local","tileSource":"contours-local.geojson"},"geometry":{"type":"LineString","coordinates":[[11.610837,55.950995],[11.610752,55.951459],[11.61058,55.951626],[11.610021,55.951468],[11.610548,55.950817],[11.610837,55.950995]]}},{"type":"Feature","properties":{"depth":3,"source":"Danmarks Dybdemodel 2024 ddm_50m.dybde","crs_source":"EPSG:3034","grid_m":50,"scope":"local","tileSource":"contours-local.geojson"},"geometry":{"type":"LineString","coordinates":[[11.669471,55.948875],[11.669387,55.949339],[11.669113,55.949445],[11.668091,55.949355],[11.668274,55.949102],[11.669082,55.948682],[11.669471,55.948875]]}},{"type":"Feature","properties":{"depth":3,"source":"Danmarks Dybdemodel 2024 ddm_50m.dybde","crs_source":"EPSG:3034","grid_m":50,"scope":"local","tileSource":"contours-local.geojson"},"geometry":{"type":"LineString","coordinates":[[11.676732,55.913274],[11.677564,55.913453],[11.679975,55.911887],[11.6802,55.911676],[11.680309,55.911211],[11.680715,55.910743],[11.680734,55.91026],[11.681558,55.91023],[11.681788,55.909802],[11.683165,55.909171],[11.683998,55.909379],[11.68423,55.909308],[11.684358,55.908843],[11.683511,55.907464],[11.683907,55.907139],[11.68472,55.90684],[11.68554,55.906735],[11.686345,55.906249],[11.687996,55.90628],[11.688384,55.906012],[11.688787,55.905452],[11.689595,55.905026],[11.690443,55.905614],[11.691382,55.90551],[11.692017,55.905038],[11.692192,55.904573],[11.693552,55.904092],[11.694485,55.903614],[11.69498,55.903147],[11.695287,55.903058],[11.695694,55.903138],[11.696851,55.903586],[11.697211,55.904045],[11.698651,55.904641],[11.699473,55.904576],[11.700324,55.905224],[11.700789,55.905388],[11.701172,55.905786],[11.702283,55.904442],[11.702761,55.904298],[11.704424,55.904638],[11.706038,55.903782],[11.706862,55.903771],[11.707667,55.903283],[11.710168,55.902487],[11.711978,55.901537],[11.712168,55.901071],[11.713609,55.900589],[11.71401,55.90012],[11.713903,55.899658],[11.714093,55.899131],[11.714929,55.899398],[11.715001,55.89939]]}},{"type":"Feature","properties":{"depth":3,"source":"Danmarks Dybdemodel 2024 ddm_50m.dybde","crs_source":"EPSG:3034","grid_m":50,"scope":"local","tileSource":"contours-local.geojson"},"geometry":{"type":"LineString","coordinates":[[11.708279,55.862203],[11.708463,55.862509],[11.709301,55.862848],[11.710953,55.86296],[11.711761,55.862572],[11.712666,55.863072],[11.711793,55.863348],[11.711341,55.864016],[11.710332,55.864493],[11.71035,55.864956],[11.710214,55.865013],[11.709391,55.865032],[11.706896,55.864483],[11.706077,55.864608],[11.705363,55.86502],[11.705565,55.865481],[11.707346,55.866385],[11.707291,55.866849],[11.706178,55.867047],[11.704557,55.867703],[11.70359,55.867823],[11.703884,55.868283],[11.703839,55.868747],[11.702131,55.868842],[11.699881,55.869725],[11.699721,55.870349],[11.698897,55.87036],[11.698098,55.870974],[11.697285,55.871231],[11.695124,55.872566],[11.694824,55.873033],[11.695014,55.873494],[11.694914,55.873716],[11.694096,55.873868],[11.690859,55.87533],[11.690038,55.875415],[11.689306,55.875884],[11.690008,55.877729],[11.689931,55.878193],[11.687701,55.878753],[11.686059,55.878903],[11.68279,55.879585],[11.681965,55.879577],[11.679473,55.879086],[11.678998,55.87926],[11.678322,55.879732],[11.678339,55.881121],[11.677659,55.882057],[11.677412,55.882987],[11.677163,55.883119],[11.676342,55.883199],[11.675873,55.883006],[11.675301,55.88255],[11.673833,55.882318],[11.673407,55.882574],[11.673032,55.883042],[11.672915,55.883507],[11.673064,55.88367],[11.673906,55.884112],[11.67473,55.8841],[11.675109,55.884406],[11.675196,55.884868],[11.676219,55.885782],[11.676297,55.886707],[11.675675,55.8871],[11.674854,55.88718],[11.674025,55.887079],[11.673211,55.887328],[11.672149,55.88815],[11.671704,55.888619],[11.672186,55.889076],[11.673295,55.889403],[11.674232,55.889977],[11.67169,55.89049],[11.670048,55.89067],[11.669622,55.890962],[11.668635,55.892828],[11.669141,55.893748],[11.66911,55.894212],[11.66938,55.894574],[11.67062,55.895582],[11.670635,55.896046],[11.671085,55.896966],[11.671201,55.897892],[11.672154,55.898806],[11.672389,55.899266],[11.672656,55.90019],[11.672429,55.900656],[11.673021,55.901575],[11.672995,55.902038],[11.672712,55.902505],[11.67287,55.902967],[11.673025,55.903161],[11.673865,55.903549],[11.675509,55.903396],[11.675572,55.904322],[11.676381,55.904597],[11.677205,55.904558],[11.678042,55.904863],[11.678217,55.905215],[11.67821,55.905678],[11.677718,55.906148],[11.677508,55.906614],[11.677283,55.907543],[11.676871,55.908475],[11.676831,55.908939],[11.676567,55.909203],[11.674931,55.909534],[11.674561,55.909895],[11.67547,55.910346],[11.675536,55.910809],[11.675821,55.911268],[11.675782,55.911732],[11.675543,55.912199]]}},{"type":"Feature","properties":{"depth":3,"source":"Danmarks Dybdemodel 2024 ddm_50m.dybde","crs_source":"EPSG:3034","grid_m":50,"scope":"local","tileSource":"contours-local.geojson"},"geometry":{"type":"LineString","coordinates":[[11.701292,55.908703],[11.700472,55.908825],[11.700292,55.909101],[11.700372,55.909563],[11.700208,55.910029],[11.70084,55.910484],[11.701164,55.910943],[11.701387,55.911025],[11.702519,55.910926],[11.702607,55.910461],[11.702408,55.909537],[11.702134,55.909122],[11.701292,55.908703]]}},{"type":"Feature","properties":{"depth":3,"source":"Danmarks Dybdemodel 2024 ddm_50m.dybde","crs_source":"EPSG:3034","grid_m":50,"scope":"local","tileSource":"contours-local.geojson"},"geometry":{"type":"LineString","coordinates":[[11.684735,55.907212],[11.68449,55.907451],[11.684749,55.90757],[11.685186,55.907442],[11.684735,55.907212]]}},{"type":"Feature","properties":{"depth":3,"source":"Danmarks Dybdemodel 2024 ddm_50m.dybde","crs_source":"EPSG:3034","grid_m":50,"scope":"local","tileSource":"contours-local.geojson"},"geometry":{"type":"LineString","coordinates":[[11.715001,55.853189],[11.714923,55.853312],[11.715001,55.853344]]}},{"type":"Feature","properties":{"depth":3,"source":"Danmarks Dybdemodel 2024 ddm_50m.dybde","crs_source":"EPSG:3034","grid_m":50,"scope":"local","tileSource":"contours-local.geojson"},"geometry":{"type":"LineString","coordinates":[[11.715001,55.854514],[11.713888,55.854212],[11.713139,55.854726],[11.712277,55.855664],[11.713077,55.856117],[11.713207,55.856578],[11.712473,55.857515],[11.712387,55.857979],[11.711827,55.85845],[11.711816,55.858913],[11.711629,55.859367],[11.710802,55.85939],[11.711638,55.859842],[11.710844,55.860309],[11.710857,55.860779],[11.709243,55.861447]]}},{"type":"Feature","properties":{"depth":4,"source":"Danmarks Dybdemodel 2024 ddm_50m.dybde","crs_source":"EPSG:3034","grid_m":50,"scope":"local","tileSource":"contours-local.geojson"},"geometry":{"type":"LineString","coordinates":[[11.715001,55.955383],[11.713079,55.954478],[11.711409,55.954033],[11.708131,55.953475],[11.706231,55.952573],[11.703171,55.951686],[11.703036,55.951203],[11.70221,55.951195],[11.701375,55.950978],[11.700563,55.951307],[11.700436,55.951258],[11.700344,55.950796],[11.698928,55.949888],[11.694716,55.949651],[11.693881,55.949437],[11.693038,55.949003],[11.692768,55.949504],[11.69134,55.949985],[11.69112,55.950915],[11.690652,55.95124],[11.689834,55.951409],[11.688171,55.951125],[11.687709,55.951885],[11.687385,55.952116],[11.686543,55.951712],[11.686362,55.951439],[11.686524,55.95124],[11.687336,55.950901],[11.688159,55.950829],[11.688357,55.950487],[11.688341,55.950024],[11.688121,55.94991],[11.685645,55.949913],[11.684826,55.950075],[11.684299,55.951002],[11.684047,55.951225],[11.683603,55.951011],[11.6827,55.950096],[11.683161,55.949742],[11.683979,55.949554],[11.684253,55.94915],[11.683117,55.948661],[11.680688,55.949855],[11.680478,55.950124],[11.680537,55.950587],[11.680369,55.951052],[11.679857,55.951522],[11.67911,55.951641],[11.676626,55.951472],[11.674986,55.951749],[11.673333,55.951727],[11.672799,55.951612],[11.671652,55.950973],[11.670821,55.950852],[11.669983,55.950543],[11.667491,55.950163],[11.666647,55.949716],[11.665814,55.949521],[11.665243,55.948928],[11.665161,55.948466],[11.664116,55.948374],[11.66244,55.947745],[11.661614,55.947731],[11.661444,55.947586],[11.661452,55.947123],[11.662398,55.946648],[11.66205,55.946189],[11.661332,55.945735],[11.661048,55.945275],[11.65985,55.944916],[11.659237,55.944371],[11.658184,55.943921],[11.65772,55.943464],[11.656965,55.94301],[11.653977,55.942554],[11.65294,55.942134],[11.652286,55.941557],[11.651471,55.941804],[11.649823,55.941877],[11.647334,55.941554],[11.644828,55.940816],[11.64402,55.941267],[11.643192,55.941194],[11.642353,55.940841],[11.641527,55.940839],[11.63989,55.941178],[11.636628,55.942193],[11.634978,55.942206],[11.634168,55.942604],[11.632522,55.942726],[11.63148,55.943328],[11.630083,55.943683],[11.626783,55.94373],[11.626538,55.943853],[11.626471,55.944317],[11.626593,55.944779],[11.626017,55.945254],[11.625193,55.945284],[11.623521,55.94476],[11.622697,55.944787],[11.621883,55.945085],[11.620245,55.945427],[11.6195,55.945793],[11.619455,55.946322],[11.618631,55.946381],[11.617824,55.946845],[11.616668,55.947217],[11.616343,55.947684],[11.617017,55.948603],[11.617317,55.950452],[11.617266,55.950916],[11.61716,55.950988],[11.615518,55.951219],[11.614703,55.951509],[11.613058,55.951656],[11.611951,55.952371],[11.611675,55.953764],[11.611492,55.953863],[11.609848,55.954043],[11.609034,55.95436],[11.608211,55.954417],[11.606595,55.955321],[11.605778,55.955557],[11.604953,55.955564],[11.603826,55.956176],[11.602518,55.956675],[11.600067,55.957348],[11.599028,55.958087],[11.598805,55.958553],[11.598474,55.958869],[11.596859,55.959812]]}},{"type":"Feature","properties":{"depth":4,"source":"Danmarks Dybdemodel 2024 ddm_50m.dybde","crs_source":"EPSG:3034","grid_m":50,"scope":"local","tileSource":"contours-local.geojson"},"geometry":{"type":"LineString","coordinates":[[11.596532,55.959971],[11.596602,55.960433],[11.5964,55.960899],[11.59608,55.961033],[11.59515,55.96184],[11.594471,55.962135],[11.593647,55.962179],[11.593281,55.962326],[11.593076,55.962792],[11.592649,55.96326],[11.59205,55.963606],[11.590408,55.963871],[11.589382,55.963763],[11.588731,55.963216],[11.588412,55.963311],[11.587747,55.963783],[11.587814,55.964245],[11.587393,55.964713],[11.586916,55.965182],[11.586338,55.965415],[11.585905,55.965195],[11.584908,55.96428],[11.584409,55.96336],[11.582097,55.962495],[11.58122,55.962471],[11.580678,55.962015],[11.579595,55.961844],[11.578753,55.961435],[11.575425,55.960785],[11.573754,55.96028],[11.569602,55.959656],[11.567922,55.958909],[11.562106,55.95796],[11.559623,55.957826],[11.558776,55.957643],[11.557112,55.956925],[11.555444,55.956474]]}},{"type":"Feature","properties":{"depth":4,"source":"Danmarks Dybdemodel 2024 ddm_50m.dybde","crs_source":"EPSG:3034","grid_m":50,"scope":"local","tileSource":"contours-local.geojson"},"geometry":{"type":"LineString","coordinates":[[11.678199,55.958955],[11.677987,55.959421],[11.677976,55.960348],[11.676999,55.960707],[11.676179,55.960839],[11.675351,55.960791],[11.674491,55.959929],[11.674633,55.959464],[11.675283,55.959103],[11.677738,55.958549],[11.678199,55.958955]]}},{"type":"Feature","properties":{"depth":4,"source":"Danmarks Dybdemodel 2024 ddm_50m.dybde","crs_source":"EPSG:3034","grid_m":50,"scope":"local","tileSource":"contours-local.geojson"},"geometry":{"type":"LineString","coordinates":[[11.665571,55.958189],[11.664731,55.958663],[11.664369,55.958667],[11.66432,55.958205],[11.664506,55.958081],[11.665331,55.958066],[11.665571,55.958189]]}},{"type":"Feature","properties":{"depth":4,"source":"Danmarks Dybdemodel 2024 ddm_50m.dybde","crs_source":"EPSG:3034","grid_m":50,"scope":"local","tileSource":"contours-local.geojson"},"geometry":{"type":"LineString","coordinates":[[11.667041,55.955391],[11.667953,55.955843],[11.668318,55.956301],[11.66807,55.956768],[11.666945,55.957122],[11.66612,55.957132],[11.665076,55.956806],[11.664445,55.95635],[11.664064,55.955892],[11.664258,55.955426],[11.665214,55.955152],[11.666039,55.955117],[11.667041,55.955391]]}},{"type":"Feature","properties":{"depth":4,"source":"Danmarks Dybdemodel 2024 ddm_50m.dybde","crs_source":"EPSG:3034","grid_m":50,"scope":"local","tileSource":"contours-local.geojson"},"geometry":{"type":"LineString","coordinates":[[11.660312,55.95177],[11.660311,55.952233],[11.659203,55.952247],[11.659158,55.951784],[11.659294,55.951645],[11.660119,55.951642],[11.660312,55.95177]]}},{"type":"Feature","properties":{"depth":4,"source":"Danmarks Dybdemodel 2024 ddm_50m.dybde","crs_source":"EPSG:3034","grid_m":50,"scope":"local","tileSource":"contours-local.geojson"},"geometry":{"type":"LineString","coordinates":[[11.675871,55.912369],[11.676396,55.912651],[11.676721,55.912995],[11.677298,55.912639],[11.677077,55.912179],[11.678318,55.911709],[11.678511,55.911234],[11.679195,55.910762],[11.679419,55.910296],[11.679078,55.910101],[11.678918,55.909839],[11.679867,55.909217],[11.681517,55.909222],[11.682225,55.90887],[11.682762,55.9084],[11.682328,55.907942],[11.682191,55.907481],[11.683379,55.906076],[11.684672,55.905655],[11.686378,55.905574],[11.687121,55.905037],[11.687938,55.904845],[11.688747,55.904475],[11.689579,55.904641],[11.69056,55.904594],[11.691556,55.903654],[11.691641,55.90319],[11.691982,55.902722],[11.693432,55.90224],[11.693461,55.901777],[11.693583,55.901705],[11.696044,55.901388],[11.696875,55.901544],[11.69772,55.90204],[11.698546,55.902086],[11.698608,55.902173],[11.698322,55.90264],[11.699039,55.903094],[11.69943,55.903515],[11.70027,55.903899],[11.702741,55.903815],[11.703577,55.904105],[11.704381,55.903596],[11.706842,55.903263],[11.70705,55.902991],[11.70764,55.902627],[11.708458,55.90245],[11.709282,55.902439],[11.709899,55.902027],[11.710056,55.901562],[11.710859,55.901088],[11.71285,55.900599],[11.712997,55.900134],[11.713721,55.899198],[11.714087,55.898982],[11.715001,55.89897]]}},{"type":"Feature","properties":{"depth":4,"source":"Danmarks Dybdemodel 2024 ddm_50m.dybde","crs_source":"EPSG:3034","grid_m":50,"scope":"local","tileSource":"contours-local.geojson"},"geometry":{"type":"LineString","coordinates":[[11.715001,55.85473],[11.713896,55.854411],[11.712976,55.855191],[11.713117,55.8555],[11.713955,55.855836],[11.714267,55.856101],[11.71429,55.856564],[11.713502,55.857501],[11.712336,55.85937],[11.712466,55.859831],[11.713799,55.860741],[11.714089,55.8612],[11.714002,55.861665],[11.713547,55.862134],[11.713352,55.863063],[11.713468,55.864013],[11.712528,55.864464],[11.712629,55.864926],[11.711845,55.865399],[11.71103,55.866337],[11.710956,55.867264],[11.710324,55.86769],[11.709502,55.867742],[11.708687,55.867965],[11.707865,55.868006],[11.707034,55.867841],[11.705389,55.867921],[11.70458,55.868286],[11.704197,55.868742],[11.702142,55.869108],[11.700549,55.869716],[11.700117,55.870185],[11.699893,55.870651],[11.698934,55.871256],[11.6973,55.871601],[11.695545,55.872561],[11.695096,55.87303],[11.695206,55.873492],[11.695022,55.873958],[11.694108,55.874171],[11.69087,55.87559],[11.690048,55.875657],[11.689701,55.875879],[11.69062,55.877258],[11.691402,55.877711],[11.691243,55.878176],[11.690744,55.878646],[11.690535,55.879112],[11.690661,55.879574],[11.690594,55.880038],[11.689536,55.880515],[11.689079,55.880984],[11.688983,55.881448],[11.689206,55.881909],[11.688688,55.882737],[11.687818,55.882853],[11.687825,55.883317],[11.687097,55.884154],[11.684989,55.883816],[11.684408,55.88336],[11.686921,55.880548],[11.686795,55.880087],[11.686287,55.87963],[11.686084,55.87952],[11.68526,55.879517],[11.683626,55.879884],[11.681981,55.879955],[11.681152,55.879839],[11.67942,55.879254],[11.678847,55.879725],[11.67927,55.88111],[11.678722,55.88158],[11.678854,55.882505],[11.678568,55.882972],[11.677999,55.883415],[11.677183,55.883607],[11.676599,55.883924],[11.676408,55.884389],[11.677768,55.886225],[11.677294,55.886362],[11.676717,55.886702],[11.676362,55.88717],[11.675689,55.887441],[11.674867,55.887509],[11.674038,55.887401],[11.673229,55.887775],[11.672128,55.888614],[11.672448,55.888851],[11.673275,55.888905],[11.673681,55.889057],[11.674413,55.889511],[11.674561,55.889973],[11.67416,55.890428],[11.672526,55.890797],[11.670028,55.890957],[11.669445,55.891891],[11.669152,55.892821],[11.671028,55.894187],[11.672082,55.895564],[11.672256,55.896025],[11.67192,55.896222],[11.671741,55.896495],[11.671688,55.897885],[11.671997,55.898123],[11.67263,55.898337],[11.673079,55.898794],[11.674121,55.900634],[11.673675,55.901103],[11.673529,55.902032],[11.673182,55.902499],[11.673845,55.903058],[11.676321,55.903105],[11.677961,55.90287],[11.678552,55.903358],[11.678473,55.903822],[11.678761,55.904745],[11.678651,55.905673],[11.678158,55.906606],[11.678002,55.907071],[11.678038,55.907534],[11.677847,55.908],[11.677438,55.908468],[11.676955,55.909401],[11.67636,55.909872],[11.676219,55.910337],[11.675798,55.910584],[11.675813,55.910935],[11.676335,55.911262],[11.676244,55.911726],[11.675775,55.912196]]}},{"type":"Feature","properties":{"depth":4,"source":"Danmarks Dybdemodel 2024 ddm_50m.dybde","crs_source":"EPSG:3034","grid_m":50,"scope":"local","tileSource":"contours-local.geojson"},"geometry":{"type":"LineString","coordinates":[[11.685576,55.899561],[11.687424,55.900001],[11.687862,55.900922],[11.687917,55.901385],[11.686976,55.901482],[11.686135,55.901071],[11.684847,55.900961],[11.684795,55.900498],[11.683954,55.900045],[11.684425,55.899582],[11.685237,55.89927],[11.685576,55.899561]]}},{"type":"Feature","properties":{"depth":4,"source":"Danmarks Dybdemodel 2024 ddm_50m.dybde","crs_source":"EPSG:3034","grid_m":50,"scope":"local","tileSource":"contours-local.geojson"},"geometry":{"type":"LineString","coordinates":[[11.686606,55.885186],[11.686765,55.885647],[11.686235,55.886117],[11.686357,55.886246],[11.687198,55.886641],[11.688012,55.886389],[11.688836,55.886378],[11.689133,55.886543],[11.689064,55.887007],[11.689239,55.887468],[11.688884,55.888399],[11.68868,55.888865],[11.687539,55.889343],[11.687699,55.889805],[11.68761,55.890269],[11.687264,55.890737],[11.687327,55.891199],[11.686059,55.891679],[11.685994,55.892143],[11.684408,55.893553],[11.684185,55.893671],[11.683111,55.89357],[11.682058,55.892657],[11.681407,55.891738],[11.680756,55.890357],[11.680942,55.889891],[11.681792,55.888954],[11.68277,55.887551],[11.683911,55.886908],[11.684735,55.886897],[11.685076,55.886595],[11.685172,55.885667],[11.686308,55.885026],[11.686606,55.885186]]}},{"type":"Feature","properties":{"depth":4,"source":"Danmarks Dybdemodel 2024 ddm_50m.dybde","crs_source":"EPSG:3034","grid_m":50,"scope":"local","tileSource":"contours-local.geojson"},"geometry":{"type":"LineString","coordinates":[[11.692447,55.884647],[11.692436,55.885111],[11.692088,55.885272],[11.691272,55.885471],[11.690951,55.88513],[11.690936,55.884667],[11.691231,55.884458],[11.692053,55.884405],[11.692447,55.884647]]}},{"type":"Feature","properties":{"depth":4,"source":"Danmarks Dybdemodel 2024 ddm_50m.dybde","crs_source":"EPSG:3034","grid_m":50,"scope":"local","tileSource":"contours-local.geojson"},"geometry":{"type":"LineString","coordinates":[[11.673849,55.88271],[11.673599,55.883035],[11.673873,55.883302],[11.674378,55.883025],[11.673849,55.88271]]}},{"type":"Feature","properties":{"depth":4,"source":"Danmarks Dybdemodel 2024 ddm_50m.dybde","crs_source":"EPSG:3034","grid_m":50,"scope":"local","tileSource":"contours-local.geojson"},"geometry":{"type":"LineString","coordinates":[[11.707738,55.864929],[11.706906,55.864719],[11.706085,55.864781],[11.705677,55.865016],[11.706112,55.865453],[11.70778,55.865948],[11.70868,55.865441],[11.707738,55.864929]]}},{"type":"Feature","properties":{"depth":4,"source":"Danmarks Dybdemodel 2024 ddm_50m.dybde","crs_source":"EPSG:3034","grid_m":50,"scope":"local","tileSource":"contours-local.geojson"},"geometry":{"type":"LineString","coordinates":[[11.708991,55.86173],[11.708605,55.862198],[11.70929,55.862574],[11.710116,55.862626],[11.710933,55.862478],[11.711477,55.862161],[11.711491,55.861697],[11.710882,55.861238],[11.709248,55.861576]]}},{"type":"Feature","properties":{"depth":5,"source":"Danmarks Dybdemodel 2024 ddm_50m.dybde","crs_source":"EPSG:3034","grid_m":50,"scope":"local","tileSource":"contours-local.geojson"},"geometry":{"type":"LineString","coordinates":[[11.715001,55.956087],[11.714796,55.956066],[11.714162,55.955249],[11.713277,55.954798],[11.710604,55.954532],[11.709766,55.954226],[11.708942,55.954265],[11.706805,55.953955],[11.70644,55.953671],[11.704771,55.953239],[11.703821,55.952604],[11.701422,55.952105],[11.700701,55.951718],[11.699751,55.951635],[11.698912,55.950814],[11.698057,55.950588],[11.695581,55.950626],[11.693093,55.950357],[11.692269,55.950382],[11.692225,55.9509],[11.69181,55.951369],[11.690933,55.951843],[11.690126,55.953244],[11.689993,55.953709],[11.690116,55.95417],[11.689952,55.95432],[11.689125,55.954277],[11.687455,55.953822],[11.686632,55.953886],[11.685962,55.954224],[11.686273,55.955146],[11.685854,55.955615],[11.684689,55.956093],[11.684264,55.956583],[11.683459,55.957098],[11.680947,55.956225],[11.680195,55.955687],[11.679268,55.955547],[11.678446,55.955634],[11.676815,55.956151],[11.674353,55.95652],[11.673541,55.956875],[11.673181,55.956703],[11.673144,55.95624],[11.674448,55.954834],[11.675285,55.95436],[11.675288,55.953896],[11.674505,55.953443],[11.674043,55.952986],[11.673374,55.952731],[11.672554,55.952869],[11.67174,55.953173],[11.670716,55.953955],[11.670503,55.954421],[11.669578,55.954896],[11.669354,55.955362],[11.669748,55.95582],[11.670577,55.956273],[11.670583,55.956736],[11.67024,55.956919],[11.669417,55.956981],[11.667366,55.957703],[11.666918,55.958635],[11.66619,55.958889],[11.665359,55.958765],[11.66454,55.958923],[11.663591,55.958677],[11.663386,55.958217],[11.663936,55.957746],[11.664483,55.957511],[11.665308,55.957491],[11.665607,55.957262],[11.663824,55.956358],[11.663546,55.955898],[11.663466,55.955436],[11.664153,55.954964],[11.665165,55.953928],[11.665985,55.954478],[11.667677,55.954795],[11.66844,55.954447],[11.669327,55.952582],[11.669207,55.952121],[11.668387,55.951913],[11.665932,55.952454],[11.665107,55.95247],[11.664283,55.95172],[11.663553,55.950802],[11.662827,55.950348],[11.661701,55.949896],[11.6592,55.949304],[11.658796,55.949009],[11.658733,55.948547],[11.658941,55.948081],[11.658764,55.947157],[11.658282,55.946983],[11.657463,55.947155],[11.656638,55.947161],[11.655862,55.94673],[11.655221,55.945812],[11.654054,55.9449],[11.653736,55.944441],[11.65366,55.943978],[11.653218,55.94352],[11.652148,55.943071],[11.651515,55.9429],[11.650689,55.94289],[11.650092,55.943096],[11.650173,55.943559],[11.649704,55.944028],[11.648282,55.944652],[11.647468,55.944519],[11.64724,55.944059],[11.647356,55.943594],[11.647919,55.943124],[11.647935,55.94266],[11.64737,55.942474],[11.645721,55.942523],[11.644888,55.942319],[11.642403,55.942116],[11.639945,55.942589],[11.637474,55.942709],[11.637251,55.942794],[11.637162,55.943721],[11.63589,55.944409],[11.633669,55.945154],[11.631827,55.946053],[11.630164,55.945742],[11.628516,55.945829],[11.627686,55.945716],[11.625247,55.946185],[11.624417,55.946549],[11.621949,55.946774],[11.621311,55.94716],[11.620349,55.948082],[11.620033,55.948566],[11.621124,55.949479],[11.621295,55.94994],[11.62044,55.95042],[11.618808,55.950919],[11.61809,55.951369],[11.618046,55.951833],[11.619601,55.95274],[11.619335,55.953207],[11.616796,55.955091],[11.616771,55.955554],[11.617118,55.956013],[11.617097,55.956477],[11.615751,55.957204],[11.614758,55.956506],[11.614062,55.95625],[11.613235,55.956212],[11.612399,55.955952],[11.610759,55.956248],[11.609951,55.956705],[11.609128,55.956772],[11.607464,55.956443],[11.605846,55.957308],[11.605024,55.957406],[11.604214,55.957815],[11.602565,55.957884],[11.601749,55.958134],[11.60045,55.958996],[11.600138,55.959927],[11.599406,55.960399],[11.59772,55.960713],[11.597525,55.960885],[11.597353,55.96135],[11.596112,55.961866],[11.59451,55.963153],[11.593699,55.963526],[11.592878,55.96366],[11.5923,55.964191],[11.590316,55.964678],[11.587966,55.965633],[11.58718,55.965834],[11.586357,55.965904],[11.585517,55.965547],[11.584667,55.964905],[11.583889,55.963829],[11.583169,55.963374],[11.582255,55.962922],[11.58067,55.962478],[11.57876,55.961626],[11.577101,55.961426],[11.573764,55.96053],[11.569113,55.959837],[11.5671,55.959004],[11.564187,55.958506],[11.557146,55.957814],[11.556343,55.957209],[11.555462,55.956948]]}},{"type":"Feature","properties":{"depth":5,"source":"Danmarks Dybdemodel 2024 ddm_50m.dybde","crs_source":"EPSG:3034","grid_m":50,"scope":"local","tileSource":"contours-local.geojson"},"geometry":{"type":"LineString","coordinates":[[11.653658,55.967141],[11.654145,55.967458],[11.65416,55.968061],[11.65336,55.96848],[11.652584,55.968081],[11.652463,55.967619],[11.652966,55.96715],[11.653658,55.967141]]}},{"type":"Feature","properties":{"depth":5,"source":"Danmarks Dybdemodel 2024 ddm_50m.dybde","crs_source":"EPSG:3034","grid_m":50,"scope":"local","tileSource":"contours-local.geojson"},"geometry":{"type":"LineString","coordinates":[[11.65372,55.964824],[11.65654,55.965379],[11.657364,55.96533],[11.658178,55.965027],[11.658768,55.965224],[11.659106,55.965683],[11.658692,55.966151],[11.658231,55.966346],[11.654098,55.96628],[11.652428,55.96581],[11.651601,55.965804],[11.650846,55.96625],[11.649159,55.96669],[11.646695,55.967035],[11.645884,55.966775],[11.645545,55.966316],[11.646165,55.965845],[11.646644,55.965751],[11.648294,55.965716],[11.649937,55.9655],[11.651599,55.965739],[11.65198,55.965309],[11.652831,55.964835],[11.653211,55.96474],[11.65372,55.964824]]}},{"type":"Feature","properties":{"depth":5,"source":"Danmarks Dybdemodel 2024 ddm_50m.dybde","crs_source":"EPSG:3034","grid_m":50,"scope":"local","tileSource":"contours-local.geojson"},"geometry":{"type":"LineString","coordinates":[[11.608088,55.965852],[11.608146,55.966315],[11.607852,55.966445],[11.606776,55.966331],[11.606724,55.965869],[11.606999,55.965747],[11.607824,55.965733],[11.608088,55.965852]]}},{"type":"Feature","properties":{"depth":5,"source":"Danmarks Dybdemodel 2024 ddm_50m.dybde","crs_source":"EPSG:3034","grid_m":50,"scope":"local","tileSource":"contours-local.geojson"},"geometry":{"type":"LineString","coordinates":[[11.669407,55.963236],[11.669301,55.963701],[11.668881,55.964179],[11.666413,55.964439],[11.665583,55.964338],[11.664744,55.964004],[11.664391,55.963763],[11.664174,55.963302],[11.665535,55.96312],[11.668834,55.963013],[11.669407,55.963236]]}},{"type":"Feature","properties":{"depth":5,"source":"Danmarks Dybdemodel 2024 ddm_50m.dybde","crs_source":"EPSG:3034","grid_m":50,"scope":"local","tileSource":"contours-local.geojson"},"geometry":{"type":"LineString","coordinates":[[11.683283,55.961207],[11.683039,55.961673],[11.682714,55.961677],[11.682729,55.961214],[11.683283,55.961207]]}},{"type":"Feature","properties":{"depth":5,"source":"Danmarks Dybdemodel 2024 ddm_50m.dybde","crs_source":"EPSG:3034","grid_m":50,"scope":"local","tileSource":"contours-local.geojson"},"geometry":{"type":"LineString","coordinates":[[11.68047,55.957073],[11.68079,55.957532],[11.680674,55.957997],[11.679396,55.958713],[11.678841,55.95941],[11.679066,55.959871],[11.679763,55.960325],[11.680187,55.960783],[11.679494,55.961136],[11.675366,55.961164],[11.67459,55.960854],[11.674508,55.960363],[11.673678,55.960269],[11.673401,55.959943],[11.673428,55.959479],[11.673864,55.95901],[11.674443,55.958751],[11.676078,55.958354],[11.67933,55.957089],[11.680151,55.956978],[11.68047,55.957073]]}},{"type":"Feature","properties":{"depth":5,"source":"Danmarks Dybdemodel 2024 ddm_50m.dybde","crs_source":"EPSG:3034","grid_m":50,"scope":"local","tileSource":"contours-local.geojson"},"geometry":{"type":"LineString","coordinates":[[11.713726,55.959424],[11.713294,55.959674],[11.71283,55.959436],[11.713274,55.959193],[11.713726,55.959424]]}},{"type":"Feature","properties":{"depth":5,"source":"Danmarks Dybdemodel 2024 ddm_50m.dybde","crs_source":"EPSG:3034","grid_m":50,"scope":"local","tileSource":"contours-local.geojson"},"geometry":{"type":"LineString","coordinates":[[11.60628,55.958926],[11.607572,55.959228],[11.61004,55.958982],[11.610692,55.959335],[11.610078,55.959961],[11.609268,55.960381],[11.608441,55.960349],[11.606776,55.959992],[11.605932,55.959533],[11.605335,55.9594],[11.604956,55.958942],[11.605898,55.958645],[11.60628,55.958926]]}},{"type":"Feature","properties":{"depth":5,"source":"Danmarks Dybdemodel 2024 ddm_50m.dybde","crs_source":"EPSG:3034","grid_m":50,"scope":"local","tileSource":"contours-local.geojson"},"geometry":{"type":"LineString","coordinates":[[11.699088,55.954518],[11.696647,55.956497],[11.696265,55.955944],[11.69661,55.955582],[11.698219,55.954562],[11.699036,55.954347],[11.699088,55.954518]]}},{"type":"Feature","properties":{"depth":5,"source":"Danmarks Dybdemodel 2024 ddm_50m.dybde","crs_source":"EPSG:3034","grid_m":50,"scope":"local","tileSource":"contours-local.geojson"},"geometry":{"type":"LineString","coordinates":[[11.688719,55.955578],[11.688369,55.955997],[11.687817,55.95559],[11.688338,55.955223],[11.688719,55.955578]]}},{"type":"Feature","properties":{"depth":5,"source":"Danmarks Dybdemodel 2024 ddm_50m.dybde","crs_source":"EPSG:3034","grid_m":50,"scope":"local","tileSource":"contours-local.geojson"},"geometry":{"type":"LineString","coordinates":[[11.684139,55.953498],[11.683795,55.953788],[11.684154,55.953873],[11.684304,55.953781],[11.684139,55.953498]]}},{"type":"Feature","properties":{"depth":5,"source":"Danmarks Dybdemodel 2024 ddm_50m.dybde","crs_source":"EPSG:3034","grid_m":50,"scope":"local","tileSource":"contours-local.geojson"},"geometry":{"type":"LineString","coordinates":[[11.715001,55.855013],[11.714743,55.85496],[11.713903,55.854587],[11.713704,55.854718],[11.713721,55.855182],[11.714497,55.855635],[11.714784,55.855956],[11.714911,55.856556],[11.714724,55.857022],[11.713007,55.859361],[11.713056,55.859824],[11.713301,55.859966],[11.715001,55.860163]]}},{"type":"Feature","properties":{"depth":5,"source":"Danmarks Dybdemodel 2024 ddm_50m.dybde","crs_source":"EPSG:3034","grid_m":50,"scope":"local","tileSource":"contours-local.geojson"},"geometry":{"type":"LineString","coordinates":[[11.715001,55.865248],[11.714715,55.865362],[11.714787,55.866288],[11.714347,55.866757],[11.713302,55.867234],[11.713148,55.867699],[11.712789,55.868167],[11.711969,55.868641],[11.711494,55.869111],[11.711513,55.869574],[11.711238,55.869878],[11.710702,55.870048],[11.710455,55.870875],[11.710279,55.870517],[11.710055,55.869129],[11.709553,55.868973],[11.708729,55.868984],[11.707279,55.868239],[11.706218,55.868043],[11.705424,55.868263],[11.704555,55.868738],[11.701339,55.869624],[11.700533,55.870069],[11.700231,55.870647],[11.699749,55.87105],[11.697987,55.872066],[11.698541,55.872522],[11.698505,55.872986],[11.698199,55.873435],[11.697375,55.873445],[11.697105,55.873004],[11.696513,55.872504],[11.695696,55.872698],[11.695339,55.873027],[11.695398,55.873489],[11.695288,55.873954],[11.692499,55.87513],[11.691696,55.875636],[11.690884,55.875955],[11.690699,55.87633],[11.691464,55.877247],[11.692066,55.877702],[11.692018,55.878166],[11.69121,55.879103],[11.691851,55.879445],[11.692675,55.879434],[11.692848,55.879545],[11.692888,55.880008],[11.692703,55.880125],[11.691879,55.880135],[11.691345,55.880491],[11.691151,55.880957],[11.69127,55.881882],[11.691132,55.882047],[11.690159,55.88236],[11.690073,55.882824],[11.690355,55.883201],[11.691183,55.883278],[11.692827,55.883186],[11.693691,55.882778],[11.693782,55.882313],[11.694423,55.881886],[11.695268,55.882403],[11.6961,55.882587],[11.696906,55.882139],[11.697724,55.881969],[11.698056,55.882258],[11.697742,55.882423],[11.696918,55.882433],[11.696392,55.882743],[11.696949,55.883181],[11.697777,55.883278],[11.698629,55.883961],[11.699435,55.883514],[11.700047,55.884549],[11.700067,55.885012],[11.699514,55.885447],[11.69869,55.885457],[11.69847,55.885959],[11.6971,55.88644],[11.697914,55.886629],[11.698053,55.886891],[11.697947,55.88744],[11.697124,55.887467],[11.696992,55.887368],[11.696818,55.886907],[11.697073,55.886441],[11.696244,55.886102],[11.695422,55.886159],[11.694788,55.88647],[11.694944,55.886932],[11.693827,55.887478],[11.693601,55.887875],[11.693037,55.888333],[11.692165,55.888357],[11.692738,55.888813],[11.692244,55.889094],[11.690555,55.889305],[11.690396,55.890697],[11.690188,55.891163],[11.689691,55.891632],[11.689674,55.892096],[11.689032,55.892567],[11.689106,55.893956],[11.688538,55.89489],[11.688585,55.895353],[11.688433,55.895818],[11.68864,55.896742],[11.689445,55.897195],[11.6893,55.89766],[11.689432,55.898585],[11.689536,55.899047],[11.689819,55.899507],[11.690208,55.899833],[11.691032,55.899822],[11.691462,55.900412],[11.691068,55.900713],[11.690245,55.90074],[11.689847,55.900896],[11.691084,55.901105],[11.693551,55.900924],[11.693853,55.900845],[11.693822,55.900382],[11.694438,55.899911],[11.69515,55.89969],[11.695972,55.899634],[11.696674,55.899882],[11.696816,55.900103],[11.697645,55.900218],[11.698132,55.90079],[11.698501,55.900967],[11.699336,55.901228],[11.700194,55.901226],[11.699337,55.901246],[11.699033,55.901705],[11.699382,55.902353],[11.700221,55.902698],[11.70103,55.902322],[11.701854,55.902306],[11.702685,55.902468],[11.70515,55.902233],[11.705521,55.902084],[11.70675,55.901031],[11.707574,55.901024],[11.708416,55.901442],[11.70924,55.901431],[11.710039,55.900801],[11.711114,55.900621],[11.71121,55.900157],[11.711651,55.899889],[11.712478,55.89995],[11.714081,55.898833],[11.714646,55.898722],[11.713907,55.898269],[11.713906,55.897805],[11.714034,55.897705],[11.714186,55.897802],[11.714258,55.898264],[11.714892,55.898497],[11.715001,55.898497]]}},{"type":"Feature","properties":{"depth":5,"source":"Danmarks Dybdemodel 2024 ddm_50m.dybde","crs_source":"EPSG:3034","grid_m":50,"scope":"local","tileSource":"contours-local.geojson"},"geometry":{"type":"LineString","coordinates":[[11.683292,55.952969],[11.6827,55.953339],[11.68332,55.953672],[11.684013,55.953322],[11.683292,55.952969]]}},{"type":"Feature","properties":{"depth":5,"source":"Danmarks Dybdemodel 2024 ddm_50m.dybde","crs_source":"EPSG:3034","grid_m":50,"scope":"local","tileSource":"contours-local.geojson"},"geometry":{"type":"LineString","coordinates":[[11.659558,55.950853],[11.660089,55.950893],[11.660937,55.951452],[11.661277,55.951758],[11.661229,55.952222],[11.660976,55.95241],[11.660157,55.952585],[11.659332,55.952596],[11.658654,55.952254],[11.658477,55.951793],[11.658692,55.951327],[11.659261,55.950825],[11.659558,55.950853]]}},{"type":"Feature","properties":{"depth":5,"source":"Danmarks Dybdemodel 2024 ddm_50m.dybde","crs_source":"EPSG:3034","grid_m":50,"scope":"local","tileSource":"contours-local.geojson"},"geometry":{"type":"LineString","coordinates":[[11.679821,55.908061],[11.678993,55.908003],[11.678188,55.908475],[11.677722,55.908928],[11.677618,55.909392],[11.676953,55.910327],[11.677257,55.910787],[11.677215,55.911251],[11.677486,55.911524],[11.67792,55.910778],[11.678278,55.91071],[11.678726,55.910305],[11.67856,55.909844],[11.679406,55.90937],[11.680149,55.908433],[11.679821,55.908061]]}},{"type":"Feature","properties":{"depth":5,"source":"Danmarks Dybdemodel 2024 ddm_50m.dybde","crs_source":"EPSG:3034","grid_m":50,"scope":"local","tileSource":"contours-local.geojson"},"geometry":{"type":"LineString","coordinates":[[11.683669,55.901279],[11.683105,55.901446],[11.681981,55.902387],[11.680436,55.902893],[11.679628,55.903292],[11.679133,55.903813],[11.679491,55.904272],[11.679482,55.904736],[11.678971,55.906132],[11.67868,55.906599],[11.678642,55.907063],[11.678969,55.907408],[11.680608,55.90714],[11.68163,55.906561],[11.682115,55.906092],[11.682255,55.905163],[11.683247,55.904687],[11.683254,55.903761],[11.683493,55.903294],[11.684553,55.902736],[11.685377,55.902723],[11.686014,55.902336],[11.685338,55.901754],[11.684507,55.901608],[11.684335,55.90143],[11.683669,55.901279]]}},{"type":"Feature","properties":{"depth":5,"source":"Danmarks Dybdemodel 2024 ddm_50m.dybde","crs_source":"EPSG:3034","grid_m":50,"scope":"local","tileSource":"contours-local.geojson"},"geometry":{"type":"LineString","coordinates":[[11.678166,55.887544],[11.67735,55.887749],[11.676543,55.888173],[11.675317,55.888573],[11.675472,55.889498],[11.67496,55.889799],[11.674891,55.889968],[11.674972,55.890112],[11.67573,55.890421],[11.675398,55.890889],[11.675015,55.891176],[11.674203,55.891476],[11.673383,55.891594],[11.670895,55.891238],[11.670043,55.89142],[11.669854,55.892349],[11.670129,55.892676],[11.671199,55.893259],[11.67352,55.894981],[11.67485,55.895529],[11.675201,55.895987],[11.675105,55.896452],[11.673962,55.897393],[11.673924,55.897857],[11.674338,55.898778],[11.674308,55.899242],[11.674875,55.899698],[11.675106,55.900158],[11.675164,55.900621],[11.674288,55.901559],[11.674197,55.902023],[11.673601,55.902494],[11.67383,55.902678],[11.674648,55.902518],[11.675473,55.902527],[11.676306,55.902718],[11.677214,55.902448],[11.678036,55.901974],[11.678141,55.90151],[11.677778,55.901051],[11.676912,55.900599],[11.676703,55.899675],[11.676997,55.899431],[11.678826,55.898721],[11.679162,55.898253],[11.67999,55.89778],[11.680168,55.897314],[11.679994,55.89639],[11.678867,55.895477],[11.678923,55.895013],[11.679606,55.894541],[11.679925,55.894074],[11.678735,55.892699],[11.677988,55.890392],[11.677108,55.88994],[11.677432,55.889789],[11.678257,55.889786],[11.679067,55.889445],[11.679592,55.888982],[11.679641,55.888518],[11.679446,55.888057],[11.678998,55.887742],[11.678166,55.887544]]}},{"type":"Feature","properties":{"depth":5,"source":"Danmarks Dybdemodel 2024 ddm_50m.dybde","crs_source":"EPSG:3034","grid_m":50,"scope":"local","tileSource":"contours-local.geojson"},"geometry":{"type":"LineString","coordinates":[[11.687709,55.899232],[11.686886,55.899259],[11.686593,55.899548],[11.68773,55.899729],[11.688239,55.899527],[11.687709,55.899232]]}},{"type":"Feature","properties":{"depth":5,"source":"Danmarks Dybdemodel 2024 ddm_50m.dybde","crs_source":"EPSG:3034","grid_m":50,"scope":"local","tileSource":"contours-local.geojson"},"geometry":{"type":"LineString","coordinates":[[11.681362,55.885038],[11.680661,55.885262],[11.681386,55.885635],[11.6818,55.885247],[11.681362,55.885038]]}},{"type":"Feature","properties":{"depth":5,"source":"Danmarks Dybdemodel 2024 ddm_50m.dybde","crs_source":"EPSG:3034","grid_m":50,"scope":"local","tileSource":"contours-local.geojson"},"geometry":{"type":"LineString","coordinates":[[11.679678,55.884167],[11.679397,55.884351],[11.679694,55.884549],[11.679841,55.884346],[11.679678,55.884167]]}},{"type":"Feature","properties":{"depth":5,"source":"Danmarks Dybdemodel 2024 ddm_50m.dybde","crs_source":"EPSG:3034","grid_m":50,"scope":"local","tileSource":"contours-local.geojson"},"geometry":{"type":"LineString","coordinates":[[11.685279,55.87999],[11.684175,55.88012],[11.683653,55.88054],[11.682845,55.880948],[11.681954,55.881075],[11.682857,55.881242],[11.684492,55.880908],[11.685548,55.880103],[11.685279,55.87999]]}},{"type":"Feature","properties":{"depth":5,"source":"Danmarks Dybdemodel 2024 ddm_50m.dybde","crs_source":"EPSG:3034","grid_m":50,"scope":"local","tileSource":"contours-local.geojson"},"geometry":{"type":"LineString","coordinates":[[11.680334,55.880006],[11.679912,55.880175],[11.68036,55.880639],[11.680829,55.880163],[11.680334,55.880006]]}},{"type":"Feature","properties":{"depth":5,"source":"Danmarks Dybdemodel 2024 ddm_50m.dybde","crs_source":"EPSG:3034","grid_m":50,"scope":"local","tileSource":"contours-local.geojson"},"geometry":{"type":"LineString","coordinates":[[11.706915,55.864937],[11.705991,55.865012],[11.706927,55.865239],[11.707134,55.864997],[11.706915,55.864937]]}},{"type":"Feature","properties":{"depth":5,"source":"Danmarks Dybdemodel 2024 ddm_50m.dybde","crs_source":"EPSG:3034","grid_m":50,"scope":"local","tileSource":"contours-local.geojson"},"geometry":{"type":"LineString","coordinates":[[11.709217,55.861727],[11.709002,55.862193],[11.70928,55.862346],[11.710104,55.862354],[11.710574,55.862173],[11.710579,55.861709],[11.710072,55.861574],[11.709254,55.861705]]}},{"type":"Feature","properties":{"depth":7,"source":"Danmarks Dybdemodel 2024 ddm_50m.dybde","crs_source":"EPSG:3034","grid_m":50,"scope":"local","tileSource":"contours-local.geojson"},"geometry":{"type":"LineString","coordinates":[[11.715001,55.999678],[11.714117,55.999549],[11.712436,55.998863],[11.711601,55.99867],[11.710772,55.998601],[11.709953,55.998792],[11.70796,55.998411],[11.707496,55.997954],[11.707892,55.997486],[11.708078,55.99702],[11.710093,55.996531],[11.711185,55.996053],[11.711793,55.995582],[11.711937,55.995117],[11.712267,55.994781],[11.713898,55.994261],[11.715001,55.993687]]}},{"type":"Feature","properties":{"depth":7,"source":"Danmarks Dybdemodel 2024 ddm_50m.dybde","crs_source":"EPSG:3034","grid_m":50,"scope":"local","tileSource":"contours-local.geojson"},"geometry":{"type":"LineString","coordinates":[[11.715001,55.983674],[11.714857,55.983498],[11.713578,55.983052],[11.713568,55.982125],[11.713823,55.981659],[11.715001,55.981397]]}},{"type":"Feature","properties":{"depth":7,"source":"Danmarks Dybdemodel 2024 ddm_50m.dybde","crs_source":"EPSG:3034","grid_m":50,"scope":"local","tileSource":"contours-local.geojson"},"geometry":{"type":"LineString","coordinates":[[11.715001,55.971543],[11.712952,55.971391],[11.712133,55.971552],[11.711803,55.971494],[11.711657,55.971032],[11.711267,55.970593],[11.710433,55.970393],[11.708805,55.970969],[11.706382,55.972306],[11.704752,55.972848],[11.703131,55.973604],[11.702301,55.97352],[11.702892,55.972073],[11.703298,55.971604],[11.701358,55.970666],[11.700824,55.970246],[11.700705,55.969785],[11.70049,55.969648],[11.699664,55.969661],[11.698859,55.970174],[11.697222,55.970534],[11.6931,55.970738],[11.690619,55.970659],[11.688933,55.969825],[11.686378,55.967947],[11.682208,55.966966],[11.681385,55.967039],[11.680579,55.967524],[11.679757,55.96761],[11.678928,55.967543],[11.678082,55.967053],[11.67725,55.966909],[11.676434,55.967145],[11.676161,55.967783],[11.675459,55.968718],[11.674869,55.969189],[11.674054,55.969576],[11.673233,55.969699],[11.669908,55.969186],[11.666599,55.96905],[11.664952,55.969186],[11.663317,55.969611],[11.659204,55.970026],[11.657553,55.970045],[11.656725,55.970345],[11.656373,55.971276],[11.656329,55.97174],[11.655987,55.972199],[11.654332,55.972125],[11.65351,55.972226],[11.652319,55.971327],[11.652055,55.970867],[11.652219,55.970402],[11.651769,55.969999],[11.650718,55.969957],[11.648478,55.970341],[11.646653,55.970471],[11.646119,55.970941],[11.645191,55.971416],[11.644975,55.971882],[11.64527,55.972341],[11.646953,55.973531],[11.647769,55.973271],[11.64817,55.972768],[11.64857,55.972655],[11.650257,55.973535],[11.651092,55.973757],[11.651914,55.973644],[11.653384,55.972703],[11.653514,55.972333],[11.655187,55.972859],[11.65528,55.973143],[11.655218,55.973634],[11.65359,55.974249],[11.651954,55.974637],[11.650302,55.974643],[11.64948,55.974767],[11.649289,55.975071],[11.649513,55.975598],[11.648687,55.975595],[11.646945,55.974637],[11.646679,55.974177],[11.646136,55.973759],[11.64586,55.973261],[11.644734,55.972811],[11.643442,55.971901],[11.642115,55.971454],[11.641088,55.97145],[11.640268,55.971598],[11.638605,55.97133],[11.636957,55.971441],[11.635339,55.971075],[11.634135,55.970627],[11.631131,55.970331],[11.628657,55.970424],[11.62452,55.970257],[11.622877,55.970485],[11.620402,55.970567],[11.617713,55.969903],[11.617025,55.969449],[11.615375,55.968734],[11.615004,55.968547],[11.614937,55.968084],[11.614473,55.967627],[11.613662,55.967188],[11.610852,55.967671],[11.608734,55.967889],[11.607069,55.967554],[11.605416,55.967521],[11.603754,55.967258],[11.602118,55.967669],[11.601296,55.967782],[11.600466,55.967677],[11.599743,55.967807],[11.600476,55.96793],[11.601298,55.967831],[11.601419,55.968249],[11.602018,55.968705],[11.602318,55.969165],[11.602177,55.969215],[11.596362,55.968339],[11.595533,55.968281],[11.594718,55.968551],[11.593885,55.968376],[11.59223,55.968303],[11.590657,55.968843],[11.590621,55.969417],[11.590528,55.968845],[11.588917,55.968053],[11.588094,55.968132],[11.587258,55.967859],[11.585496,55.966589],[11.583039,55.965549],[11.582579,55.965235],[11.582425,55.96431],[11.580147,55.962948],[11.57963,55.962769],[11.579224,55.962495],[11.578946,55.962035],[11.578773,55.961954],[11.577957,55.962226],[11.577129,55.962165],[11.574636,55.961763],[11.573799,55.961453],[11.572145,55.961387],[11.571308,55.961108],[11.569652,55.960994],[11.566303,55.959771],[11.564633,55.959288],[11.564192,55.958969],[11.563791,55.958855],[11.562975,55.959119],[11.562152,55.959183],[11.560493,55.959002],[11.559672,55.959121],[11.55883,55.958683],[11.557168,55.958422],[11.556324,55.957914],[11.555493,55.957786]]}},{"type":"Feature","properties":{"depth":7,"source":"Danmarks Dybdemodel 2024 ddm_50m.dybde","crs_source":"EPSG:3034","grid_m":50,"scope":"local","tileSource":"contours-local.geojson"},"geometry":{"type":"LineString","coordinates":[[11.713613,55.98722],[11.713674,55.988146],[11.712826,55.988305],[11.712569,55.987697],[11.712791,55.987481],[11.713613,55.98722]]}},{"type":"Feature","properties":{"depth":7,"source":"Danmarks Dybdemodel 2024 ddm_50m.dybde","crs_source":"EPSG:3034","grid_m":50,"scope":"local","tileSource":"contours-local.geojson"},"geometry":{"type":"LineString","coordinates":[[11.631864,55.983163],[11.632559,55.983617],[11.631662,55.983816],[11.63083,55.983654],[11.630448,55.98318],[11.630805,55.98302],[11.631864,55.983163]]}},{"type":"Feature","properties":{"depth":7,"source":"Danmarks Dybdemodel 2024 ddm_50m.dybde","crs_source":"EPSG:3034","grid_m":50,"scope":"local","tileSource":"contours-local.geojson"},"geometry":{"type":"LineString","coordinates":[[11.650976,55.979682],[11.65155,55.980138],[11.65136,55.980604],[11.650546,55.98078],[11.649408,55.980165],[11.649481,55.979701],[11.649666,55.979424],[11.650488,55.979336],[11.650976,55.979682]]}},{"type":"Feature","properties":{"depth":7,"source":"Danmarks Dybdemodel 2024 ddm_50m.dybde","crs_source":"EPSG:3034","grid_m":50,"scope":"local","tileSource":"contours-local.geojson"},"geometry":{"type":"LineString","coordinates":[[11.656706,55.975441],[11.657186,55.975898],[11.657347,55.976359],[11.65694,55.976828],[11.657061,55.977289],[11.657839,55.977743],[11.657991,55.978204],[11.657788,55.97867],[11.657319,55.979139],[11.657244,55.979603],[11.657404,55.980064],[11.658412,55.980515],[11.657987,55.980899],[11.657148,55.980584],[11.655491,55.980457],[11.654651,55.980131],[11.652534,55.979662],[11.652733,55.979197],[11.653417,55.978725],[11.653937,55.977792],[11.655491,55.976846],[11.654974,55.976389],[11.654984,55.975926],[11.655293,55.975516],[11.656108,55.975239],[11.656706,55.975441]]}},{"type":"Feature","properties":{"depth":7,"source":"Danmarks Dybdemodel 2024 ddm_50m.dybde","crs_source":"EPSG:3034","grid_m":50,"scope":"local","tileSource":"contours-local.geojson"},"geometry":{"type":"LineString","coordinates":[[11.610802,55.973231],[11.610774,55.973694],[11.6102,55.974164],[11.609809,55.974305],[11.609569,55.974172],[11.609362,55.973711],[11.609771,55.973329],[11.610591,55.973167],[11.610802,55.973231]]}},{"type":"Feature","properties":{"depth":7,"source":"Danmarks Dybdemodel 2024 ddm_50m.dybde","crs_source":"EPSG:3034","grid_m":50,"scope":"local","tileSource":"contours-local.geojson"},"geometry":{"type":"LineString","coordinates":[[11.604837,55.97284],[11.60399,55.97336],[11.603158,55.9732],[11.602689,55.972866],[11.60313,55.97249],[11.603958,55.972533],[11.604837,55.97284]]}},{"type":"Feature","properties":{"depth":7,"source":"Danmarks Dybdemodel 2024 ddm_50m.dybde","crs_source":"EPSG:3034","grid_m":50,"scope":"local","tileSource":"contours-local.geojson"},"geometry":{"type":"LineString","coordinates":[[11.715001,55.967979],[11.714464,55.968002],[11.714052,55.968222],[11.71373,55.968689],[11.714501,55.968884],[11.715001,55.968885]]}},{"type":"Feature","properties":{"depth":7,"source":"Danmarks Dybdemodel 2024 ddm_50m.dybde","crs_source":"EPSG:3034","grid_m":50,"scope":"local","tileSource":"contours-local.geojson"},"geometry":{"type":"LineString","coordinates":[[11.695434,55.967212],[11.694604,55.967105],[11.693782,55.967216],[11.693166,55.967565],[11.69368,55.968022],[11.694651,55.968269],[11.695475,55.968209],[11.695769,55.967995],[11.695878,55.967531],[11.695434,55.967212]]}},{"type":"Feature","properties":{"depth":7,"source":"Danmarks Dybdemodel 2024 ddm_50m.dybde","crs_source":"EPSG:3034","grid_m":50,"scope":"local","tileSource":"contours-local.geojson"},"geometry":{"type":"LineString","coordinates":[[11.597924,55.966007],[11.5971,55.966079],[11.595475,55.966776],[11.594671,55.966478],[11.593812,55.966484],[11.593817,55.966952],[11.594657,55.966966],[11.595525,55.967395],[11.596333,55.967591],[11.59799,55.967715],[11.598811,55.967355],[11.598557,55.966431],[11.597924,55.966007]]}},{"type":"Feature","properties":{"depth":7,"source":"Danmarks Dybdemodel 2024 ddm_50m.dybde","crs_source":"EPSG:3034","grid_m":50,"scope":"local","tileSource":"contours-local.geojson"},"geometry":{"type":"LineString","coordinates":[[11.605203,55.962025],[11.603567,55.962432],[11.602707,55.962212],[11.601904,55.962685],[11.602353,55.963143],[11.601973,55.96394],[11.601451,55.96408],[11.601997,55.964545],[11.602822,55.964536],[11.604484,55.964779],[11.605307,55.964723],[11.605931,55.964489],[11.606545,55.963091],[11.605203,55.962025]]}},{"type":"Feature","properties":{"depth":7,"source":"Danmarks Dybdemodel 2024 ddm_50m.dybde","crs_source":"EPSG:3034","grid_m":50,"scope":"local","tileSource":"contours-local.geojson"},"geometry":{"type":"LineString","coordinates":[[11.599483,55.963622],[11.599502,55.964115],[11.600883,55.964087],[11.600326,55.964047],[11.599483,55.963622]]}},{"type":"Feature","properties":{"depth":7,"source":"Danmarks Dybdemodel 2024 ddm_50m.dybde","crs_source":"EPSG:3034","grid_m":50,"scope":"local","tileSource":"contours-local.geojson"},"geometry":{"type":"LineString","coordinates":[[11.615106,55.961853],[11.614511,55.962068],[11.613879,55.962539],[11.614331,55.963161],[11.615168,55.963439],[11.615705,55.962979],[11.615926,55.962513],[11.615698,55.962053],[11.615106,55.961853]]}},{"type":"Feature","properties":{"depth":7,"source":"Danmarks Dybdemodel 2024 ddm_50m.dybde","crs_source":"EPSG:3034","grid_m":50,"scope":"local","tileSource":"contours-local.geojson"},"geometry":{"type":"LineString","coordinates":[[11.639446,55.950831],[11.634493,55.951166],[11.634635,55.952091],[11.634548,55.952555],[11.633744,55.953029],[11.633855,55.953491],[11.633698,55.953956],[11.632974,55.954428],[11.633485,55.954885],[11.633862,55.955784],[11.634693,55.955796],[11.633907,55.956269],[11.634714,55.956466],[11.636428,55.958053],[11.637272,55.9585],[11.638938,55.958878],[11.640591,55.958908],[11.642221,55.958354],[11.644682,55.957948],[11.645512,55.958051],[11.646376,55.959007],[11.647266,55.960632],[11.647633,55.960268],[11.648072,55.96014],[11.648498,55.959794],[11.648788,55.959327],[11.648704,55.958865],[11.648562,55.958403],[11.64792,55.957948],[11.647788,55.957486],[11.646035,55.957045],[11.645452,55.956544],[11.64484,55.95567],[11.644489,55.953821],[11.645148,55.95335],[11.64509,55.952887],[11.644465,55.952474],[11.64436,55.952897],[11.643665,55.95312],[11.642016,55.95319],[11.640354,55.952918],[11.639688,55.952492],[11.639692,55.952028],[11.640084,55.951097],[11.639446,55.950831]]}},{"type":"Feature","properties":{"depth":7,"source":"Danmarks Dybdemodel 2024 ddm_50m.dybde","crs_source":"EPSG:3034","grid_m":50,"scope":"local","tileSource":"contours-local.geojson"},"geometry":{"type":"LineString","coordinates":[[11.630678,55.958803],[11.629854,55.958866],[11.629436,55.959104],[11.629476,55.959567],[11.629894,55.959888],[11.630724,55.959995],[11.631355,55.959544],[11.631345,55.959081],[11.630678,55.958803]]}},{"type":"Feature","properties":{"depth":7,"source":"Danmarks Dybdemodel 2024 ddm_50m.dybde","crs_source":"EPSG:3034","grid_m":50,"scope":"local","tileSource":"contours-local.geojson"},"geometry":{"type":"LineString","coordinates":[[11.657806,55.955745],[11.656973,55.955541],[11.656147,55.955554],[11.655346,55.956157],[11.655156,55.956467],[11.655095,55.956931],[11.657897,55.958021],[11.659745,55.957799],[11.660129,55.957331],[11.659511,55.957069],[11.657806,55.955745]]}},{"type":"Feature","properties":{"depth":7,"source":"Danmarks Dybdemodel 2024 ddm_50m.dybde","crs_source":"EPSG:3034","grid_m":50,"scope":"local","tileSource":"contours-local.geojson"},"geometry":{"type":"LineString","coordinates":[[11.65598,55.95136],[11.654884,55.951838],[11.654675,55.952304],[11.654786,55.952766],[11.655273,55.954339],[11.656128,55.955062],[11.656962,55.955287],[11.657571,55.954584],[11.657615,55.95412],[11.657147,55.9532],[11.65703,55.951811],[11.656812,55.951533],[11.65598,55.95136]]}},{"type":"Feature","properties":{"depth":7,"source":"Danmarks Dybdemodel 2024 ddm_50m.dybde","crs_source":"EPSG:3034","grid_m":50,"scope":"local","tileSource":"contours-local.geojson"},"geometry":{"type":"LineString","coordinates":[[11.645164,55.949286],[11.644345,55.949444],[11.643851,55.950123],[11.644824,55.951501],[11.644445,55.951965],[11.644452,55.952154],[11.645287,55.952386],[11.646111,55.952334],[11.647701,55.951465],[11.64771,55.951002],[11.64688,55.950914],[11.646025,55.950174],[11.64567,55.949637],[11.645164,55.949286]]}},{"type":"Feature","properties":{"depth":7,"source":"Danmarks Dybdemodel 2024 ddm_50m.dybde","crs_source":"EPSG:3034","grid_m":50,"scope":"local","tileSource":"contours-local.geojson"},"geometry":{"type":"LineString","coordinates":[[11.715001,55.858723],[11.714791,55.858874],[11.714926,55.859406],[11.715001,55.859406]]}},{"type":"Feature","properties":{"depth":7,"source":"Danmarks Dybdemodel 2024 ddm_50m.dybde","crs_source":"EPSG:3034","grid_m":50,"scope":"local","tileSource":"contours-local.geojson"},"geometry":{"type":"LineString","coordinates":[[11.715001,55.871606],[11.713781,55.871582],[11.713335,55.871867],[11.713354,55.87233],[11.713,55.872627],[11.710566,55.873565],[11.708901,55.873154],[11.708077,55.873158],[11.707466,55.87287],[11.70827,55.872396],[11.708217,55.871933],[11.708022,55.871821],[11.707198,55.871831],[11.706434,55.871493],[11.706421,55.87103],[11.706874,55.870561],[11.70653,55.870102],[11.706743,55.869636],[11.706677,55.869173],[11.706258,55.869016],[11.703792,55.869151],[11.703566,55.869214],[11.702993,55.86977],[11.70217,55.869799],[11.701355,55.87001],[11.701089,55.870173],[11.701015,55.870637],[11.700386,55.871108],[11.700569,55.871569],[11.699778,55.872043],[11.69956,55.872509],[11.699497,55.873436],[11.698923,55.873907],[11.698836,55.874372],[11.699073,55.87466],[11.699501,55.874826],[11.699723,55.875287],[11.699111,55.87559],[11.699,55.875759],[11.69893,55.876687],[11.698233,55.877159],[11.698362,55.877424],[11.699196,55.877657],[11.700038,55.878103],[11.700145,55.877598],[11.700832,55.877361],[11.702474,55.877203],[11.703288,55.876959],[11.705768,55.877133],[11.706226,55.877519],[11.706614,55.87766],[11.709076,55.877413],[11.709291,55.877479],[11.709929,55.878109],[11.710759,55.878265],[11.712407,55.87825],[11.713035,55.878357],[11.715001,55.878874]]}},{"type":"Feature","properties":{"depth":7,"source":"Danmarks Dybdemodel 2024 ddm_50m.dybde","crs_source":"EPSG:3034","grid_m":50,"scope":"local","tileSource":"contours-local.geojson"},"geometry":{"type":"LineString","coordinates":[[11.697563,55.878049],[11.696739,55.878059],[11.696676,55.878569],[11.697585,55.878584],[11.697647,55.878094],[11.697563,55.878049]]}},{"type":"Feature","properties":{"depth":7,"source":"Danmarks Dybdemodel 2024 ddm_50m.dybde","crs_source":"EPSG:3034","grid_m":50,"scope":"local","tileSource":"contours-local.geojson"},"geometry":{"type":"LineString","coordinates":[[11.695796,55.875148],[11.694963,55.874927],[11.694623,55.875353],[11.695807,55.875398],[11.695796,55.875148]]}},{"type":"Feature","properties":{"depth":8,"source":"Danmarks Dybdemodel 2024 ddm_50m.dybde","crs_source":"EPSG:3034","grid_m":50,"scope":"local","tileSource":"contours-local.geojson"},"geometry":{"type":"LineString","coordinates":[[11.715001,56.001292],[11.711713,56.001381],[11.71169,56.000812],[11.71221,56.000209],[11.711635,55.999483],[11.708336,55.999667],[11.70583,55.999027],[11.705255,55.997983],[11.708298,55.996091],[11.708137,55.994851],[11.705687,55.99557],[11.705198,55.994741],[11.707015,55.993328],[11.706601,55.991481],[11.705696,55.990103],[11.70294,55.989057],[11.702337,55.98783],[11.700501,55.986464],[11.701994,55.986146],[11.703293,55.985038],[11.702196,55.984126],[11.701436,55.983209],[11.702258,55.981809],[11.702289,55.980882],[11.703304,55.979942],[11.704373,55.977612],[11.704175,55.976688],[11.703213,55.975619],[11.702012,55.976253],[11.699924,55.975999],[11.698341,55.975374],[11.698082,55.974914],[11.69498,55.976304],[11.693781,55.976359],[11.693529,55.974973],[11.694415,55.973108],[11.693192,55.972977],[11.689925,55.973911],[11.686649,55.974592],[11.68334,55.974495],[11.682599,55.973723],[11.681424,55.972812],[11.682177,55.971875],[11.679125,55.972395],[11.679406,55.971448],[11.676606,55.971408],[11.67501,55.971503],[11.672501,55.972033],[11.672338,55.971537],[11.672495,55.970609],[11.669116,55.970016],[11.665121,55.970239],[11.662555,55.971209],[11.661233,55.972604],[11.661841,55.974001],[11.659276,55.973556],[11.660879,55.974462],[11.661019,55.975387],[11.660988,55.976313],[11.659545,55.978548],[11.658976,55.979581],[11.660115,55.980494],[11.659552,55.980964],[11.658015,55.981595],[11.655535,55.981572],[11.653848,55.980693],[11.651692,55.981063],[11.649807,55.98296],[11.64735,55.983528],[11.646556,55.984321],[11.644936,55.98439],[11.647025,55.983437],[11.646989,55.982048],[11.647263,55.98132],[11.644781,55.981247],[11.643095,55.980409],[11.641824,55.980723],[11.640974,55.98166],[11.64232,55.981698],[11.642136,55.983035],[11.639093,55.983667],[11.637068,55.983098],[11.63405,55.981498],[11.631566,55.981363],[11.630906,55.982248],[11.633278,55.982889],[11.633764,55.983602],[11.631679,55.984248],[11.629485,55.983655],[11.630028,55.982722],[11.629452,55.981803],[11.626028,55.980919],[11.628223,55.980394],[11.630665,55.979466],[11.633987,55.979921],[11.636531,55.978472],[11.638038,55.977873],[11.63971,55.978392],[11.641942,55.977479],[11.642517,55.976545],[11.641259,55.975771],[11.639601,55.97562],[11.639025,55.974735],[11.637079,55.974516],[11.635066,55.973395],[11.631248,55.973304],[11.626253,55.972325],[11.623775,55.972334],[11.622141,55.972795],[11.617185,55.972804],[11.615541,55.973008],[11.612051,55.972289],[11.611354,55.971548],[11.609352,55.971859],[11.608916,55.97257],[11.610327,55.972773],[11.612688,55.973208],[11.610647,55.974598],[11.609018,55.974179],[11.608102,55.972897],[11.604833,55.97379],[11.602342,55.973469],[11.601429,55.974271],[11.601151,55.975664],[11.59913,55.975874],[11.598973,55.975228],[11.596208,55.973871],[11.594882,55.972498],[11.593831,55.972511],[11.59234,55.971164],[11.590667,55.970622],[11.586292,55.967969],[11.583238,55.966616],[11.583111,55.967421],[11.58192,55.967095],[11.582941,55.96662],[11.583058,55.966039],[11.580704,55.964794],[11.57967,55.963831],[11.569669,55.961431],[11.566331,55.960509],[11.56093,55.959471],[11.558841,55.958977],[11.555509,55.958209]]}},{"type":"Feature","properties":{"depth":8,"source":"Danmarks Dybdemodel 2024 ddm_50m.dybde","crs_source":"EPSG:3034","grid_m":50,"scope":"local","tileSource":"contours-local.geojson"},"geometry":{"type":"LineString","coordinates":[[11.712045,55.989413],[11.711218,55.989411],[11.710643,55.989575],[11.710174,55.990045],[11.710299,55.990506],[11.711362,55.991419],[11.712139,55.991686],[11.712963,55.991625],[11.713295,55.991394],[11.713335,55.99093],[11.712385,55.989553],[11.712045,55.989413]]}},{"type":"Feature","properties":{"depth":8,"source":"Danmarks Dybdemodel 2024 ddm_50m.dybde","crs_source":"EPSG:3034","grid_m":50,"scope":"local","tileSource":"contours-local.geojson"},"geometry":{"type":"LineString","coordinates":[[11.639074,55.987242],[11.638416,55.987432],[11.638072,55.987255],[11.638403,55.987122],[11.639074,55.987242]]}},{"type":"Feature","properties":{"depth":8,"source":"Danmarks Dybdemodel 2024 ddm_50m.dybde","crs_source":"EPSG:3034","grid_m":50,"scope":"local","tileSource":"contours-local.geojson"},"geometry":{"type":"LineString","coordinates":[[11.699082,55.986019],[11.699526,55.986416],[11.699792,55.986473],[11.699436,55.986478],[11.698324,55.986029],[11.698671,55.985729],[11.699082,55.986019]]}},{"type":"Feature","properties":{"depth":8,"source":"Danmarks Dybdemodel 2024 ddm_50m.dybde","crs_source":"EPSG:3034","grid_m":50,"scope":"local","tileSource":"contours-local.geojson"},"geometry":{"type":"LineString","coordinates":[[11.714041,55.977731],[11.713211,55.977647],[11.711572,55.977973],[11.711213,55.97845],[11.71125,55.978913],[11.711619,55.979117],[11.712844,55.978892],[11.713157,55.978425],[11.714846,55.97794],[11.714041,55.977731]]}},{"type":"Feature","properties":{"depth":8,"source":"Danmarks Dybdemodel 2024 ddm_50m.dybde","crs_source":"EPSG:3034","grid_m":50,"scope":"local","tileSource":"contours-local.geojson"},"geometry":{"type":"LineString","coordinates":[[11.616676,55.977328],[11.617557,55.97778],[11.61656,55.977957],[11.615654,55.977804],[11.61564,55.97734],[11.616676,55.977328]]}},{"type":"Feature","properties":{"depth":8,"source":"Danmarks Dybdemodel 2024 ddm_50m.dybde","crs_source":"EPSG:3034","grid_m":50,"scope":"local","tileSource":"contours-local.geojson"},"geometry":{"type":"LineString","coordinates":[[11.645394,55.975874],[11.644426,55.976058],[11.644303,55.976523],[11.644598,55.976631],[11.644949,55.976515],[11.645632,55.976043],[11.645394,55.975874]]}},{"type":"Feature","properties":{"depth":8,"source":"Danmarks Dybdemodel 2024 ddm_50m.dybde","crs_source":"EPSG:3034","grid_m":50,"scope":"local","tileSource":"contours-local.geojson"},"geometry":{"type":"LineString","coordinates":[[11.637997,55.975675],[11.638353,55.976134],[11.637973,55.976247],[11.637132,55.975869],[11.636214,55.975697],[11.636295,55.975595],[11.63712,55.975559],[11.637997,55.975675]]}},{"type":"Feature","properties":{"depth":8,"source":"Danmarks Dybdemodel 2024 ddm_50m.dybde","crs_source":"EPSG:3034","grid_m":50,"scope":"local","tileSource":"contours-local.geojson"},"geometry":{"type":"LineString","coordinates":[[11.604741,55.971439],[11.603919,55.971539],[11.603719,55.971927],[11.604781,55.972448],[11.605638,55.972367],[11.604741,55.971439]]}},{"type":"Feature","properties":{"depth":8,"source":"Danmarks Dybdemodel 2024 ddm_50m.dybde","crs_source":"EPSG:3034","grid_m":50,"scope":"local","tileSource":"contours-local.geojson"},"geometry":{"type":"LineString","coordinates":[[11.639457,55.951103],[11.638626,55.951115],[11.63864,55.951578],[11.639475,55.95157],[11.639457,55.951103]]}},{"type":"Feature","properties":{"depth":8,"source":"Danmarks Dybdemodel 2024 ddm_50m.dybde","crs_source":"EPSG:3034","grid_m":50,"scope":"local","tileSource":"contours-local.geojson"},"geometry":{"type":"LineString","coordinates":[[11.715001,55.872456],[11.714123,55.872783],[11.71384,55.873014],[11.713025,55.873245],[11.712175,55.873735],[11.710586,55.874052],[11.70975,55.873756],[11.708926,55.873763],[11.707194,55.874263],[11.707556,55.875185],[11.708174,55.875516],[11.709834,55.875817],[11.710655,55.875736],[11.711494,55.876088],[11.712312,55.875932],[11.714781,55.875848],[11.715001,55.875879]]}},{"type":"Feature","properties":{"depth":10,"source":"Danmarks Dybdemodel 2024 ddm_50m.dybde","crs_source":"EPSG:3034","grid_m":50,"scope":"local","tileSource":"contours-local.geojson"},"geometry":{"type":"LineString","coordinates":[[11.715001,56.007121],[11.714801,56.007124],[11.713993,56.007597],[11.713588,56.006725],[11.711999,56.006234],[11.710867,56.006248],[11.709464,56.006963],[11.703406,56.006345],[11.703712,56.004951],[11.702741,56.004316],[11.701082,56.004186],[11.699965,56.004073],[11.701023,56.002748],[11.702646,56.002025],[11.703852,56.001244],[11.703406,56.000386],[11.701762,56.000624],[11.700091,56.0002],[11.698524,55.998996],[11.699954,55.997125],[11.700309,55.995731],[11.699853,55.994387],[11.698626,55.992973],[11.695646,55.992572],[11.69402,55.993238],[11.692763,55.992585],[11.693161,55.991654],[11.691789,55.990745],[11.690579,55.989919],[11.689727,55.98929],[11.688101,55.989954],[11.687961,55.990794],[11.687929,55.991721],[11.687369,55.992289],[11.686495,55.991106],[11.6848,55.990073],[11.683502,55.989461],[11.682937,55.987616],[11.683009,55.985762],[11.682027,55.984848],[11.680448,55.984659],[11.680677,55.983939],[11.67946,55.983028],[11.679097,55.982106],[11.677838,55.981414],[11.670499,55.983839],[11.667059,55.984112],[11.665537,55.983733],[11.663118,55.98523],[11.66064,55.985236],[11.658975,55.985603],[11.657355,55.985748],[11.654467,55.986587],[11.649143,55.987033],[11.647528,55.988002],[11.645048,55.987983],[11.642578,55.988191],[11.639301,55.98892],[11.635141,55.988213],[11.631818,55.987771],[11.62685,55.987516],[11.615223,55.986031],[11.610219,55.984847],[11.608329,55.984378],[11.605185,55.982891],[11.601524,55.981682],[11.600665,55.980766],[11.599292,55.980063],[11.597613,55.979368],[11.595106,55.978635],[11.593434,55.978133],[11.590049,55.976042],[11.587493,55.974009],[11.585488,55.974001],[11.584941,55.973081],[11.582471,55.972299],[11.58175,55.971266],[11.579887,55.969436],[11.578904,55.968058],[11.577698,55.966683],[11.57559,55.965116],[11.572273,55.96476],[11.57147,55.965386],[11.570609,55.964442],[11.568127,55.964346],[11.565511,55.963586],[11.565787,55.962656],[11.560586,55.961476],[11.557269,55.961098],[11.556423,55.960553],[11.555591,55.960398]]}},{"type":"Feature","properties":{"depth":10,"source":"Danmarks Dybdemodel 2024 ddm_50m.dybde","crs_source":"EPSG:3034","grid_m":50,"scope":"local","tileSource":"contours-local.geojson"},"geometry":{"type":"LineString","coordinates":[[11.68014,55.985799],[11.679439,55.985807],[11.679664,55.985701],[11.68014,55.985799]]}},{"type":"Feature","properties":{"depth":10,"source":"Danmarks Dybdemodel 2024 ddm_50m.dybde","crs_source":"EPSG:3034","grid_m":50,"scope":"local","tileSource":"contours-local.geojson"},"geometry":{"type":"LineString","coordinates":[[11.669933,55.984539],[11.669353,55.984546],[11.669693,55.98434],[11.669933,55.984539]]}},{"type":"Feature","properties":{"depth":12,"source":"Danmarks Dybdemodel 2024 ddm_50m.dybde","crs_source":"EPSG:3034","grid_m":50,"scope":"local","tileSource":"contours-local.geojson"},"geometry":{"type":"LineString","coordinates":[[11.715001,56.018855],[11.713298,56.01826],[11.713361,56.017796],[11.713215,56.017685],[11.712395,56.017859],[11.710622,56.017832],[11.710552,56.01737],[11.710895,56.016902],[11.709851,56.016344],[11.709332,56.016459],[11.709039,56.016709],[11.708641,56.017394],[11.708245,56.017488],[11.707404,56.01717],[11.704089,56.016987],[11.701571,56.01609],[11.699914,56.016016],[11.698712,56.01567],[11.697913,56.015217],[11.698075,56.014752],[11.697478,56.014296],[11.696457,56.013846],[11.695981,56.013389],[11.695958,56.012926],[11.696304,56.011995],[11.69634,56.011068],[11.69586,56.010148],[11.69535,56.009691],[11.694683,56.009445],[11.693027,56.009385],[11.692686,56.008799],[11.691746,56.008348],[11.69047,56.007494],[11.687947,56.006459],[11.684633,56.006276],[11.681523,56.005699],[11.681232,56.004777],[11.680395,56.003721],[11.679565,56.003636],[11.677939,56.004319],[11.677116,56.004392],[11.675456,56.004241],[11.672947,56.003538],[11.671254,56.002548],[11.667887,56.001038],[11.662916,56.000783],[11.662078,56.000481],[11.660386,55.999511],[11.659913,55.999025],[11.660106,55.998559],[11.661515,55.997152],[11.661934,55.996895],[11.662065,55.996682],[11.66192,55.996549],[11.659423,55.996121],[11.659009,55.996257],[11.658623,55.996782],[11.657814,55.997212],[11.656992,55.997332],[11.654504,55.99713],[11.652841,55.996891],[11.651172,55.996471],[11.649794,55.99591],[11.648644,55.99527],[11.642842,55.994848],[11.642005,55.99458],[11.64129,55.994163],[11.64086,55.993705],[11.641342,55.992772],[11.641401,55.992309],[11.640821,55.991853],[11.639122,55.990947],[11.638872,55.990487],[11.637691,55.990016],[11.636138,55.990058],[11.635382,55.99053],[11.635057,55.990998],[11.634724,55.991928],[11.634773,55.992391],[11.634487,55.992577],[11.632848,55.992931],[11.632021,55.99292],[11.631191,55.992835],[11.63072,55.992441],[11.630833,55.991976],[11.630751,55.991514],[11.630302,55.991239],[11.628688,55.992236],[11.626185,55.991627],[11.625366,55.991815],[11.623698,55.991434],[11.623062,55.991146],[11.622852,55.990926],[11.621179,55.990424],[11.612067,55.989874],[11.610392,55.989298],[11.609566,55.989318],[11.607894,55.98882],[11.607398,55.988559],[11.607035,55.987988],[11.606205,55.987889],[11.605673,55.987653],[11.604406,55.986742],[11.603995,55.986284],[11.602814,55.985664],[11.601792,55.985384],[11.600001,55.984016],[11.599436,55.983797],[11.597708,55.983581],[11.597082,55.983125],[11.59518,55.982222],[11.59273,55.981291],[11.590652,55.979961],[11.589347,55.979278],[11.588409,55.979061],[11.584318,55.977376],[11.582649,55.976948],[11.58101,55.975908],[11.580769,55.975447],[11.580084,55.974683],[11.578388,55.97354],[11.577547,55.973136],[11.576714,55.972945],[11.575889,55.972977],[11.574249,55.973306],[11.571694,55.97324],[11.571374,55.97278],[11.571762,55.972312],[11.572992,55.971371],[11.57232,55.970453],[11.571647,55.970045],[11.568327,55.969607],[11.567487,55.969238],[11.566647,55.968668],[11.56498,55.96848],[11.563329,55.968508],[11.559217,55.968976],[11.555913,55.968975]]}},{"type":"Feature","properties":{"depth":12,"source":"Danmarks Dybdemodel 2024 ddm_50m.dybde","crs_source":"EPSG:3034","grid_m":50,"scope":"local","tileSource":"contours-local.geojson"},"geometry":{"type":"LineString","coordinates":[[11.681146,56.005704],[11.680916,56.00617],[11.6805,56.006298],[11.679673,56.006305],[11.679522,56.006188],[11.680473,56.005643],[11.681146,56.005704]]}},{"type":"Feature","properties":{"depth":12,"source":"Danmarks Dybdemodel 2024 ddm_50m.dybde","crs_source":"EPSG:3034","grid_m":50,"scope":"local","tileSource":"contours-local.geojson"},"geometry":{"type":"LineString","coordinates":[[11.667263,56.004491],[11.667272,56.004954],[11.667071,56.004956],[11.667083,56.004493],[11.667196,56.004409],[11.667263,56.004491]]}},{"type":"Feature","properties":{"depth":15,"source":"Danmarks Dybdemodel 2024 ddm_50m.dybde","crs_source":"EPSG:3034","grid_m":50,"scope":"local","tileSource":"contours-local.geojson"},"geometry":{"type":"LineString","coordinates":[[11.715001,56.033369],[11.714934,56.033525],[11.715001,56.033701]]}},{"type":"Feature","properties":{"depth":15,"source":"Danmarks Dybdemodel 2024 ddm_50m.dybde","crs_source":"EPSG:3034","grid_m":50,"scope":"local","tileSource":"contours-local.geojson"},"geometry":{"type":"LineString","coordinates":[[11.715001,56.034999],[11.714198,56.035387],[11.712309,56.035763],[11.70982,56.035608],[11.707348,56.035835],[11.706515,56.035708],[11.704878,56.035045],[11.703163,56.03467],[11.699013,56.034354],[11.697345,56.03403],[11.695556,56.033312],[11.695207,56.032853],[11.694804,56.032582],[11.689784,56.031192],[11.687594,56.029708],[11.682907,56.027452],[11.682167,56.02697],[11.681334,56.02684],[11.67969,56.027098],[11.678705,56.027043],[11.67802,56.026693],[11.677823,56.026128],[11.677177,56.025673],[11.676313,56.025403],[11.675258,56.025697],[11.675012,56.026163],[11.675558,56.027188],[11.676783,56.028457],[11.675631,56.028996],[11.674804,56.029001],[11.67152,56.029596],[11.670694,56.029627],[11.669856,56.02937],[11.669028,56.02934],[11.668446,56.029489],[11.66822,56.029823],[11.667839,56.029033],[11.666426,56.028125],[11.664823,56.027631],[11.663163,56.027507],[11.662032,56.027254],[11.659793,56.025976],[11.658952,56.025634],[11.65728,56.025189],[11.656457,56.025279],[11.650645,56.024735],[11.649006,56.024175],[11.647599,56.023266],[11.645542,56.021204],[11.645117,56.020981],[11.644851,56.020521],[11.645439,56.020051],[11.645416,56.019588],[11.645076,56.019129],[11.644625,56.01895],[11.643806,56.019136],[11.643253,56.019615],[11.643498,56.020075],[11.64461,56.020524],[11.643874,56.020843],[11.642201,56.020375],[11.641389,56.020752],[11.638889,56.021522],[11.636499,56.022568],[11.635676,56.022685],[11.634845,56.022583],[11.631471,56.020909],[11.629768,56.020245],[11.628938,56.019593],[11.624776,56.018917],[11.62394,56.018683],[11.623091,56.018108],[11.621453,56.018517],[11.619796,56.018448],[11.618432,56.018069],[11.618103,56.01761],[11.618037,56.017147],[11.617684,56.016688],[11.615441,56.015326],[11.615215,56.014866],[11.615147,56.014404],[11.615309,56.013475],[11.615554,56.013009],[11.616007,56.01254],[11.615317,56.012085],[11.613607,56.011643],[11.612891,56.011036],[11.612727,56.010728],[11.612778,56.010264],[11.613126,56.009796],[11.614472,56.009164],[11.6153,56.009185],[11.616992,56.010189],[11.617825,56.010336],[11.619472,56.010167],[11.621137,56.010459],[11.622342,56.010146],[11.622574,56.00968],[11.620251,56.008936],[11.619427,56.009007],[11.617748,56.008379],[11.615255,56.008042],[11.61441,56.00758],[11.611854,56.005632],[11.611013,56.005259],[11.60936,56.005269],[11.60524,56.005629],[11.602725,56.00472],[11.600228,56.00428],[11.598574,56.004268],[11.597763,56.004688],[11.597293,56.005357],[11.597809,56.005876],[11.599545,56.006719],[11.59988,56.007178],[11.600735,56.009021],[11.601873,56.010397],[11.60202,56.010858],[11.602724,56.011776],[11.602823,56.012701],[11.602223,56.01312],[11.601405,56.013348],[11.598091,56.013182],[11.59728,56.012768],[11.596997,56.012309],[11.596394,56.012045],[11.593876,56.01107],[11.593049,56.011065],[11.592205,56.010623],[11.589721,56.010545],[11.588081,56.010901],[11.587257,56.010956],[11.58701,56.010576],[11.58641,56.010431],[11.585544,56.009409],[11.584709,56.009201],[11.583884,56.009245],[11.582995,56.009698],[11.582894,56.010163],[11.583344,56.011547],[11.58252,56.01202],[11.58068,56.011954],[11.579845,56.011739],[11.578847,56.012064],[11.578518,56.012531],[11.57866,56.012993],[11.579208,56.013449],[11.579922,56.013756],[11.581588,56.014085],[11.582212,56.01434],[11.583456,56.015251],[11.583879,56.015709],[11.585739,56.018003],[11.585713,56.018466],[11.585081,56.01891],[11.584255,56.018941],[11.583422,56.01878],[11.582571,56.018162],[11.581731,56.017824],[11.579235,56.017422],[11.578224,56.016703],[11.576706,56.016166],[11.575022,56.015353],[11.57058,56.014479],[11.569585,56.014027],[11.569272,56.013568],[11.568958,56.012645],[11.569223,56.012179],[11.571051,56.011231],[11.571307,56.010764],[11.571162,56.010303],[11.569535,56.009859],[11.567338,56.00899],[11.565673,56.008663],[11.564828,56.008202],[11.564449,56.007604],[11.56455,56.007139],[11.56547,56.005739],[11.564723,56.005423],[11.563898,56.00547],[11.562285,56.006541],[11.559834,56.007307],[11.558188,56.007508],[11.557356,56.007368]]}},{"type":"Feature","properties":{"depth":15,"source":"Danmarks Dybdemodel 2024 ddm_50m.dybde","crs_source":"EPSG:3034","grid_m":50,"scope":"local","tileSource":"contours-local.geojson"},"geometry":{"type":"LineString","coordinates":[[11.704609,56.037827],[11.704132,56.038117],[11.703775,56.037838],[11.704112,56.037625],[11.704609,56.037827]]}},{"type":"Feature","properties":{"depth":15,"source":"Danmarks Dybdemodel 2024 ddm_50m.dybde","crs_source":"EPSG:3034","grid_m":50,"scope":"local","tileSource":"contours-local.geojson"},"geometry":{"type":"LineString","coordinates":[[11.675207,56.032645],[11.675411,56.033106],[11.674975,56.033209],[11.673913,56.033125],[11.673915,56.032662],[11.675207,56.032645]]}},{"type":"Feature","properties":{"depth":15,"source":"Danmarks Dybdemodel 2024 ddm_50m.dybde","crs_source":"EPSG:3034","grid_m":50,"scope":"local","tileSource":"contours-local.geojson"},"geometry":{"type":"LineString","coordinates":[[11.666945,56.030897],[11.666492,56.030903],[11.666601,56.0307],[11.666945,56.030897]]}},{"type":"Feature","properties":{"depth":15,"source":"Danmarks Dybdemodel 2024 ddm_50m.dybde","crs_source":"EPSG:3034","grid_m":50,"scope":"local","tileSource":"contours-local.geojson"},"geometry":{"type":"LineString","coordinates":[[11.662679,56.030025],[11.662001,56.030497],[11.661233,56.030506],[11.661321,56.030042],[11.662679,56.030025]]}},{"type":"Feature","properties":{"depth":15,"source":"Danmarks Dybdemodel 2024 ddm_50m.dybde","crs_source":"EPSG:3034","grid_m":50,"scope":"local","tileSource":"contours-local.geojson"},"geometry":{"type":"LineString","coordinates":[[11.648699,56.027884],[11.650815,56.029002],[11.652044,56.029232],[11.651976,56.029696],[11.651675,56.029824],[11.650017,56.029726],[11.64837,56.029916],[11.64671,56.029775],[11.645874,56.029556],[11.64503,56.02912],[11.644765,56.02886],[11.644675,56.028398],[11.644738,56.027934],[11.64497,56.027612],[11.645792,56.027478],[11.647448,56.02754],[11.648699,56.027884]]}},{"type":"Feature","properties":{"depth":15,"source":"Danmarks Dybdemodel 2024 ddm_50m.dybde","crs_source":"EPSG:3034","grid_m":50,"scope":"local","tileSource":"contours-local.geojson"},"geometry":{"type":"LineString","coordinates":[[11.621717,56.022197],[11.622496,56.022651],[11.623279,56.022922],[11.624111,56.023035],[11.627405,56.02268],[11.628181,56.023044],[11.627809,56.023512],[11.626571,56.02399],[11.62598,56.024461],[11.626287,56.02492],[11.627032,56.025374],[11.629191,56.026034],[11.630023,56.02614],[11.631644,56.025317],[11.631758,56.024853],[11.63116,56.023934],[11.631583,56.023745],[11.633746,56.023902],[11.63328,56.024851],[11.631502,56.026708],[11.630071,56.027362],[11.62847,56.028713],[11.627652,56.028948],[11.625181,56.029212],[11.624459,56.029575],[11.623541,56.029596],[11.623475,56.029123],[11.623688,56.028658],[11.623322,56.027273],[11.622182,56.025897],[11.62112,56.024984],[11.621052,56.024521],[11.621492,56.0222],[11.621717,56.022197]]}},{"type":"Feature","properties":{"depth":15,"source":"Danmarks Dybdemodel 2024 ddm_50m.dybde","crs_source":"EPSG:3034","grid_m":50,"scope":"local","tileSource":"contours-local.geojson"},"geometry":{"type":"LineString","coordinates":[[11.668801,56.023731],[11.667973,56.023703],[11.667331,56.023945],[11.667281,56.024408],[11.668018,56.024828],[11.668844,56.024788],[11.669467,56.024381],[11.669319,56.023919],[11.668801,56.023731]]}},{"type":"Feature","properties":{"depth":15,"source":"Danmarks Dybdemodel 2024 ddm_50m.dybde","crs_source":"EPSG:3034","grid_m":50,"scope":"local","tileSource":"contours-local.geojson"},"geometry":{"type":"LineString","coordinates":[[11.689434,56.022629],[11.68899,56.022743],[11.688807,56.023208],[11.690313,56.02391],[11.691005,56.023643],[11.691311,56.023176],[11.690275,56.022962],[11.689434,56.022629]]}},{"type":"Feature","properties":{"depth":15,"source":"Danmarks Dybdemodel 2024 ddm_50m.dybde","crs_source":"EPSG:3034","grid_m":50,"scope":"local","tileSource":"contours-local.geojson"},"geometry":{"type":"LineString","coordinates":[[11.615426,56.023664],[11.61582,56.024122],[11.61507,56.024488],[11.614236,56.024325],[11.613973,56.024145],[11.613909,56.023683],[11.614196,56.023285],[11.615426,56.023664]]}},{"type":"Feature","properties":{"depth":15,"source":"Danmarks Dybdemodel 2024 ddm_50m.dybde","crs_source":"EPSG:3034","grid_m":50,"scope":"local","tileSource":"contours-local.geojson"},"geometry":{"type":"LineString","coordinates":[[11.686937,56.022251],[11.686802,56.022307],[11.686584,56.022773],[11.686966,56.022948],[11.687793,56.022949],[11.687999,56.022755],[11.686937,56.022251]]}},{"type":"Feature","properties":{"depth":15,"source":"Danmarks Dybdemodel 2024 ddm_50m.dybde","crs_source":"EPSG:3034","grid_m":50,"scope":"local","tileSource":"contours-local.geojson"},"geometry":{"type":"LineString","coordinates":[[11.681094,56.020922],[11.680258,56.020711],[11.679437,56.020853],[11.679105,56.021016],[11.678944,56.021481],[11.679323,56.02194],[11.679966,56.022395],[11.681165,56.022687],[11.683645,56.022652],[11.684322,56.022339],[11.684637,56.021872],[11.683898,56.021418],[11.681094,56.020922]]}},{"type":"Feature","properties":{"depth":15,"source":"Danmarks Dybdemodel 2024 ddm_50m.dybde","crs_source":"EPSG:3034","grid_m":50,"scope":"local","tileSource":"contours-local.geojson"},"geometry":{"type":"LineString","coordinates":[[11.674421,56.019542],[11.672757,56.019281],[11.671937,56.019458],[11.671714,56.01972],[11.671592,56.020185],[11.671973,56.020343],[11.67363,56.020427],[11.674469,56.020728],[11.677036,56.020579],[11.676094,56.020001],[11.675261,56.019862],[11.674421,56.019542]]}},{"type":"Feature","properties":{"depth":15,"source":"Danmarks Dybdemodel 2024 ddm_50m.dybde","crs_source":"EPSG:3034","grid_m":50,"scope":"local","tileSource":"contours-local.geojson"},"geometry":{"type":"LineString","coordinates":[[11.611313,56.020009],[11.611609,56.020581],[11.610794,56.020887],[11.609951,56.020473],[11.609483,56.020031],[11.609924,56.019781],[11.610752,56.019815],[11.611313,56.020009]]}},{"type":"Feature","properties":{"depth":15,"source":"Danmarks Dybdemodel 2024 ddm_50m.dybde","crs_source":"EPSG:3034","grid_m":50,"scope":"local","tileSource":"contours-local.geojson"},"geometry":{"type":"LineString","coordinates":[[11.621369,56.016391],[11.620541,56.016362],[11.619871,56.016662],[11.621395,56.017049],[11.621892,56.016637],[11.621369,56.016391]]}},{"type":"Feature","properties":{"depth":15,"source":"Danmarks Dybdemodel 2024 ddm_50m.dybde","crs_source":"EPSG:3034","grid_m":50,"scope":"local","tileSource":"contours-local.geojson"},"geometry":{"type":"LineString","coordinates":[[11.669266,56.014759],[11.668507,56.015129],[11.668264,56.015595],[11.668486,56.015921],[11.669331,56.016366],[11.669752,56.01604],[11.670009,56.015573],[11.670023,56.01511],[11.669266,56.014759]]}},{"type":"Feature","properties":{"depth":15,"source":"Danmarks Dybdemodel 2024 ddm_50m.dybde","crs_source":"EPSG:3034","grid_m":50,"scope":"local","tileSource":"contours-local.geojson"},"geometry":{"type":"LineString","coordinates":[[11.566584,56.014989],[11.566742,56.015076],[11.566899,56.015449],[11.565846,56.015461],[11.565789,56.014999],[11.565909,56.014905],[11.566584,56.014989]]}},{"type":"Feature","properties":{"depth":15,"source":"Danmarks Dybdemodel 2024 ddm_50m.dybde","crs_source":"EPSG:3034","grid_m":50,"scope":"local","tileSource":"contours-local.geojson"},"geometry":{"type":"LineString","coordinates":[[11.597476,56.014156],[11.597696,56.014616],[11.597324,56.014728],[11.597013,56.014624],[11.597297,56.014025],[11.597476,56.014156]]}},{"type":"Feature","properties":{"depth":15,"source":"Danmarks Dybdemodel 2024 ddm_50m.dybde","crs_source":"EPSG:3034","grid_m":50,"scope":"local","tileSource":"contours-local.geojson"},"geometry":{"type":"LineString","coordinates":[[11.638595,56.012856],[11.63822,56.013656],[11.638632,56.013776],[11.638911,56.013647],[11.63908,56.013182],[11.638595,56.012856]]}},{"type":"Feature","properties":{"depth":15,"source":"Danmarks Dybdemodel 2024 ddm_50m.dybde","crs_source":"EPSG:3034","grid_m":50,"scope":"local","tileSource":"contours-local.geojson"},"geometry":{"type":"LineString","coordinates":[[11.592283,56.012829],[11.591968,56.013296],[11.591487,56.013454],[11.590666,56.013602],[11.590165,56.013318],[11.590212,56.012854],[11.590623,56.012492],[11.591447,56.01242],[11.592283,56.012829]]}},{"type":"Feature","properties":{"depth":15,"source":"Danmarks Dybdemodel 2024 ddm_50m.dybde","crs_source":"EPSG:3034","grid_m":50,"scope":"local","tileSource":"contours-local.geojson"},"geometry":{"type":"LineString","coordinates":[[11.607355,56.01172],[11.608304,56.012171],[11.608425,56.012633],[11.608006,56.012997],[11.607186,56.01315],[11.606354,56.013018],[11.605089,56.012674],[11.604726,56.012215],[11.605481,56.011845],[11.6063,56.011647],[11.607355,56.01172]]}},{"type":"Feature","properties":{"depth":15,"source":"Danmarks Dybdemodel 2024 ddm_50m.dybde","crs_source":"EPSG:3034","grid_m":50,"scope":"local","tileSource":"contours-local.geojson"},"geometry":{"type":"LineString","coordinates":[[11.636092,56.012276],[11.634431,56.012111],[11.633795,56.012321],[11.633889,56.012783],[11.634468,56.01305],[11.635291,56.012951],[11.635649,56.012761],[11.636092,56.012276]]}},{"type":"Feature","properties":{"depth":15,"source":"Danmarks Dybdemodel 2024 ddm_50m.dybde","crs_source":"EPSG:3034","grid_m":50,"scope":"local","tileSource":"contours-local.geojson"},"geometry":{"type":"LineString","coordinates":[[11.668244,56.009897],[11.667414,56.009839],[11.666518,56.010059],[11.666087,56.010527],[11.666253,56.010989],[11.666941,56.011443],[11.667996,56.011893],[11.669158,56.012059],[11.669363,56.011876],[11.669453,56.010485],[11.669065,56.010027],[11.668244,56.009897]]}},{"type":"Feature","properties":{"depth":15,"source":"Danmarks Dybdemodel 2024 ddm_50m.dybde","crs_source":"EPSG:3034","grid_m":50,"scope":"local","tileSource":"contours-local.geojson"},"geometry":{"type":"LineString","coordinates":[[11.587995,56.011491],[11.588429,56.011949],[11.588344,56.012413],[11.587324,56.012726],[11.586496,56.012685],[11.585896,56.012443],[11.585784,56.011981],[11.586448,56.011441],[11.587262,56.011096],[11.587995,56.011491]]}},{"type":"Feature","properties":{"depth":15,"source":"Danmarks Dybdemodel 2024 ddm_50m.dybde","crs_source":"EPSG:3034","grid_m":50,"scope":"local","tileSource":"contours-local.geojson"},"geometry":{"type":"LineString","coordinates":[[11.655041,56.010558],[11.654744,56.01067],[11.654366,56.011138],[11.654218,56.011603],[11.655094,56.011898],[11.655731,56.011584],[11.656198,56.011115],[11.655041,56.010558]]}},{"type":"Feature","properties":{"depth":15,"source":"Danmarks Dybdemodel 2024 ddm_50m.dybde","crs_source":"EPSG:3034","grid_m":50,"scope":"local","tileSource":"contours-local.geojson"},"geometry":{"type":"LineString","coordinates":[[11.626926,56.010478],[11.624725,56.01058],[11.624913,56.011041],[11.625301,56.011223],[11.627787,56.011366],[11.628305,56.010999],[11.627769,56.010899],[11.626926,56.010478]]}},{"type":"Feature","properties":{"depth":15,"source":"Danmarks Dybdemodel 2024 ddm_50m.dybde","crs_source":"EPSG:3034","grid_m":50,"scope":"local","tileSource":"contours-local.geojson"},"geometry":{"type":"LineString","coordinates":[[11.561821,56.010414],[11.562591,56.010868],[11.561623,56.010912],[11.561579,56.010417],[11.561821,56.010414]]}},{"type":"Feature","properties":{"depth":15,"source":"Danmarks Dybdemodel 2024 ddm_50m.dybde","crs_source":"EPSG:3034","grid_m":50,"scope":"local","tileSource":"contours-local.geojson"},"geometry":{"type":"LineString","coordinates":[[11.658254,56.008199],[11.657849,56.008315],[11.657647,56.008781],[11.658287,56.00902],[11.659117,56.009116],[11.659634,56.008756],[11.658254,56.008199]]}},{"type":"Feature","properties":{"depth":15,"source":"Danmarks Dybdemodel 2024 ddm_50m.dybde","crs_source":"EPSG:3034","grid_m":50,"scope":"local","tileSource":"contours-local.geojson"},"geometry":{"type":"LineString","coordinates":[[11.583592,56.001615],[11.582757,56.001402],[11.581929,56.001375],[11.581115,56.001688],[11.580946,56.001848],[11.580828,56.002313],[11.582824,56.003152],[11.583649,56.003112],[11.585311,56.003324],[11.585736,56.00318],[11.586064,56.002713],[11.583592,56.001615]]}},{"type":"Feature","properties":{"depth":15,"source":"Danmarks Dybdemodel 2024 ddm_50m.dybde","crs_source":"EPSG:3034","grid_m":50,"scope":"local","tileSource":"contours-local.geojson"},"geometry":{"type":"LineString","coordinates":[[11.570341,56.000955],[11.569529,56.001349],[11.568678,56.001995],[11.568595,56.002459],[11.568754,56.002703],[11.569574,56.002542],[11.571036,56.001967],[11.571785,56.001495],[11.570341,56.000955]]}},{"type":"Feature","properties":{"depth":15,"source":"Danmarks Dybdemodel 2024 ddm_50m.dybde","crs_source":"EPSG:3034","grid_m":50,"scope":"local","tileSource":"contours-local.geojson"},"geometry":{"type":"LineString","coordinates":[[11.576932,56.000397],[11.5761,56.000246],[11.574574,56.000535],[11.574392,56.001],[11.574753,56.001459],[11.576161,56.00185],[11.577803,56.001551],[11.57839,56.001879],[11.579476,56.002062],[11.580058,56.001859],[11.580202,56.001394],[11.576932,56.000397]]}},{"type":"Feature","properties":{"depth":15,"source":"Danmarks Dybdemodel 2024 ddm_50m.dybde","crs_source":"EPSG:3034","grid_m":50,"scope":"local","tileSource":"contours-local.geojson"},"geometry":{"type":"LineString","coordinates":[[11.566951,55.998768],[11.566439,55.999706],[11.566998,55.99999],[11.567827,56.00007],[11.568647,55.999885],[11.568935,55.999676],[11.569189,55.99921],[11.56861,55.998908],[11.566951,55.998768]]}},{"type":"Feature","properties":{"depth":15,"source":"Danmarks Dybdemodel 2024 ddm_50m.dybde","crs_source":"EPSG:3034","grid_m":50,"scope":"local","tileSource":"contours-local.geojson"},"geometry":{"type":"LineString","coordinates":[[11.573578,55.999135],[11.57274,55.998822],[11.572436,55.999171],[11.572552,55.999633],[11.572772,55.999664],[11.572981,55.999628],[11.573578,55.999135]]}},{"type":"Feature","properties":{"depth":15,"source":"Danmarks Dybdemodel 2024 ddm_50m.dybde","crs_source":"EPSG:3034","grid_m":50,"scope":"local","tileSource":"contours-local.geojson"},"geometry":{"type":"LineString","coordinates":[[11.595752,55.995414],[11.593273,55.995417],[11.592503,55.995688],[11.592286,55.996153],[11.592247,55.996617],[11.592552,55.99754],[11.5929,55.997999],[11.593383,55.998273],[11.595038,55.998325],[11.596711,55.998834],[11.598371,55.999008],[11.599429,55.998846],[11.599887,55.998377],[11.600075,55.997912],[11.599959,55.99745],[11.599575,55.996992],[11.597771,55.996087],[11.597417,55.995704],[11.595752,55.995414]]}},{"type":"Feature","properties":{"depth":15,"source":"Danmarks Dybdemodel 2024 ddm_50m.dybde","crs_source":"EPSG:3034","grid_m":50,"scope":"local","tileSource":"contours-local.geojson"},"geometry":{"type":"LineString","coordinates":[[11.604884,55.996437],[11.604575,55.996931],[11.604934,55.997741],[11.605778,55.998181],[11.606736,55.996905],[11.604884,55.996437]]}},{"type":"Feature","properties":{"depth":15,"source":"Danmarks Dybdemodel 2024 ddm_50m.dybde","crs_source":"EPSG:3034","grid_m":50,"scope":"local","tileSource":"contours-local.geojson"},"geometry":{"type":"LineString","coordinates":[[11.568053,55.9842],[11.567228,55.984247],[11.5669,55.984414],[11.566694,55.98488],[11.566894,55.985341],[11.569773,55.98597],[11.572276,55.987129],[11.572336,55.988205],[11.572975,55.988974],[11.573703,55.989428],[11.573219,55.989676],[11.571566,55.989669],[11.569892,55.989134],[11.56907,55.989226],[11.567832,55.989498],[11.567435,55.989699],[11.567095,55.98997],[11.567457,55.990282],[11.568913,55.990875],[11.569948,55.9906],[11.572443,55.991003],[11.573081,55.991289],[11.574443,55.992199],[11.574396,55.992663],[11.575012,55.993384],[11.577338,55.994944],[11.578395,55.995396],[11.580038,55.995133],[11.580851,55.994784],[11.582642,55.993027],[11.581229,55.992581],[11.580754,55.992231],[11.580648,55.992125],[11.580677,55.991661],[11.57989,55.991207],[11.580171,55.990741],[11.579855,55.99035],[11.578591,55.98937],[11.578612,55.988907],[11.5776,55.988455],[11.57729,55.988078],[11.575395,55.987555],[11.574797,55.987099],[11.572256,55.986087],[11.57056,55.984947],[11.568053,55.9842]]}},{"type":"Feature","properties":{"depth":15,"source":"Danmarks Dybdemodel 2024 ddm_50m.dybde","crs_source":"EPSG:3034","grid_m":50,"scope":"local","tileSource":"contours-local.geojson"},"geometry":{"type":"LineString","coordinates":[[11.598176,55.993961],[11.597343,55.993796],[11.596525,55.994021],[11.596253,55.994253],[11.596559,55.994712],[11.597403,55.995354],[11.597426,55.995165],[11.598227,55.994692],[11.598512,55.994225],[11.598176,55.993961]]}},{"type":"Feature","properties":{"depth":15,"source":"Danmarks Dybdemodel 2024 ddm_50m.dybde","crs_source":"EPSG:3034","grid_m":50,"scope":"local","tileSource":"contours-local.geojson"},"geometry":{"type":"LineString","coordinates":[[11.58224,55.987881],[11.581968,55.98794],[11.581433,55.988377],[11.579774,55.988215],[11.579602,55.988431],[11.580086,55.988889],[11.581176,55.989339],[11.581718,55.989796],[11.582672,55.990247],[11.582527,55.990712],[11.582974,55.99117],[11.583149,55.992095],[11.584094,55.993126],[11.585783,55.994071],[11.587448,55.99438],[11.588349,55.994348],[11.589088,55.994059],[11.589663,55.993406],[11.588293,55.992496],[11.588474,55.992031],[11.589002,55.991799],[11.590559,55.992469],[11.590691,55.992754],[11.592358,55.993126],[11.594874,55.994071],[11.595702,55.994117],[11.59636,55.993788],[11.596139,55.993328],[11.595664,55.993114],[11.595445,55.992873],[11.593986,55.992455],[11.592303,55.991677],[11.591455,55.991137],[11.590622,55.990957],[11.588946,55.990342],[11.588119,55.990332],[11.58728,55.990003],[11.586456,55.990057],[11.585613,55.989648],[11.584697,55.988834],[11.583918,55.988521],[11.58307,55.987959],[11.58224,55.987881]]}},{"type":"Feature","properties":{"depth":15,"source":"Danmarks Dybdemodel 2024 ddm_50m.dybde","crs_source":"EPSG:3034","grid_m":50,"scope":"local","tileSource":"contours-local.geojson"},"geometry":{"type":"LineString","coordinates":[[11.562285,55.984628],[11.561985,55.984936],[11.562972,55.984924],[11.562285,55.984628]]}},{"type":"Feature","properties":{"depth":15,"source":"Danmarks Dybdemodel 2024 ddm_50m.dybde","crs_source":"EPSG:3034","grid_m":50,"scope":"local","tileSource":"contours-local.geojson"},"geometry":{"type":"LineString","coordinates":[[11.563929,55.984404],[11.562758,55.984463],[11.563116,55.984751],[11.563949,55.984927],[11.564045,55.984911],[11.564151,55.984447],[11.563929,55.984404]]}},{"type":"Feature","properties":{"depth":20,"source":"Danmarks Dybdemodel 2024 ddm_50m.dybde","crs_source":"EPSG:3034","grid_m":50,"scope":"local","tileSource":"contours-local.geojson"},"geometry":{"type":"LineString","coordinates":[[11.715001,56.083568],[11.713846,56.083098],[11.713153,56.082644],[11.713262,56.08218],[11.713846,56.081246],[11.713903,56.080782],[11.713742,56.080321],[11.713183,56.079865],[11.711633,56.079409],[11.710798,56.079257],[11.709971,56.079277],[11.709167,56.079863],[11.708373,56.080689],[11.70756,56.081066],[11.706733,56.081102],[11.7019,56.080011],[11.701827,56.079549],[11.701697,56.079484],[11.700888,56.079952],[11.697537,56.079008],[11.695047,56.078891],[11.6929,56.078274],[11.692234,56.077819],[11.692532,56.077352],[11.693305,56.076792],[11.694121,56.076512],[11.696603,56.076447],[11.696795,56.076371],[11.6971,56.075904],[11.695728,56.075302],[11.694897,56.075236],[11.694626,56.07501],[11.694054,56.07486],[11.692394,56.07477],[11.691552,56.074433],[11.689888,56.074245],[11.688214,56.073806],[11.68737,56.073413],[11.685696,56.072984],[11.683196,56.072597],[11.682356,56.072315],[11.681694,56.071933],[11.681283,56.071475],[11.681481,56.071157],[11.681472,56.070924],[11.680634,56.070678],[11.680405,56.071023],[11.679021,56.071757],[11.677367,56.071809],[11.675693,56.071352],[11.671519,56.070527],[11.670692,56.070562],[11.669017,56.070077],[11.667364,56.070155],[11.66655,56.069809],[11.666277,56.069812],[11.666321,56.070275],[11.666541,56.070291],[11.666909,56.070731],[11.667394,56.070897],[11.668222,56.070911],[11.671581,56.072054],[11.675735,56.072388],[11.67665,56.072923],[11.676823,56.073384],[11.676439,56.073852],[11.675498,56.074327],[11.674636,56.075265],[11.674205,56.075499],[11.67172,56.075494],[11.670884,56.075292],[11.670056,56.075301],[11.669686,56.07579],[11.667606,56.076154],[11.66678,56.076209],[11.666273,56.075833],[11.666215,56.075371],[11.665854,56.074912],[11.665053,56.074449],[11.664217,56.074263],[11.663388,56.074249],[11.662566,56.074388],[11.661754,56.07478],[11.66115,56.075435],[11.660922,56.077753],[11.660507,56.078685],[11.660242,56.079151],[11.659391,56.079625],[11.659255,56.08009],[11.658931,56.080557],[11.658829,56.081022],[11.659566,56.082171],[11.659757,56.082863],[11.659618,56.083455],[11.659221,56.083796],[11.658807,56.083893],[11.657972,56.083718],[11.657364,56.083356],[11.656467,56.082441],[11.656206,56.081981],[11.655977,56.081058],[11.655361,56.080581],[11.65455,56.081015],[11.650407,56.080977],[11.648774,56.08156],[11.647132,56.081926],[11.645142,56.082582],[11.643033,56.082985],[11.638894,56.083042],[11.637033,56.082683],[11.635542,56.082057],[11.633047,56.081806],[11.631365,56.08116],[11.63053,56.080972],[11.628037,56.080772],[11.626367,56.080436],[11.624706,56.0803],[11.619706,56.079538],[11.618051,56.079565],[11.617641,56.07968],[11.6176,56.080144],[11.618089,56.080527],[11.618429,56.080597],[11.618924,56.081054],[11.619106,56.081514],[11.618999,56.082442],[11.618691,56.082909],[11.617382,56.08364],[11.61573,56.08376],[11.6149,56.083703],[11.614375,56.083425],[11.614015,56.083429],[11.614001,56.083893],[11.614751,56.084347],[11.615136,56.085268],[11.614924,56.085734],[11.614333,56.086204],[11.613354,56.086543],[11.611698,56.086556],[11.610023,56.086086],[11.60834,56.0854],[11.607512,56.08542],[11.605043,56.085819],[11.604213,56.085786],[11.603397,56.086112],[11.60175,56.086345],[11.600917,56.086237],[11.600072,56.085798],[11.599966,56.085916],[11.599958,56.086842],[11.60018,56.087766],[11.600054,56.08823],[11.599377,56.089234],[11.598559,56.089517],[11.59773,56.089494],[11.596885,56.089072],[11.595172,56.087616],[11.592641,56.08641],[11.591812,56.086404],[11.590997,56.086741],[11.590173,56.086862],[11.588516,56.086847],[11.587702,56.087226],[11.586063,56.087683],[11.584413,56.087866],[11.580594,56.087075],[11.580222,56.086575],[11.57441,56.086229],[11.572726,56.085496],[11.571064,56.085353],[11.570245,56.085607],[11.56998,56.085812],[11.569798,56.086278],[11.57005,56.087664],[11.570016,56.088591],[11.569391,56.089061],[11.569325,56.089525],[11.569571,56.089655],[11.570398,56.089637],[11.571237,56.089918],[11.57208,56.090302],[11.572897,56.090872],[11.573204,56.091795],[11.573003,56.092771],[11.570601,56.091363],[11.569605,56.090559],[11.568768,56.090335],[11.566289,56.090494],[11.56382,56.090936],[11.562152,56.090634],[11.560491,56.090532]]}},{"type":"Feature","properties":{"depth":20,"source":"Danmarks Dybdemodel 2024 ddm_50m.dybde","crs_source":"EPSG:3034","grid_m":50,"scope":"local","tileSource":"contours-local.geojson"},"geometry":{"type":"LineString","coordinates":[[11.70939,56.102608],[11.708477,56.103227],[11.708024,56.103089],[11.708001,56.102626],[11.708448,56.102524],[11.70939,56.102608]]}},{"type":"Feature","properties":{"depth":20,"source":"Danmarks Dybdemodel 2024 ddm_50m.dybde","crs_source":"EPSG:3034","grid_m":50,"scope":"local","tileSource":"contours-local.geojson"},"geometry":{"type":"LineString","coordinates":[[11.564286,56.101163],[11.564858,56.101619],[11.56502,56.102081],[11.565003,56.102544],[11.564277,56.102997],[11.563182,56.102565],[11.562746,56.102107],[11.562687,56.101645],[11.562743,56.101181],[11.563365,56.100785],[11.564286,56.101163]]}},{"type":"Feature","properties":{"depth":20,"source":"Danmarks Dybdemodel 2024 ddm_50m.dybde","crs_source":"EPSG:3034","grid_m":50,"scope":"local","tileSource":"contours-local.geojson"},"geometry":{"type":"LineString","coordinates":[[11.560794,56.098536],[11.561408,56.099345],[11.561478,56.099807],[11.560861,56.100319]]}},{"type":"Feature","properties":{"depth":20,"source":"Danmarks Dybdemodel 2024 ddm_50m.dybde","crs_source":"EPSG:3034","grid_m":50,"scope":"local","tileSource":"contours-local.geojson"},"geometry":{"type":"LineString","coordinates":[[11.58456,56.089807],[11.584995,56.090264],[11.585102,56.091189],[11.584901,56.091655],[11.584249,56.092126],[11.582932,56.092453],[11.582103,56.092434],[11.5812,56.092162],[11.580542,56.091707],[11.580488,56.090782],[11.581188,56.090174],[11.582823,56.089598],[11.583649,56.089533],[11.58456,56.089807]]}},{"type":"Feature","properties":{"depth":20,"source":"Danmarks Dybdemodel 2024 ddm_50m.dybde","crs_source":"EPSG:3034","grid_m":50,"scope":"local","tileSource":"contours-local.geojson"},"geometry":{"type":"LineString","coordinates":[[11.621938,56.08889],[11.621967,56.089353],[11.620975,56.09077],[11.62016,56.091117],[11.617695,56.091631],[11.615215,56.091761],[11.613551,56.091569],[11.612711,56.091291],[11.612188,56.090862],[11.612072,56.0904],[11.612648,56.089669],[11.613463,56.089325],[11.621938,56.08889]]}},{"type":"Feature","properties":{"depth":20,"source":"Danmarks Dybdemodel 2024 ddm_50m.dybde","crs_source":"EPSG:3034","grid_m":50,"scope":"local","tileSource":"contours-local.geojson"},"geometry":{"type":"LineString","coordinates":[[11.659344,56.08611],[11.658902,56.08626],[11.658073,56.08625],[11.657763,56.08613],[11.658052,56.085712],[11.658878,56.085668],[11.659344,56.08611]]}},{"type":"Feature","properties":{"depth":20,"source":"Danmarks Dybdemodel 2024 ddm_50m.dybde","crs_source":"EPSG:3034","grid_m":50,"scope":"local","tileSource":"contours-local.geojson"},"geometry":{"type":"LineString","coordinates":[[11.59921,56.084942],[11.598302,56.08501],[11.599233,56.085528],[11.599453,56.085459],[11.5995,56.084995],[11.59921,56.084942]]}},{"type":"Feature","properties":{"depth":20,"source":"Danmarks Dybdemodel 2024 ddm_50m.dybde","crs_source":"EPSG:3034","grid_m":50,"scope":"local","tileSource":"contours-local.geojson"},"geometry":{"type":"LineString","coordinates":[[11.560311,56.085743],[11.560834,56.085458],[11.560992,56.084993],[11.563332,56.083112],[11.56601,56.081691],[11.566546,56.081222],[11.566707,56.079668],[11.56587,56.079455],[11.564052,56.080788],[11.563059,56.081263],[11.561453,56.082672],[11.560672,56.083144],[11.560234,56.083721]]}},{"type":"Feature","properties":{"depth":20,"source":"Danmarks Dybdemodel 2024 ddm_50m.dybde","crs_source":"EPSG:3034","grid_m":50,"scope":"local","tileSource":"contours-local.geojson"},"geometry":{"type":"LineString","coordinates":[[11.588147,56.07725],[11.588016,56.07726],[11.588074,56.078649],[11.588775,56.079567],[11.590767,56.080772],[11.591261,56.080927],[11.591563,56.081386],[11.591638,56.081881],[11.592466,56.081884],[11.592482,56.081375],[11.591736,56.080921],[11.591561,56.079533],[11.5907,56.079036],[11.588375,56.078182],[11.588147,56.07725]]}},{"type":"Feature","properties":{"depth":20,"source":"Danmarks Dybdemodel 2024 ddm_50m.dybde","crs_source":"EPSG:3034","grid_m":50,"scope":"local","tileSource":"contours-local.geojson"},"geometry":{"type":"LineString","coordinates":[[11.714944,56.079362],[11.714589,56.079384],[11.715001,56.079378]]}},{"type":"Feature","properties":{"depth":20,"source":"Danmarks Dybdemodel 2024 ddm_50m.dybde","crs_source":"EPSG:3034","grid_m":50,"scope":"local","tileSource":"contours-local.geojson"},"geometry":{"type":"LineString","coordinates":[[11.715001,56.079368],[11.714944,56.079362]]}},{"type":"Feature","properties":{"depth":20,"source":"Danmarks Dybdemodel 2024 ddm_50m.dybde","crs_source":"EPSG:3034","grid_m":50,"scope":"local","tileSource":"contours-local.geojson"},"geometry":{"type":"LineString","coordinates":[[11.650357,56.079709],[11.649521,56.079525],[11.649031,56.079755],[11.649548,56.080187],[11.650362,56.079849],[11.650468,56.079737],[11.650357,56.079709]]}},{"type":"Feature","properties":{"depth":20,"source":"Danmarks Dybdemodel 2024 ddm_50m.dybde","crs_source":"EPSG:3034","grid_m":50,"scope":"local","tileSource":"contours-local.geojson"},"geometry":{"type":"LineString","coordinates":[[11.685127,56.074668],[11.688271,56.075214],[11.688931,56.075546],[11.68907,56.076007],[11.688938,56.076472],[11.688351,56.077162],[11.68754,56.077591],[11.686722,56.077828],[11.685894,56.077845],[11.683381,56.077133],[11.679224,56.076743],[11.67846,56.076142],[11.678235,56.075682],[11.678269,56.075218],[11.678827,56.074748],[11.679136,56.074568],[11.679958,56.074429],[11.683266,56.074325],[11.685127,56.074668]]}},{"type":"Feature","properties":{"depth":20,"source":"Danmarks Dybdemodel 2024 ddm_50m.dybde","crs_source":"EPSG:3034","grid_m":50,"scope":"local","tileSource":"contours-local.geojson"},"geometry":{"type":"LineString","coordinates":[[11.699095,56.076627],[11.69902,56.076806],[11.699461,56.0768],[11.699095,56.076627]]}},{"type":"Feature","properties":{"depth":20,"source":"Danmarks Dybdemodel 2024 ddm_50m.dybde","crs_source":"EPSG:3034","grid_m":50,"scope":"local","tileSource":"contours-local.geojson"},"geometry":{"type":"LineString","coordinates":[[11.582247,56.074558],[11.580318,56.075037],[11.580615,56.07519],[11.580774,56.075495],[11.581896,56.075944],[11.582607,56.077325],[11.583193,56.077647],[11.584863,56.077991],[11.586096,56.077747],[11.586045,56.077284],[11.583828,56.076384],[11.582936,56.075469],[11.582828,56.075007],[11.582247,56.074558]]}},{"type":"Feature","properties":{"depth":20,"source":"Danmarks Dybdemodel 2024 ddm_50m.dybde","crs_source":"EPSG:3034","grid_m":50,"scope":"local","tileSource":"contours-local.geojson"},"geometry":{"type":"LineString","coordinates":[[11.572327,56.075027],[11.571494,56.074886],[11.570919,56.075149],[11.570846,56.075613],[11.571001,56.076074],[11.571548,56.076303],[11.571779,56.076065],[11.572361,56.075905],[11.572666,56.075592],[11.572543,56.07513],[11.572327,56.075027]]}},{"type":"Feature","properties":{"depth":20,"source":"Danmarks Dybdemodel 2024 ddm_50m.dybde","crs_source":"EPSG:3034","grid_m":50,"scope":"local","tileSource":"contours-local.geojson"},"geometry":{"type":"LineString","coordinates":[[11.563805,56.068655],[11.562989,56.068759],[11.562736,56.069225],[11.563833,56.069389],[11.564163,56.069672],[11.564678,56.069844],[11.566347,56.070183],[11.567837,56.071018],[11.568877,56.07138],[11.572212,56.071983],[11.573083,56.072345],[11.573665,56.072801],[11.573745,56.073726],[11.573948,56.074104],[11.577143,56.074612],[11.577298,56.07508],[11.578202,56.075062],[11.577934,56.074139],[11.578378,56.073208],[11.579197,56.072272],[11.579441,56.071806],[11.578822,56.071628],[11.577164,56.071559],[11.576297,56.070553],[11.576061,56.070457],[11.573791,56.069975],[11.57213,56.069847],[11.569616,56.069041],[11.568782,56.068892],[11.567129,56.068967],[11.563805,56.068655]]}},{"type":"Feature","properties":{"depth":20,"source":"Danmarks Dybdemodel 2024 ddm_50m.dybde","crs_source":"EPSG:3034","grid_m":50,"scope":"local","tileSource":"contours-local.geojson"},"geometry":{"type":"LineString","coordinates":[[11.664868,56.069863],[11.664698,56.070295],[11.665513,56.070285],[11.664868,56.069863]]}},{"type":"Feature","properties":{"depth":20,"source":"Danmarks Dybdemodel 2024 ddm_50m.dybde","crs_source":"EPSG:3034","grid_m":50,"scope":"local","tileSource":"contours-local.geojson"},"geometry":{"type":"LineString","coordinates":[[11.664029,56.069603],[11.664039,56.06985],[11.664445,56.069835],[11.664029,56.069603]]}},{"type":"Feature","properties":{"depth":1,"source":"DDM 2024 coarse contour","resolution":"0.005 degree sampled grid","scope":"denmark","tileSource":"contours-denmark-coarse.geojson"},"geometry":{"type":"LineString","coordinates":[[11.275025,55.789999],[11.275024,55.79],[11.285,55.799928],[11.29998,55.79],[11.299979,55.789999]]}},{"type":"Feature","properties":{"depth":1,"source":"DDM 2024 coarse contour","resolution":"0.005 degree sampled grid","scope":"denmark","tileSource":"contours-denmark-coarse.geojson"},"geometry":{"type":"LineString","coordinates":[[11.379737,55.789999],[11.379737,55.79],[11.375012,55.795],[11.375008,55.825],[11.361364,55.845],[11.37,55.844992],[11.3875,55.835],[11.40625,55.835],[11.42,55.839992],[11.425,55.84499],[11.4384,55.845],[11.445,55.849989],[11.495,55.849999],[11.519186,55.875],[11.52371,55.885],[11.520005,55.89],[11.520013,55.905],[11.524149,55.91],[11.525,55.919286],[11.515,55.930008],[11.51,55.930016],[11.495,55.939184],[11.48,55.940017],[11.474231,55.945],[11.455,55.945015],[11.445,55.949545],[11.44,55.945023],[11.435,55.94925],[11.425,55.945025],[11.419706,55.95],[11.375,55.950026],[11.37,55.955001],[11.36,55.955026],[11.345,55.965005],[11.315,55.970007],[11.31,55.975001],[11.305,55.970024],[11.3,55.970028],[11.285014,55.985],[11.280012,56],[11.275014,56.005],[11.28,56.009999],[11.295426,55.995],[11.3,55.994979],[11.305,55.989996],[11.315,55.989959],[11.320556,55.985],[11.34,55.984964],[11.345,55.979999],[11.355,55.979979],[11.36,55.974997],[11.375,55.97497],[11.38,55.969988],[11.4,55.969969],[11.4062,55.965],[11.48,55.964975],[11.485763,55.96],[11.5,55.959962],[11.5062,55.955],[11.5538,55.955],[11.56,55.959962],[11.575,55.959999],[11.58,55.964964],[11.59,55.96498],[11.605536,55.95],[11.636154,55.94],[11.65,55.940577],[11.655,55.944983],[11.67,55.945781],[11.675,55.949987],[11.703478,55.95],[11.71,55.954979],[11.715001,55.955347]]}},{"type":"Feature","properties":{"depth":1,"source":"DDM 2024 coarse contour","resolution":"0.005 degree sampled grid","scope":"denmark","tileSource":"contours-denmark-coarse.geojson"},"geometry":{"type":"LineString","coordinates":[[11.715001,55.900013],[11.71,55.900022],[11.705005,55.905],[11.705,55.910001],[11.685,55.910001],[11.68,55.913676],[11.67,55.904211],[11.671071,55.885],[11.675976,55.88],[11.685,55.879984],[11.69,55.875],[11.695,55.874971],[11.71,55.861042],[11.715001,55.855828]]}},{"type":"Feature","properties":{"depth":1,"source":"DDM 2024 coarse contour","resolution":"0.005 degree sampled grid","scope":"denmark","tileSource":"contours-denmark-coarse.geojson"},"geometry":{"type":"LineString","coordinates":[[11.715001,55.805041],[11.715,55.80504],[11.71,55.809333],[11.69,55.810008],[11.680556,55.815],[11.66,55.815004],[11.655294,55.81],[11.676667,55.8],[11.665,55.799286],[11.66,55.802222],[11.65,55.800002],[11.649997,55.795],[11.645,55.790023],[11.635833,55.79],[11.635832,55.789999]]}},{"type":"Feature","properties":{"depth":1,"source":"DDM 2024 coarse contour","resolution":"0.005 degree sampled grid","scope":"denmark","tileSource":"contours-denmark-coarse.geojson"},"geometry":{"type":"LineString","coordinates":[[11.698078,55.789999],[11.6985,55.79],[11.7,55.795058],[11.715001,55.79502]]}},{"type":"Feature","properties":{"depth":1,"source":"DDM 2024 coarse contour","resolution":"0.005 degree sampled grid","scope":"denmark","tileSource":"contours-denmark-coarse.geojson"},"geometry":{"type":"LineString","coordinates":[[11.709167,56.2],[11.714999,56.195],[11.71,56.190042],[11.7,56.190067],[11.695034,56.195],[11.6975,56.2],[11.709167,56.2]]}},{"type":"Feature","properties":{"depth":2,"source":"DDM 2024 coarse contour","resolution":"0.005 degree sampled grid","scope":"denmark","tileSource":"contours-denmark-coarse.geojson"},"geometry":{"type":"LineString","coordinates":[[11.27502,55.789999],[11.275019,55.79],[11.285,55.799932],[11.299985,55.79],[11.299984,55.789999]]}},{"type":"Feature","properties":{"depth":2,"source":"DDM 2024 coarse contour","resolution":"0.005 degree sampled grid","scope":"denmark","tileSource":"contours-denmark-coarse.geojson"},"geometry":{"type":"LineString","coordinates":[[11.376042,55.789999],[11.375003,55.825],[11.370018,55.83],[11.370007,55.835],[11.36,55.843158],[11.353485,55.84],[11.36,55.845686],[11.37,55.844997],[11.39,55.836667],[11.4,55.836613],[11.42,55.839997],[11.425,55.844995],[11.4364,55.845],[11.445,55.849994],[11.495,55.851944],[11.518023,55.875],[11.522097,55.885],[11.517917,55.895],[11.52463,55.915],[11.523962,55.92],[11.515,55.930003],[11.495,55.938163],[11.48,55.940012],[11.472308,55.945],[11.455,55.94501],[11.445,55.948409],[11.44,55.945018],[11.435,55.948417],[11.425,55.94502],[11.416765,55.95],[11.375,55.950021],[11.368833,55.955],[11.36,55.955021],[11.345,55.965],[11.335,55.96502],[11.31,55.972813],[11.3,55.970023],[11.285009,55.985],[11.280007,56],[11.275009,56.005],[11.277083,56.01],[11.275,56.016042],[11.30527,55.99],[11.315,55.989964],[11.323333,55.985],[11.34,55.984969],[11.345,55.980465],[11.355,55.979984],[11.360667,55.975],[11.375,55.974975],[11.38,55.969993],[11.4,55.969974],[11.4082,55.965],[11.48,55.96498],[11.48661,55.96],[11.5,55.959967],[11.5082,55.955],[11.5518,55.955],[11.56,55.959967],[11.573871,55.96],[11.58,55.964969],[11.59,55.964985],[11.607321,55.95],[11.64,55.94],[11.675,55.949992],[11.701304,55.95],[11.715001,55.95484]]}},{"type":"Feature","properties":{"depth":2,"source":"DDM 2024 coarse contour","resolution":"0.005 degree sampled grid","scope":"denmark","tileSource":"contours-denmark-coarse.geojson"},"geometry":{"type":"LineString","coordinates":[[11.715001,55.900008],[11.71,55.900017],[11.702895,55.91],[11.695,55.906842],[11.68,55.912206],[11.674992,55.91],[11.67,55.901579],[11.67,55.892692],[11.677195,55.88],[11.685,55.879989],[11.695,55.874976],[11.71,55.863125],[11.715001,55.857495]]}},{"type":"Feature","properties":{"depth":2,"source":"DDM 2024 coarse contour","resolution":"0.005 degree sampled grid","scope":"denmark","tileSource":"contours-denmark-coarse.geojson"},"geometry":{"type":"LineString","coordinates":[[11.715001,55.805036],[11.715,55.805035],[11.71,55.808667],[11.660833,55.815],[11.66,55.808571],[11.665,55.80875],[11.681538,55.8],[11.655,55.798214],[11.645,55.790018],[11.644914,55.789999]]}},{"type":"Feature","properties":{"depth":2,"source":"DDM 2024 coarse contour","resolution":"0.005 degree sampled grid","scope":"denmark","tileSource":"contours-denmark-coarse.geojson"},"geometry":{"type":"LineString","coordinates":[[11.695593,55.789999],[11.696,55.79],[11.7,55.79564],[11.715001,55.795171]]}},{"type":"Feature","properties":{"depth":2,"source":"DDM 2024 coarse contour","resolution":"0.005 degree sampled grid","scope":"denmark","tileSource":"contours-denmark-coarse.geojson"},"geometry":{"type":"LineString","coordinates":[[11.711184,56.2],[11.715001,56.195961]]}},{"type":"Feature","properties":{"depth":2,"source":"DDM 2024 coarse contour","resolution":"0.005 degree sampled grid","scope":"denmark","tileSource":"contours-denmark-coarse.geojson"},"geometry":{"type":"LineString","coordinates":[[11.715001,56.194237],[11.71,56.190037],[11.7,56.190062],[11.695029,56.195],[11.695,56.200323],[11.711184,56.2]]}},{"type":"Feature","properties":{"depth":3,"source":"DDM 2024 coarse contour","resolution":"0.005 degree sampled grid","scope":"denmark","tileSource":"contours-denmark-coarse.geojson"},"geometry":{"type":"LineString","coordinates":[[11.275015,55.789999],[11.275014,55.79],[11.285,55.799937],[11.29999,55.79],[11.29999,55.789999]]}},{"type":"Feature","properties":{"depth":3,"source":"DDM 2024 coarse contour","resolution":"0.005 degree sampled grid","scope":"denmark","tileSource":"contours-denmark-coarse.geojson"},"geometry":{"type":"LineString","coordinates":[[11.373479,55.789999],[11.3745,55.825],[11.370013,55.83],[11.37,55.835002],[11.36,55.840526],[11.355,55.838413],[11.349792,55.845],[11.355,55.842778],[11.365,55.847258],[11.39,55.839048],[11.416,55.84],[11.45,55.850968],[11.47125,55.85],[11.495,55.854722],[11.505,55.859999],[11.506,55.865],[11.515,55.870789],[11.520484,55.885],[11.5155,55.9],[11.52,55.903],[11.523704,55.915],[11.515,55.929559],[11.475,55.940862],[11.470385,55.945],[11.445,55.947273],[11.44,55.945013],[11.435,55.947583],[11.425,55.945015],[11.412143,55.95],[11.375,55.950016],[11.343649,55.965],[11.3,55.970018],[11.29,55.977692],[11.281379,55.99],[11.280002,56],[11.271774,56.015],[11.275,56.017083],[11.29,56.001901],[11.295,56.000946],[11.297553,55.995],[11.306622,55.99],[11.315,55.989969],[11.325357,55.985],[11.34,55.984974],[11.362333,55.975],[11.375,55.97498],[11.38,55.969998],[11.4,55.969979],[11.410122,55.965],[11.48,55.964985],[11.487458,55.96],[11.5,55.959972],[11.510385,55.955],[11.55,55.955068],[11.56,55.959972],[11.572258,55.96],[11.58,55.964974],[11.59,55.96499],[11.609107,55.95],[11.64,55.941429],[11.675,55.949997],[11.699091,55.95],[11.715001,55.955707]]}},{"type":"Feature","properties":{"depth":3,"source":"DDM 2024 coarse contour","resolution":"0.005 degree sampled grid","scope":"denmark","tileSource":"contours-denmark-coarse.geojson"},"geometry":{"type":"LineString","coordinates":[[11.715001,55.8992],[11.701154,55.905],[11.700263,55.91],[11.695,55.904167],[11.68,55.910735],[11.675,55.910003],[11.67,55.896667],[11.674643,55.885],[11.678415,55.88],[11.69,55.878846],[11.691724,55.875],[11.710294,55.865],[11.714999,55.855],[11.715001,55.854998]]}},{"type":"Feature","properties":{"depth":3,"source":"DDM 2024 coarse contour","resolution":"0.005 degree sampled grid","scope":"denmark","tileSource":"contours-denmark-coarse.geojson"},"geometry":{"type":"LineString","coordinates":[[11.715001,55.805031],[11.715,55.80503],[11.685,55.811667],[11.675,55.810526],[11.67,55.813889],[11.666667,55.81],[11.675,55.808],[11.685278,55.8],[11.655,55.796429],[11.640586,55.789999]]}},{"type":"Feature","properties":{"depth":3,"source":"DDM 2024 coarse contour","resolution":"0.005 degree sampled grid","scope":"denmark","tileSource":"contours-denmark-coarse.geojson"},"geometry":{"type":"LineString","coordinates":[[11.685357,55.789999],[11.695,55.790566],[11.7,55.796221],[11.715001,55.795248]]}},{"type":"Feature","properties":{"depth":3,"source":"DDM 2024 coarse contour","resolution":"0.005 degree sampled grid","scope":"denmark","tileSource":"contours-denmark-coarse.geojson"},"geometry":{"type":"LineString","coordinates":[[11.241579,55.85],[11.243167,55.845],[11.24,55.843492],[11.239999,55.843492]]}},{"type":"Feature","properties":{"depth":3,"source":"DDM 2024 coarse contour","resolution":"0.005 degree sampled grid","scope":"denmark","tileSource":"contours-denmark-coarse.geojson"},"geometry":{"type":"LineString","coordinates":[[11.239999,55.85],[11.241579,55.85]]}},{"type":"Feature","properties":{"depth":3,"source":"DDM 2024 coarse contour","resolution":"0.005 degree sampled grid","scope":"denmark","tileSource":"contours-denmark-coarse.geojson"},"geometry":{"type":"LineString","coordinates":[[11.7125,56.2],[11.715001,56.197249]]}},{"type":"Feature","properties":{"depth":3,"source":"DDM 2024 coarse contour","resolution":"0.005 degree sampled grid","scope":"denmark","tileSource":"contours-denmark-coarse.geojson"},"geometry":{"type":"LineString","coordinates":[[11.715001,56.193559],[11.71,56.190032],[11.7,56.190057],[11.693205,56.2],[11.705,56.202404],[11.7125,56.2]]}},{"type":"Feature","properties":{"depth":5,"source":"DDM 2024 coarse contour","resolution":"0.005 degree sampled grid","scope":"denmark","tileSource":"contours-denmark-coarse.geojson"},"geometry":{"type":"LineString","coordinates":[[11.275005,55.789999],[11.275004,55.79],[11.275566,55.795],[11.285,55.799947],[11.3,55.79],[11.3,55.789999]]}},{"type":"Feature","properties":{"depth":5,"source":"DDM 2024 coarse contour","resolution":"0.005 degree sampled grid","scope":"denmark","tileSource":"contours-denmark-coarse.geojson"},"geometry":{"type":"LineString","coordinates":[[11.364999,55.789999],[11.37,55.795],[11.373714,55.82],[11.366522,55.835],[11.341,55.84],[11.345625,55.845],[11.365,55.848871],[11.4,55.84375],[11.405,55.846667],[11.43,55.848182],[11.45,55.854194],[11.49,55.858889],[11.494167,55.865],[11.487667,55.87],[11.49,55.872333],[11.495,55.865556],[11.505,55.871],[11.51,55.877917],[11.515,55.876111],[11.515,55.887083],[11.505,55.881563],[11.5028,55.885],[11.51,55.89],[11.500455,55.895],[11.495769,55.905],[11.5,55.908437],[11.51,55.906875],[11.52,55.910238],[11.521852,55.915],[11.517895,55.925],[11.48,55.938958],[11.445,55.945],[11.375,55.950006],[11.340946,55.965],[11.325,55.964063],[11.29,55.974063],[11.273125,55.995],[11.275556,56],[11.268571,56.005],[11.266458,56.02],[11.262222,56.025],[11.26625,56.03],[11.257857,56.035],[11.271389,56.035],[11.2734,56.02],[11.28,56.01629],[11.29,56.00331],[11.295,56.003649],[11.299681,55.995],[11.305,55.992162],[11.327143,55.985],[11.34,55.984984],[11.365,55.975256],[11.375,55.97499],[11.382424,55.97],[11.4,55.969989],[11.412561,55.965],[11.475,55.966304],[11.489153,55.96],[11.521667,55.955],[11.55,55.956419],[11.585,55.966058],[11.605,55.958409],[11.61,55.960417],[11.621429,55.95],[11.64,55.944286],[11.652727,55.945],[11.665,55.95625],[11.6725,55.955],[11.670862,55.96],[11.675,55.96375],[11.68,55.9575],[11.685,55.957778],[11.695,55.951667],[11.710441,55.955],[11.715001,55.957289]]}},{"type":"Feature","properties":{"depth":5,"source":"DDM 2024 coarse contour","resolution":"0.005 degree sampled grid","scope":"denmark","tileSource":"contours-denmark-coarse.geojson"},"geometry":{"type":"LineString","coordinates":[[11.715001,55.896585],[11.715,55.896585],[11.705,55.900833],[11.69,55.898],[11.69,55.89],[11.69875,55.885],[11.692692,55.88],[11.693448,55.875],[11.705,55.867895],[11.71,55.870405],[11.715,55.866053],[11.715,55.858103],[11.715001,55.858102]]}},{"type":"Feature","properties":{"depth":5,"source":"DDM 2024 coarse contour","resolution":"0.005 degree sampled grid","scope":"denmark","tileSource":"contours-denmark-coarse.geojson"},"geometry":{"type":"LineString","coordinates":[[11.715001,55.805021],[11.715,55.80502],[11.69,55.80629],[11.687778,55.805],[11.69075,55.8],[11.685,55.7965],[11.642941,55.79],[11.642942,55.789999]]}},{"type":"Feature","properties":{"depth":5,"source":"DDM 2024 coarse contour","resolution":"0.005 degree sampled grid","scope":"denmark","tileSource":"contours-denmark-coarse.geojson"},"geometry":{"type":"LineString","coordinates":[[11.649998,55.789999],[11.65,55.79],[11.65,55.789999]]}},{"type":"Feature","properties":{"depth":5,"source":"DDM 2024 coarse contour","resolution":"0.005 degree sampled grid","scope":"denmark","tileSource":"contours-denmark-coarse.geojson"},"geometry":{"type":"LineString","coordinates":[[11.68768,55.789999],[11.695,55.792453],[11.7,55.797384],[11.715001,55.795132]]}},{"type":"Feature","properties":{"depth":5,"source":"DDM 2024 coarse contour","resolution":"0.005 degree sampled grid","scope":"denmark","tileSource":"contours-denmark-coarse.geojson"},"geometry":{"type":"LineString","coordinates":[[11.239999,55.851469],[11.245,55.850407],[11.25637,55.84],[11.25,55.838434],[11.239999,55.841094]]}},{"type":"Feature","properties":{"depth":5,"source":"DDM 2024 coarse contour","resolution":"0.005 degree sampled grid","scope":"denmark","tileSource":"contours-denmark-coarse.geojson"},"geometry":{"type":"LineString","coordinates":[[11.317917,55.85],[11.315,55.847813],[11.3025,55.85],[11.317917,55.85]]}},{"type":"Feature","properties":{"depth":5,"source":"DDM 2024 coarse contour","resolution":"0.005 degree sampled grid","scope":"denmark","tileSource":"contours-denmark-coarse.geojson"},"geometry":{"type":"LineString","coordinates":[[11.675,55.900455],[11.675,55.8895],[11.67875,55.895],[11.678333,55.9],[11.675,55.900455]]}},{"type":"Feature","properties":{"depth":5,"source":"DDM 2024 coarse contour","resolution":"0.005 degree sampled grid","scope":"denmark","tileSource":"contours-denmark-coarse.geojson"},"geometry":{"type":"LineString","coordinates":[[11.715001,56.190015],[11.7,56.190047],[11.690641,56.2],[11.705,56.204327],[11.715001,56.200047]]}},{"type":"Feature","properties":{"depth":5,"source":"DDM 2024 coarse contour","resolution":"0.005 degree sampled grid","scope":"denmark","tileSource":"contours-denmark-coarse.geojson"},"geometry":{"type":"LineString","coordinates":[[11.679878,56.21],[11.679881,56.205],[11.675,56.20299],[11.668509,56.21],[11.675,56.2125],[11.679878,56.21]]}},{"type":"Feature","properties":{"depth":10,"source":"DDM 2024 coarse contour","resolution":"0.005 degree sampled grid","scope":"denmark","tileSource":"contours-denmark-coarse.geojson"},"geometry":{"type":"LineString","coordinates":[[11.264563,55.789999],[11.263548,55.795],[11.306944,55.8],[11.3025,55.805],[11.30881,55.815],[11.3075,55.825],[11.274444,55.84],[11.303571,55.865],[11.31,55.868636],[11.345,55.863571],[11.36,55.869118],[11.385,55.866875],[11.398636,55.875],[11.39,55.879],[11.38,55.87625],[11.375,55.8825],[11.39,55.885],[11.42,55.901667],[11.457,55.905],[11.445,55.92],[11.44,55.913158],[11.43,55.92],[11.445,55.92],[11.445,55.9275],[11.43,55.930645],[11.42,55.925],[11.4,55.923333],[11.39625,55.93],[11.401,55.935],[11.393333,55.94],[11.36,55.94881],[11.355,55.955],[11.335,55.95],[11.315,55.96093],[11.28,55.966471],[11.26,55.980938],[11.248,55.99],[11.241364,56.025],[11.239999,56.027812]]}},{"type":"Feature","properties":{"depth":10,"source":"DDM 2024 coarse contour","resolution":"0.005 degree sampled grid","scope":"denmark","tileSource":"contours-denmark-coarse.geojson"},"geometry":{"type":"LineString","coordinates":[[11.239999,56.072117],[11.24,56.072115],[11.286905,56.035],[11.28527,56.02],[11.3,56.000909],[11.315,55.9916],[11.415,55.968061],[11.445,55.9672],[11.45,55.971333],[11.46,55.966818],[11.47,55.972875],[11.505,55.960962],[11.55,55.959797],[11.575,55.965313],[11.615,55.986136],[11.65,55.988182],[11.675,55.982],[11.685,55.991071],[11.695,55.991667],[11.705,56.006389],[11.715001,56.007834]]}},{"type":"Feature","properties":{"depth":10,"source":"DDM 2024 coarse contour","resolution":"0.005 degree sampled grid","scope":"denmark","tileSource":"contours-denmark-coarse.geojson"},"geometry":{"type":"LineString","coordinates":[[11.279167,55.83],[11.291389,55.82],[11.290976,55.815],[11.275,55.806731],[11.268529,55.81],[11.265,55.829286],[11.25,55.818824],[11.246053,55.825],[11.26,55.834737],[11.27,55.828438],[11.279167,55.83]]}},{"type":"Feature","properties":{"depth":10,"source":"DDM 2024 coarse contour","resolution":"0.005 degree sampled grid","scope":"denmark","tileSource":"contours-denmark-coarse.geojson"},"geometry":{"type":"LineString","coordinates":[[11.239999,55.854194],[11.245,55.853314],[11.258222,55.84],[11.255,55.835272],[11.239999,55.83967]]}},{"type":"Feature","properties":{"depth":10,"source":"DDM 2024 coarse contour","resolution":"0.005 degree sampled grid","scope":"denmark","tileSource":"contours-denmark-coarse.geojson"},"geometry":{"type":"LineString","coordinates":[[11.495,55.926154],[11.485,55.929583],[11.4775,55.925],[11.499286,55.925],[11.495,55.926154]]}},{"type":"Feature","properties":{"depth":10,"source":"DDM 2024 coarse contour","resolution":"0.005 degree sampled grid","scope":"denmark","tileSource":"contours-denmark-coarse.geojson"},"geometry":{"type":"LineString","coordinates":[[11.475,55.931515],[11.4475,55.93],[11.475,55.925833],[11.475,55.931515]]}},{"type":"Feature","properties":{"depth":10,"source":"DDM 2024 coarse contour","resolution":"0.005 degree sampled grid","scope":"denmark","tileSource":"contours-denmark-coarse.geojson"},"geometry":{"type":"LineString","coordinates":[[11.690962,56.215],[11.69,56.208485],[11.715,56.2034],[11.715001,56.203399]]}},{"type":"Feature","properties":{"depth":10,"source":"DDM 2024 coarse contour","resolution":"0.005 degree sampled grid","scope":"denmark","tileSource":"contours-denmark-coarse.geojson"},"geometry":{"type":"LineString","coordinates":[[11.715001,56.185668],[11.709,56.19],[11.675,56.200539],[11.66418,56.21],[11.67,56.215427],[11.690962,56.215]]}},{"type":"Feature","properties":{"depth":15,"source":"DDM 2024 coarse contour","resolution":"0.005 degree sampled grid","scope":"denmark","tileSource":"contours-denmark-coarse.geojson"},"geometry":{"type":"LineString","coordinates":[[11.239999,55.880057],[11.250152,55.875],[11.2585,55.865],[11.252381,55.855],[11.254346,55.845],[11.27,55.833169],[11.279402,55.835],[11.272982,55.84],[11.291795,55.865],[11.28619,55.87],[11.290769,55.885],[11.286667,55.895],[11.275,55.898333],[11.25,55.885385],[11.239999,55.891395]]}},{"type":"Feature","properties":{"depth":15,"source":"DDM 2024 coarse contour","resolution":"0.005 degree sampled grid","scope":"denmark","tileSource":"contours-denmark-coarse.geojson"},"geometry":{"type":"LineString","coordinates":[[11.239999,55.917954],[11.265,55.935],[11.27,55.925],[11.2825,55.93],[11.265,55.935],[11.25,55.952917],[11.251111,55.97],[11.239999,55.984718]]}},{"type":"Feature","properties":{"depth":15,"source":"DDM 2024 coarse contour","resolution":"0.005 degree sampled grid","scope":"denmark","tileSource":"contours-denmark-coarse.geojson"},"geometry":{"type":"LineString","coordinates":[[11.239999,56.080235],[11.244487,56.075],[11.29,56.036774],[11.293214,56.03],[11.289455,56.025],[11.295,56.015769],[11.32,55.995625],[11.386667,55.98],[11.41,55.978667],[11.4225,55.98],[11.413571,55.985],[11.425,55.995833],[11.4375,55.985],[11.43,55.98],[11.49,55.97875],[11.5,55.975],[11.53,55.98],[11.505,55.995],[11.515,56.005385],[11.525,56.005],[11.53,56],[11.565,56.0075],[11.58,56.016667],[11.5825,56.01],[11.595,56.0125],[11.61,56.006667],[11.615,56.015],[11.6275,56.02],[11.621667,56.025],[11.625,56.028333],[11.645,56.02],[11.65,56.03],[11.685,56.0285],[11.705,56.0375],[11.715001,56.03368]]}},{"type":"Feature","properties":{"depth":15,"source":"DDM 2024 coarse contour","resolution":"0.005 degree sampled grid","scope":"denmark","tileSource":"contours-denmark-coarse.geojson"},"geometry":{"type":"LineString","coordinates":[[11.295,55.812875],[11.29,55.803],[11.2996,55.81],[11.295,55.812875]]}},{"type":"Feature","properties":{"depth":15,"source":"DDM 2024 coarse contour","resolution":"0.005 degree sampled grid","scope":"denmark","tileSource":"contours-denmark-coarse.geojson"},"geometry":{"type":"LineString","coordinates":[[11.29,55.831513],[11.285,55.834825],[11.282356,55.83],[11.295,55.8216],[11.299322,55.825],[11.29,55.831513]]}},{"type":"Feature","properties":{"depth":15,"source":"DDM 2024 coarse contour","resolution":"0.005 degree sampled grid","scope":"denmark","tileSource":"contours-denmark-coarse.geojson"},"geometry":{"type":"LineString","coordinates":[[11.456,56.005],[11.46,55.997],[11.48,55.985],[11.47,55.980833],[11.46,55.993333],[11.45,55.997353],[11.45,56.005],[11.456,56.005]]}},{"type":"Feature","properties":{"depth":15,"source":"DDM 2024 coarse contour","resolution":"0.005 degree sampled grid","scope":"denmark","tileSource":"contours-denmark-coarse.geojson"},"geometry":{"type":"LineString","coordinates":[[11.687375,56.22],[11.698537,56.215],[11.699333,56.21],[11.715001,56.206251]]}},{"type":"Feature","properties":{"depth":15,"source":"DDM 2024 coarse contour","resolution":"0.005 degree sampled grid","scope":"denmark","tileSource":"contours-denmark-coarse.geojson"},"geometry":{"type":"LineString","coordinates":[[11.715001,56.178623],[11.715,56.178623],[11.699355,56.19],[11.67,56.20013],[11.660082,56.21],[11.665,56.217578],[11.687375,56.22]]}},{"type":"Feature","properties":{"depth":20,"source":"DDM 2024 coarse contour","resolution":"0.005 degree sampled grid","scope":"denmark","tileSource":"contours-denmark-coarse.geojson"},"geometry":{"type":"LineString","coordinates":[[11.239999,56.087795],[11.27,56.072907],[11.3,56.044231],[11.301667,56.055],[11.308333,56.055],[11.315,56.0385],[11.335,56.036667],[11.341667,56.045],[11.325,56.057],[11.32,56.05],[11.315,56.06],[11.28375,56.08],[11.34,56.066875],[11.345,56.071429],[11.375,56.073125],[11.38,56.069],[11.395,56.076],[11.411667,56.075],[11.415,56.063571],[11.395,56.06625],[11.385,56.05875],[11.375,56.060833],[11.365,56.05],[11.3625,56.04],[11.346,56.035],[11.375,56.026429],[11.398333,56.035],[11.395,56.04],[11.385,56.04],[11.395,56.04],[11.405,56.033125],[11.425,56.0455],[11.47,56.047857],[11.475,56.055],[11.49,56.044],[11.499167,56.055],[11.49625,56.07],[11.535,56.085],[11.535,56.0925],[11.575,56.086667],[11.61,56.087143],[11.62,56.091667],[11.615,56.085],[11.62,56.08],[11.655,56.0825],[11.665,56.07],[11.67,56.075417],[11.715,56.08],[11.715001,56.080001]]}},{"type":"Feature","properties":{"depth":20,"source":"DDM 2024 coarse contour","resolution":"0.005 degree sampled grid","scope":"denmark","tileSource":"contours-denmark-coarse.geojson"},"geometry":{"type":"LineString","coordinates":[[11.27,55.871667],[11.264286,55.87],[11.270732,55.86],[11.261889,55.845],[11.27,55.836579],[11.28,55.86],[11.27,55.871667]]}},{"type":"Feature","properties":{"depth":20,"source":"DDM 2024 coarse contour","resolution":"0.005 degree sampled grid","scope":"denmark","tileSource":"contours-denmark-coarse.geojson"},"geometry":{"type":"LineString","coordinates":[[11.355,56.05125],[11.342,56.05],[11.35,56.046111],[11.355,56.05125]]}},{"type":"Feature","properties":{"depth":20,"source":"DDM 2024 coarse contour","resolution":"0.005 degree sampled grid","scope":"denmark","tileSource":"contours-denmark-coarse.geojson"},"geometry":{"type":"LineString","coordinates":[[11.4125,56.23],[11.4175,56.225],[11.413333,56.205],[11.4,56.1925],[11.38,56.185],[11.399,56.17],[11.385,56.165],[11.398333,56.145],[11.395,56.13],[11.35,56.097778],[11.315,56.100556],[11.31,56.096707],[11.273333,56.11],[11.27,56.115],[11.305,56.124],[11.312222,56.13],[11.285,56.145],[11.3,56.145],[11.3075,56.15],[11.277812,56.155],[11.285,56.162],[11.3,56.16],[11.31,56.164167],[11.31,56.17],[11.31625,56.17],[11.31,56.17],[11.312727,56.18],[11.322857,56.185],[11.33,56.2],[11.36,56.21375],[11.365,56.225],[11.375,56.225],[11.39,56.234],[11.4125,56.23]]}},{"type":"Feature","properties":{"depth":20,"source":"DDM 2024 coarse contour","resolution":"0.005 degree sampled grid","scope":"denmark","tileSource":"contours-denmark-coarse.geojson"},"geometry":{"type":"LineString","coordinates":[[11.322498,56.265001],[11.3225,56.265],[11.286667,56.23],[11.28,56.201667],[11.268846,56.19],[11.261875,56.19],[11.267,56.195],[11.26,56.197812],[11.239999,56.179423]]}},{"type":"Feature","properties":{"depth":20,"source":"DDM 2024 coarse contour","resolution":"0.005 degree sampled grid","scope":"denmark","tileSource":"contours-denmark-coarse.geojson"},"geometry":{"type":"LineString","coordinates":[[11.28,56.14],[11.26,56.128],[11.256,56.135],[11.275,56.144],[11.28,56.14]]}},{"type":"Feature","properties":{"depth":20,"source":"DDM 2024 coarse contour","resolution":"0.005 degree sampled grid","scope":"denmark","tileSource":"contours-denmark-coarse.geojson"},"geometry":{"type":"LineString","coordinates":[[11.7,56.22],[11.71,56.210714],[11.715001,56.209453]]}},{"type":"Feature","properties":{"depth":20,"source":"DDM 2024 coarse contour","resolution":"0.005 degree sampled grid","scope":"denmark","tileSource":"contours-denmark-coarse.geojson"},"geometry":{"type":"LineString","coordinates":[[11.715001,56.176434],[11.71,56.17537],[11.665,56.196429],[11.655833,56.205],[11.656154,56.215],[11.665,56.223276],[11.685,56.224481],[11.7,56.22]]}},{"type":"Feature","properties":{"depth":20,"source":"DDM 2024 coarse contour","resolution":"0.005 degree sampled grid","scope":"denmark","tileSource":"contours-denmark-coarse.geojson"},"geometry":{"type":"LineString","coordinates":[[11.715001,56.256929],[11.7,56.261111],[11.695195,56.265001]]}},{"type":"Feature","properties":{"depth":30,"source":"DDM 2024 coarse contour","resolution":"0.005 degree sampled grid","scope":"denmark","tileSource":"contours-denmark-coarse.geojson"},"geometry":{"type":"LineString","coordinates":[[11.24,56.169032],[11.239999,56.169032]]}},{"type":"Feature","properties":{"depth":30,"source":"DDM 2024 coarse contour","resolution":"0.005 degree sampled grid","scope":"denmark","tileSource":"contours-denmark-coarse.geojson"},"geometry":{"type":"LineString","coordinates":[[11.239999,56.161287],[11.24,56.161287],[11.244518,56.165],[11.24,56.169032]]}},{"type":"Feature","properties":{"depth":30,"source":"DDM 2024 coarse contour","resolution":"0.005 degree sampled grid","scope":"denmark","tileSource":"contours-denmark-coarse.geojson"},"geometry":{"type":"LineString","coordinates":[[11.27,56.171319],[11.255649,56.17],[11.265,56.16755],[11.27,56.171319]]}}]}